2025-10-06 17:28:47,727 [Worker-0: Loading available Gradle versions] INFO  o.e.b.c.i.u.g.PublishedGradleVersions - Gradle version information cache is not available. Remote download required.
2025-10-07 09:49:33,052 [Worker-5: Loading available Gradle versions] INFO  o.e.b.c.i.u.g.PublishedGradleVersions - Gradle version information cache is up-to-date. Trying to read.
2025-10-08 19:12:28,895 [Worker-6: Loading available Gradle versions] INFO  o.e.b.c.i.u.g.PublishedGradleVersions - Gradle version information cache is out-of-date. Trying to update.
2025-10-09 20:11:50,654 [Worker-2: Loading available Gradle versions] INFO  o.e.b.c.i.u.g.PublishedGradleVersions - Gradle version information cache is out-of-date. Trying to update.
2025-10-16 16:54:02,644 [Worker-5: Loading available Gradle versions] INFO  o.e.b.c.i.u.g.PublishedGradleVersions - Gradle version information cache is out-of-date. Trying to update.
2025-10-16 19:12:03,766 [Worker-5: Loading available Gradle versions] INFO  o.e.b.c.i.u.g.PublishedGradleVersions - Gradle version information cache is up-to-date. Trying to read.
2025-10-16 20:49:32,619 [Worker-23: Loading available Gradle versions] INFO  o.e.b.c.i.u.g.PublishedGradleVersions - Gradle version information cache is up-to-date. Trying to read.
2025-10-17 15:50:35,379 [Worker-6: Loading available Gradle versions] INFO  o.e.b.c.i.u.g.PublishedGradleVersions - Gradle version information cache is up-to-date. Trying to read.
2025-10-17 17:46:31,071 [Worker-5: Loading available Gradle versions] INFO  o.e.b.c.i.u.g.PublishedGradleVersions - Gradle version information cache is out-of-date. Trying to update.
2025-10-19 15:22:06,859 [Worker-15: Loading available Gradle versions] INFO  o.e.b.c.i.u.g.PublishedGradleVersions - Gradle version information cache is out-of-date. Trying to update.
2025-10-20 15:55:34,383 [Worker-7: Loading available Gradle versions] INFO  o.e.b.c.i.u.g.PublishedGradleVersions - Gradle version information cache is out-of-date. Trying to update.
2025-10-20 22:31:58,750 [Worker-5: Loading available Gradle versions] INFO  o.e.b.c.i.u.g.PublishedGradleVersions - Gradle version information cache is up-to-date. Trying to read.
2025-10-22 19:04:55,809 [Worker-5: Loading available Gradle versions] INFO  o.e.b.c.i.u.g.PublishedGradleVersions - Gradle version information cache is out-of-date. Trying to update.
2025-10-23 16:49:37,555 [Worker-4: Loading available Gradle versions] INFO  o.e.b.c.i.u.g.PublishedGradleVersions - Gradle version information cache is up-to-date. Trying to read.
2025-10-23 19:14:26,006 [Worker-0: Loading available Gradle versions] INFO  o.e.b.c.i.u.g.PublishedGradleVersions - Gradle version information cache is out-of-date. Trying to update.
2025-10-23 20:22:29,944 [Worker-1: Loading available Gradle versions] INFO  o.e.b.c.i.u.g.PublishedGradleVersions - Gradle version information cache is up-to-date. Trying to read.
2025-10-23 21:27:51,407 [Worker-0: Loading available Gradle versions] INFO  o.e.b.c.i.u.g.PublishedGradleVersions - Gradle version information cache is up-to-date. Trying to read.
2025-10-24 15:46:23,856 [Worker-3: Loading available Gradle versions] INFO  o.e.b.c.i.u.g.PublishedGradleVersions - Gradle version information cache is up-to-date. Trying to read.
2025-10-27 17:09:38,207 [Worker-2: Loading available Gradle versions] INFO  o.e.b.c.i.u.g.PublishedGradleVersions - Gradle version information cache is out-of-date. Trying to update.
2025-10-27 17:38:39,164 [Worker-6: Loading available Gradle versions] INFO  o.e.b.c.i.u.g.PublishedGradleVersions - Gradle version information cache is up-to-date. Trying to read.
2025-10-27 17:42:50,934 [Worker-7: Loading available Gradle versions] INFO  o.e.b.c.i.u.g.PublishedGradleVersions - Gradle version information cache is up-to-date. Trying to read.
2025-10-27 17:49:19,323 [Worker-1: Loading available Gradle versions] INFO  o.e.b.c.i.u.g.PublishedGradleVersions - Gradle version information cache is up-to-date. Trying to read.
2025-10-27 17:52:56,926 [Worker-7: Loading available Gradle versions] INFO  o.e.b.c.i.u.g.PublishedGradleVersions - Gradle version information cache is up-to-date. Trying to read.
2025-10-27 18:26:50,310 [Worker-14: Retrieving catalog resource] INFO  o.a.h.c.h.i.c.HttpRequestRetryExec - Recoverable I/O exception (org.apache.hc.core5.http.NoHttpResponseException) caught when processing request to {s}->[https://marketplace.eclipse.org:443]
2025-10-27 18:35:28,714 [Worker-22: Loading available Gradle versions] INFO  o.e.b.c.i.u.g.PublishedGradleVersions - Gradle version information cache is up-to-date. Trying to read.
2025-10-30 16:52:34,207 [Worker-0: Loading available Gradle versions] INFO  o.e.b.c.i.u.g.PublishedGradleVersions - Gradle version information cache is out-of-date. Trying to update.
2025-10-31 15:59:25,698 [Worker-4: Loading available Gradle versions] INFO  o.e.b.c.i.u.g.PublishedGradleVersions - Gradle version information cache is up-to-date. Trying to read.
2025-11-03 16:55:46,447 [Worker-5: Loading available Gradle versions] INFO  o.e.b.c.i.u.g.PublishedGradleVersions - Gradle version information cache is out-of-date. Trying to update.
2025-11-03 17:21:42,915 [Worker-2: Loading available Gradle versions] INFO  o.e.b.c.i.u.g.PublishedGradleVersions - Gradle version information cache is up-to-date. Trying to read.
2025-11-03 17:24:45,730 [Worker-1: Loading available Gradle versions] INFO  o.e.b.c.i.u.g.PublishedGradleVersions - Gradle version information cache is up-to-date. Trying to read.
2025-11-05 13:22:13,661 [Worker-9: Loading available Gradle versions] INFO  o.e.b.c.i.u.g.PublishedGradleVersions - Gradle version information cache is out-of-date. Trying to update.
2025-11-06 17:58:40,250 [Worker-5: Loading available Gradle versions] INFO  o.e.b.c.i.u.g.PublishedGradleVersions - Gradle version information cache is out-of-date. Trying to update.
2025-11-06 20:06:16,401 [Worker-8: Loading available Gradle versions] INFO  o.e.b.c.i.u.g.PublishedGradleVersions - Gradle version information cache is up-to-date. Trying to read.
2025-11-07 11:14:44,171 [Worker-7: Loading available Gradle versions] INFO  o.e.b.c.i.u.g.PublishedGradleVersions - Gradle version information cache is up-to-date. Trying to read.
2025-11-07 15:53:57,745 [Worker-2: Loading available Gradle versions] INFO  o.e.b.c.i.u.g.PublishedGradleVersions - Gradle version information cache is up-to-date. Trying to read.
2025-11-10 15:58:33,726 [Worker-5: Loading available Gradle versions] INFO  o.e.b.c.i.u.g.PublishedGradleVersions - Gradle version information cache is out-of-date. Trying to update.
2025-11-12 19:14:20,567 [Worker-6: Loading available Gradle versions] INFO  o.e.b.c.i.u.g.PublishedGradleVersions - Gradle version information cache is out-of-date. Trying to update.
2025-11-12 20:06:29,121 [Worker-1: Loading available Gradle versions] INFO  o.e.b.c.i.u.g.PublishedGradleVersions - Gradle version information cache is up-to-date. Trying to read.
2025-11-13 16:47:04,529 [Worker-7: Loading available Gradle versions] INFO  o.e.b.c.i.u.g.PublishedGradleVersions - Gradle version information cache is up-to-date. Trying to read.
2025-11-13 17:13:03,748 [Worker-5: Loading available Gradle versions] INFO  o.e.b.c.i.u.g.PublishedGradleVersions - Gradle version information cache is up-to-date. Trying to read.
2025-11-13 20:01:06,431 [Worker-2: Loading available Gradle versions] INFO  o.e.b.c.i.u.g.PublishedGradleVersions - Gradle version information cache is out-of-date. Trying to update.
2025-11-18 18:08:46,314 [Worker-4: Loading available Gradle versions] INFO  o.e.b.c.i.u.g.PublishedGradleVersions - Gradle version information cache is out-of-date. Trying to update.
2025-11-19 19:06:08,547 [Worker-8: Loading available Gradle versions] INFO  o.e.b.c.i.u.g.PublishedGradleVersions - Gradle version information cache is out-of-date. Trying to update.
2025-11-20 16:32:38,748 [Worker-8: Loading available Gradle versions] INFO  o.e.b.c.i.u.g.PublishedGradleVersions - Gradle version information cache is up-to-date. Trying to read.
2025-11-21 15:50:55,894 [Worker-5: Loading available Gradle versions] INFO  o.e.b.c.i.u.g.PublishedGradleVersions - Gradle version information cache is out-of-date. Trying to update.
2025-11-24 18:29:37,492 [Worker-5: Loading available Gradle versions] INFO  o.e.b.c.i.u.g.PublishedGradleVersions - Gradle version information cache is out-of-date. Trying to update.
2025-11-26 19:05:25,668 [Worker-5: Loading available Gradle versions] INFO  o.e.b.c.i.u.g.PublishedGradleVersions - Gradle version information cache is out-of-date. Trying to update.
2025-11-27 15:54:53,990 [Worker-2: Loading available Gradle versions] INFO  o.e.b.c.i.u.g.PublishedGradleVersions - Gradle version information cache is up-to-date. Trying to read.
2025-11-28 15:52:54,463 [Worker-2: Loading available Gradle versions] INFO  o.e.b.c.i.u.g.PublishedGradleVersions - Gradle version information cache is out-of-date. Trying to update.
2025-11-30 11:32:44,058 [Worker-1: Loading available Gradle versions] INFO  o.e.b.c.i.u.g.PublishedGradleVersions - Gradle version information cache is out-of-date. Trying to update.
2025-12-01 10:55:34,468 [Worker-7: Loading available Gradle versions] INFO  o.e.b.c.i.u.g.PublishedGradleVersions - Gradle version information cache is up-to-date. Trying to read.
2025-12-01 15:48:38,248 [Worker-7: Loading available Gradle versions] INFO  o.e.b.c.i.u.g.PublishedGradleVersions - Gradle version information cache is out-of-date. Trying to update.
2025-12-01 15:49:16,101 [Worker-1: Loading available Gradle versions] INFO  o.e.b.c.i.u.g.PublishedGradleVersions - Gradle version information cache is up-to-date. Trying to read.
2025-12-03 19:11:20,277 [Worker-5: Loading available Gradle versions] INFO  o.e.b.c.i.u.g.PublishedGradleVersions - Gradle version information cache is out-of-date. Trying to update.
2025-12-03 19:15:42,366 [Worker-5: Loading available Gradle versions] INFO  o.e.b.c.i.u.g.PublishedGradleVersions - Gradle version information cache is up-to-date. Trying to read.
2025-12-04 16:59:58,491 [Worker-1: Loading available Gradle versions] INFO  o.e.b.c.i.u.g.PublishedGradleVersions - Gradle version information cache is up-to-date. Trying to read.
2025-12-05 15:53:45,883 [Worker-1: Loading available Gradle versions] INFO  o.e.b.c.i.u.g.PublishedGradleVersions - Gradle version information cache is out-of-date. Trying to update.
2025-12-05 15:53:46,775 [Worker-1: Loading available Gradle versions] INFO  o.e.b.c.i.u.g.PublishedGradleVersions - Updating Gradle version information cache failed. Using outdated cache.
2025-12-05 20:22:15,802 [Worker-1: Loading available Gradle versions] INFO  o.e.b.c.i.u.g.PublishedGradleVersions - Gradle version information cache is out-of-date. Trying to update.
2025-12-10 17:14:48,048 [Worker-6: Loading available Gradle versions] INFO  o.e.b.c.i.u.g.PublishedGradleVersions - Gradle version information cache is out-of-date. Trying to update.
2025-12-11 10:12:09,809 [Worker-6: Loading available Gradle versions] INFO  o.e.b.c.i.u.g.PublishedGradleVersions - Gradle version information cache is up-to-date. Trying to read.
2025-12-11 12:46:14,552 [Worker-7: Loading available Gradle versions] INFO  o.e.b.c.i.u.g.PublishedGradleVersions - Gradle version information cache is up-to-date. Trying to read.
2025-12-11 16:00:16,534 [Worker-6: Loading available Gradle versions] INFO  o.e.b.c.i.u.g.PublishedGradleVersions - Gradle version information cache is up-to-date. Trying to read.
2025-12-12 16:01:21,135 [Worker-7: Loading available Gradle versions] INFO  o.e.b.c.i.u.g.PublishedGradleVersions - Gradle version information cache is out-of-date. Trying to update.
2026-01-08 20:29:27,856 [Worker-5: Loading available Gradle versions] INFO  o.e.b.c.i.u.g.PublishedGradleVersions - Gradle version information cache is out-of-date. Trying to update.
2026-01-09 15:51:52,878 [Worker-1: Loading available Gradle versions] INFO  o.e.b.c.i.u.g.PublishedGradleVersions - Gradle version information cache is up-to-date. Trying to read.
2026-01-12 16:54:19,767 [Worker-3: Loading available Gradle versions] INFO  o.e.b.c.i.u.g.PublishedGradleVersions - Gradle version information cache is out-of-date. Trying to update.
2026-01-13 12:06:33,474 [Worker-7: Loading available Gradle versions] INFO  o.e.b.c.i.u.g.PublishedGradleVersions - Gradle version information cache is up-to-date. Trying to read.
2026-01-14 19:13:45,201 [Worker-5: Loading available Gradle versions] INFO  o.e.b.c.i.u.g.PublishedGradleVersions - Gradle version information cache is out-of-date. Trying to update.
2026-01-16 15:57:30,415 [Worker-3: Loading available Gradle versions] INFO  o.e.b.c.i.u.g.PublishedGradleVersions - Gradle version information cache is out-of-date. Trying to update.
2026-01-19 16:18:21,664 [Worker-8: Loading available Gradle versions] INFO  o.e.b.c.i.u.g.PublishedGradleVersions - Gradle version information cache is out-of-date. Trying to update.
2026-01-20 11:43:54,384 [Worker-6: Loading available Gradle versions] INFO  o.e.b.c.i.u.g.PublishedGradleVersions - Gradle version information cache is up-to-date. Trying to read.
2026-01-21 19:07:34,252 [Worker-4: Loading available Gradle versions] INFO  o.e.b.c.i.u.g.PublishedGradleVersions - Gradle version information cache is out-of-date. Trying to update.
2026-01-21 19:20:00,071 [Worker-2: Loading available Gradle versions] INFO  o.e.b.c.i.u.g.PublishedGradleVersions - Gradle version information cache is up-to-date. Trying to read.
2026-01-22 12:12:22,397 [Worker-1: Loading available Gradle versions] INFO  o.e.b.c.i.u.g.PublishedGradleVersions - Gradle version information cache is up-to-date. Trying to read.
2026-01-22 16:56:41,452 [Worker-1: Loading available Gradle versions] INFO  o.e.b.c.i.u.g.PublishedGradleVersions - Gradle version information cache is up-to-date. Trying to read.
2026-01-23 16:06:48,806 [Worker-6: Loading available Gradle versions] INFO  o.e.b.c.i.u.g.PublishedGradleVersions - Gradle version information cache is out-of-date. Trying to update.
2026-01-26 17:37:30,870 [Worker-8: Loading available Gradle versions] INFO  o.e.b.c.i.u.g.PublishedGradleVersions - Gradle version information cache is out-of-date. Trying to update.
2026-01-28 16:48:45,160 [Worker-5: Loading available Gradle versions] INFO  o.e.b.c.i.u.g.PublishedGradleVersions - Gradle version information cache is out-of-date. Trying to update.
2026-01-29 17:05:13,139 [Worker-7: Loading available Gradle versions] INFO  o.e.b.c.i.u.g.PublishedGradleVersions - Gradle version information cache is out-of-date. Trying to update.
2026-01-30 10:50:13,010 [Worker-6: Loading available Gradle versions] INFO  o.e.b.c.i.u.g.PublishedGradleVersions - Gradle version information cache is up-to-date. Trying to read.
2026-01-30 11:13:24,018 [Worker-9: Loading available Gradle versions] INFO  o.e.b.c.i.u.g.PublishedGradleVersions - Gradle version information cache is up-to-date. Trying to read.
2026-01-30 11:26:35,253 [Worker-1: Loading available Gradle versions] INFO  o.e.b.c.i.u.g.PublishedGradleVersions - Gradle version information cache is up-to-date. Trying to read.
2026-01-30 15:54:07,252 [Worker-5: Loading available Gradle versions] INFO  o.e.b.c.i.u.g.PublishedGradleVersions - Gradle version information cache is up-to-date. Trying to read.
2026-02-02 15:56:21,776 [Worker-6: Loading available Gradle versions] INFO  o.e.b.c.i.u.g.PublishedGradleVersions - Gradle version information cache is out-of-date. Trying to update.
2026-02-09 15:58:44,292 [Worker-3: Loading available Gradle versions] INFO  o.e.b.c.i.u.g.PublishedGradleVersions - Gradle version information cache is out-of-date. Trying to update.
2026-02-10 10:25:02,369 [Worker-5: Loading available Gradle versions] INFO  o.e.b.c.i.u.g.PublishedGradleVersions - Gradle version information cache is up-to-date. Trying to read.
2026-02-10 10:32:56,774 [Worker-4: Loading available Gradle versions] INFO  o.e.b.c.i.u.g.PublishedGradleVersions - Gradle version information cache is up-to-date. Trying to read.
2026-02-11 09:14:21,278 [Worker-5: Loading available Gradle versions] INFO  o.e.b.c.i.u.g.PublishedGradleVersions - Gradle version information cache is out-of-date. Trying to update.
2026-02-11 09:45:02,524 [main] ERROR o.e.m.j.u.i.DownloadSourcesActionDelegate - Could not schedule source download
org.eclipse.jdt.core.JavaModelException: ProyectoConstruccion [in Practica_5] is not on its project's build path
	at org.eclipse.jdt.internal.core.JavaElement.newJavaModelException(JavaElement.java:558)
	at org.eclipse.jdt.internal.core.Openable.generateInfos(Openable.java:238)
	at org.eclipse.jdt.internal.core.JavaElement.openWhenClosed(JavaElement.java:571)
	at org.eclipse.jdt.internal.core.JavaElement.getElementInfo(JavaElement.java:294)
	at org.eclipse.jdt.internal.core.JavaElement.getElementInfo(JavaElement.java:280)
	at org.eclipse.jdt.internal.core.PackageFragmentRoot.getKind(PackageFragmentRoot.java:539)
	at org.eclipse.jdt.internal.core.PackageFragmentRoot.getSourceAttachmentPath(PackageFragmentRoot.java:662)
	at org.eclipse.m2e.jdt.ui.internal.DownloadSourcesActionDelegate.setActiveEditor(DownloadSourcesActionDelegate.java:50)
	at org.eclipse.ui.internal.EditorPluginAction.editorChanged(EditorPluginAction.java:69)
	at org.eclipse.ui.internal.EditorActionBuilder$EditorContribution.editorChanged(EditorActionBuilder.java:77)
	at org.eclipse.ui.internal.EditorActionBuilder$ExternalContributor.setActiveEditor(EditorActionBuilder.java:123)
	at org.eclipse.ui.internal.EditorActionBars.partChanged(EditorActionBars.java:338)
	at org.eclipse.ui.internal.WorkbenchPage.updateActivations(WorkbenchPage.java:325)
	at org.eclipse.ui.internal.WorkbenchPage$E4PartListener.partActivated(WorkbenchPage.java:214)
	at org.eclipse.e4.ui.internal.workbench.PartServiceImpl$2.run(PartServiceImpl.java:250)
	at org.eclipse.core.runtime.SafeRunner.run(SafeRunner.java:47)
	at org.eclipse.e4.ui.internal.workbench.PartServiceImpl.firePartActivated(PartServiceImpl.java:247)
	at org.eclipse.e4.ui.internal.workbench.PartServiceImpl.activate(PartServiceImpl.java:780)
	at org.eclipse.e4.ui.internal.workbench.PartServiceImpl.activate(PartServiceImpl.java:686)
	at org.eclipse.e4.ui.internal.workbench.PartServiceImpl.activate(PartServiceImpl.java:681)
	at org.eclipse.ui.internal.WorkbenchPage.busyOpenEditor(WorkbenchPage.java:3236)
	at org.eclipse.ui.internal.WorkbenchPage.lambda$11(WorkbenchPage.java:3118)
	at org.eclipse.swt.custom.BusyIndicator.showWhile(BusyIndicator.java:67)
	at org.eclipse.ui.internal.WorkbenchPage.openEditor(WorkbenchPage.java:3116)
	at org.eclipse.ui.internal.WorkbenchPage.openEditor(WorkbenchPage.java:3086)
	at org.eclipse.ui.internal.WorkbenchPage.openEditor(WorkbenchPage.java:3077)
	at org.eclipse.jdt.internal.ui.javaeditor.EditorUtility.openInEditor(EditorUtility.java:390)
	at org.eclipse.jdt.internal.ui.javaeditor.EditorUtility.openInSpecificEditor(EditorUtility.java:191)
	at org.eclipse.jdt.internal.ui.javaeditor.EditorUtility.openInEditor(EditorUtility.java:169)
	at org.eclipse.jdt.ui.actions.OpenAction.run(OpenAction.java:288)
	at org.eclipse.jdt.ui.actions.OpenAction.run(OpenAction.java:254)
	at org.eclipse.jdt.ui.actions.SelectionDispatchAction.dispatchRun(SelectionDispatchAction.java:274)
	at org.eclipse.jdt.ui.actions.SelectionDispatchAction.run(SelectionDispatchAction.java:252)
	at org.eclipse.jdt.internal.ui.packageview.PackageExplorerActionGroup.handleOpen(PackageExplorerActionGroup.java:366)
	at org.eclipse.jdt.internal.ui.packageview.PackageExplorerPart$3.open(PackageExplorerPart.java:545)
	at org.eclipse.ui.OpenAndLinkWithEditorHelper$InternalListener.open(OpenAndLinkWithEditorHelper.java:48)
	at org.eclipse.jface.viewers.StructuredViewer$2.run(StructuredViewer.java:798)
	at org.eclipse.core.runtime.SafeRunner.run(SafeRunner.java:47)
	at org.eclipse.jface.util.SafeRunnable.run(SafeRunnable.java:167)
	at org.eclipse.jface.viewers.StructuredViewer.fireOpen(StructuredViewer.java:795)
	at org.eclipse.jface.viewers.StructuredViewer.handleOpen(StructuredViewer.java:1109)
	at org.eclipse.jface.util.OpenStrategy.fireOpenEvent(OpenStrategy.java:295)
	at org.eclipse.jface.util.OpenStrategy$1.handleEvent(OpenStrategy.java:330)
	at org.eclipse.swt.widgets.EventTable.sendEvent(EventTable.java:91)
	at org.eclipse.swt.widgets.Display.sendEvent(Display.java:4362)
	at org.eclipse.swt.widgets.Widget.sendEvent(Widget.java:1214)
	at org.eclipse.swt.widgets.Display.runDeferredEvents(Display.java:4160)
	at org.eclipse.swt.widgets.Display.readAndDispatch(Display.java:3748)
	at org.eclipse.e4.ui.internal.workbench.swt.PartRenderingEngine$5.run(PartRenderingEngine.java:1151)
	at org.eclipse.core.databinding.observable.Realm.runWithDefault(Realm.java:339)
	at org.eclipse.e4.ui.internal.workbench.swt.PartRenderingEngine.run(PartRenderingEngine.java:1042)
	at org.eclipse.e4.ui.internal.workbench.E4Workbench.createAndRunUI(E4Workbench.java:153)
	at org.eclipse.ui.internal.Workbench.lambda$3(Workbench.java:678)
	at org.eclipse.core.databinding.observable.Realm.runWithDefault(Realm.java:339)
	at org.eclipse.ui.internal.Workbench.createAndRunWorkbench(Workbench.java:583)
	at org.eclipse.ui.PlatformUI.createAndRunWorkbench(PlatformUI.java:173)
	at org.eclipse.ui.internal.ide.application.IDEApplication.start(IDEApplication.java:185)
	at org.eclipse.equinox.internal.app.EclipseAppHandle.run(EclipseAppHandle.java:219)
	at org.eclipse.core.runtime.internal.adaptor.EclipseAppLauncher.runApplication(EclipseAppLauncher.java:149)
	at org.eclipse.core.runtime.internal.adaptor.EclipseAppLauncher.start(EclipseAppLauncher.java:115)
	at org.eclipse.core.runtime.adaptor.EclipseStarter.run(EclipseStarter.java:467)
	at org.eclipse.core.runtime.adaptor.EclipseStarter.run(EclipseStarter.java:298)
	at java.base/jdk.internal.reflect.DirectMethodHandleAccessor.invoke(DirectMethodHandleAccessor.java:103)
	at java.base/java.lang.reflect.Method.invoke(Method.java:580)
	at org.eclipse.equinox.launcher.Main.invokeFramework(Main.java:627)
	at org.eclipse.equinox.launcher.Main.basicRun(Main.java:575)
	at org.eclipse.equinox.launcher.Main.run(Main.java:1431)
2026-02-11 09:45:05,340 [main] ERROR o.e.m.j.u.i.DownloadSourcesActionDelegate - Could not schedule source download
org.eclipse.jdt.core.JavaModelException: ProyectoConstruccion [in Practica_5] is not on its project's build path
	at org.eclipse.jdt.internal.core.JavaElement.newJavaModelException(JavaElement.java:558)
	at org.eclipse.jdt.internal.core.Openable.generateInfos(Openable.java:238)
	at org.eclipse.jdt.internal.core.JavaElement.openWhenClosed(JavaElement.java:571)
	at org.eclipse.jdt.internal.core.JavaElement.getElementInfo(JavaElement.java:294)
	at org.eclipse.jdt.internal.core.JavaElement.getElementInfo(JavaElement.java:280)
	at org.eclipse.jdt.internal.core.PackageFragmentRoot.getKind(PackageFragmentRoot.java:539)
	at org.eclipse.jdt.internal.core.PackageFragmentRoot.getSourceAttachmentPath(PackageFragmentRoot.java:662)
	at org.eclipse.m2e.jdt.ui.internal.DownloadSourcesActionDelegate.setActiveEditor(DownloadSourcesActionDelegate.java:50)
	at org.eclipse.ui.internal.EditorPluginAction.editorChanged(EditorPluginAction.java:69)
	at org.eclipse.ui.internal.EditorActionBuilder$EditorContribution.editorChanged(EditorActionBuilder.java:77)
	at org.eclipse.ui.internal.EditorActionBuilder$ExternalContributor.setActiveEditor(EditorActionBuilder.java:123)
	at org.eclipse.ui.internal.EditorActionBars.partChanged(EditorActionBars.java:338)
	at org.eclipse.ui.internal.WorkbenchPage.updateActivations(WorkbenchPage.java:325)
	at org.eclipse.ui.internal.WorkbenchPage$E4PartListener.partActivated(WorkbenchPage.java:214)
	at org.eclipse.e4.ui.internal.workbench.PartServiceImpl$2.run(PartServiceImpl.java:250)
	at org.eclipse.core.runtime.SafeRunner.run(SafeRunner.java:47)
	at org.eclipse.e4.ui.internal.workbench.PartServiceImpl.firePartActivated(PartServiceImpl.java:247)
	at org.eclipse.e4.ui.internal.workbench.PartServiceImpl.activate(PartServiceImpl.java:780)
	at org.eclipse.e4.ui.internal.workbench.PartServiceImpl.activate(PartServiceImpl.java:686)
	at org.eclipse.e4.ui.internal.workbench.swt.AbstractPartRenderer.activate(AbstractPartRenderer.java:95)
	at org.eclipse.e4.ui.workbench.renderers.swt.StackRenderer.lambda$27(StackRenderer.java:1165)
	at org.eclipse.swt.widgets.EventTable.sendEvent(EventTable.java:91)
	at org.eclipse.swt.widgets.Display.sendEvent(Display.java:4362)
	at org.eclipse.swt.widgets.Widget.sendEvent(Widget.java:1214)
	at org.eclipse.swt.widgets.Widget.sendEvent(Widget.java:1238)
	at org.eclipse.swt.widgets.Widget.sendEvent(Widget.java:1223)
	at org.eclipse.swt.widgets.Shell.setActiveControl(Shell.java:1525)
	at org.eclipse.swt.widgets.Shell.WM_MOUSEACTIVATE(Shell.java:2534)
	at org.eclipse.swt.widgets.Control.windowProc(Control.java:4829)
	at org.eclipse.swt.widgets.Canvas.windowProc(Canvas.java:336)
	at org.eclipse.swt.widgets.Decorations.windowProc(Decorations.java:1494)
	at org.eclipse.swt.widgets.Shell.windowProc(Shell.java:2378)
	at org.eclipse.swt.widgets.Display.windowProc(Display.java:5130)
	at org.eclipse.swt.internal.win32.OS.DefWindowProc(Native Method)
	at org.eclipse.swt.widgets.Scrollable.callWindowProc(Scrollable.java:91)
	at org.eclipse.swt.widgets.Control.windowProc(Control.java:4887)
	at org.eclipse.swt.widgets.Display.windowProc(Display.java:5130)
	at org.eclipse.swt.internal.win32.OS.DefWindowProc(Native Method)
	at org.eclipse.swt.widgets.Scrollable.callWindowProc(Scrollable.java:91)
	at org.eclipse.swt.widgets.Control.windowProc(Control.java:4887)
	at org.eclipse.swt.widgets.Display.windowProc(Display.java:5130)
	at org.eclipse.swt.internal.win32.OS.DefWindowProc(Native Method)
	at org.eclipse.swt.widgets.Scrollable.callWindowProc(Scrollable.java:91)
	at org.eclipse.swt.widgets.Control.windowProc(Control.java:4887)
	at org.eclipse.swt.widgets.Display.windowProc(Display.java:5130)
	at org.eclipse.swt.internal.win32.OS.DefWindowProc(Native Method)
	at org.eclipse.swt.widgets.Scrollable.callWindowProc(Scrollable.java:91)
	at org.eclipse.swt.widgets.Control.windowProc(Control.java:4887)
	at org.eclipse.swt.widgets.Display.windowProc(Display.java:5130)
	at org.eclipse.swt.internal.win32.OS.DefWindowProc(Native Method)
	at org.eclipse.swt.widgets.Scrollable.callWindowProc(Scrollable.java:91)
	at org.eclipse.swt.widgets.Control.windowProc(Control.java:4887)
	at org.eclipse.swt.widgets.Display.windowProc(Display.java:5130)
	at org.eclipse.swt.internal.win32.OS.DefWindowProc(Native Method)
	at org.eclipse.swt.widgets.Scrollable.callWindowProc(Scrollable.java:91)
	at org.eclipse.swt.widgets.Control.windowProc(Control.java:4887)
	at org.eclipse.swt.widgets.Display.windowProc(Display.java:5130)
	at org.eclipse.swt.internal.win32.OS.DefWindowProc(Native Method)
	at org.eclipse.swt.widgets.Scrollable.callWindowProc(Scrollable.java:91)
	at org.eclipse.swt.widgets.Control.windowProc(Control.java:4887)
	at org.eclipse.swt.widgets.Display.windowProc(Display.java:5130)
	at org.eclipse.swt.internal.win32.OS.DefWindowProc(Native Method)
	at org.eclipse.swt.widgets.Scrollable.callWindowProc(Scrollable.java:91)
	at org.eclipse.swt.widgets.Control.windowProc(Control.java:4887)
	at org.eclipse.swt.widgets.Display.windowProc(Display.java:5130)
	at org.eclipse.swt.internal.win32.OS.PeekMessage(Native Method)
	at org.eclipse.swt.widgets.Display.readAndDispatch(Display.java:3743)
	at org.eclipse.e4.ui.internal.workbench.swt.PartRenderingEngine$5.run(PartRenderingEngine.java:1151)
	at org.eclipse.core.databinding.observable.Realm.runWithDefault(Realm.java:339)
	at org.eclipse.e4.ui.internal.workbench.swt.PartRenderingEngine.run(PartRenderingEngine.java:1042)
	at org.eclipse.e4.ui.internal.workbench.E4Workbench.createAndRunUI(E4Workbench.java:153)
	at org.eclipse.ui.internal.Workbench.lambda$3(Workbench.java:678)
	at org.eclipse.core.databinding.observable.Realm.runWithDefault(Realm.java:339)
	at org.eclipse.ui.internal.Workbench.createAndRunWorkbench(Workbench.java:583)
	at org.eclipse.ui.PlatformUI.createAndRunWorkbench(PlatformUI.java:173)
	at org.eclipse.ui.internal.ide.application.IDEApplication.start(IDEApplication.java:185)
	at org.eclipse.equinox.internal.app.EclipseAppHandle.run(EclipseAppHandle.java:219)
	at org.eclipse.core.runtime.internal.adaptor.EclipseAppLauncher.runApplication(EclipseAppLauncher.java:149)
	at org.eclipse.core.runtime.internal.adaptor.EclipseAppLauncher.start(EclipseAppLauncher.java:115)
	at org.eclipse.core.runtime.adaptor.EclipseStarter.run(EclipseStarter.java:467)
	at org.eclipse.core.runtime.adaptor.EclipseStarter.run(EclipseStarter.java:298)
	at java.base/jdk.internal.reflect.DirectMethodHandleAccessor.invoke(DirectMethodHandleAccessor.java:103)
	at java.base/java.lang.reflect.Method.invoke(Method.java:580)
	at org.eclipse.equinox.launcher.Main.invokeFramework(Main.java:627)
	at org.eclipse.equinox.launcher.Main.basicRun(Main.java:575)
	at org.eclipse.equinox.launcher.Main.run(Main.java:1431)
2026-02-11 09:47:19,882 [main] ERROR o.e.m.j.u.i.DownloadSourcesActionDelegate - Could not schedule source download
org.eclipse.jdt.core.JavaModelException: ProyectoConstruccion [in Practica_5] is not on its project's build path
	at org.eclipse.jdt.internal.core.JavaElement.newJavaModelException(JavaElement.java:558)
	at org.eclipse.jdt.internal.core.Openable.generateInfos(Openable.java:238)
	at org.eclipse.jdt.internal.core.JavaElement.openWhenClosed(JavaElement.java:571)
	at org.eclipse.jdt.internal.core.JavaElement.getElementInfo(JavaElement.java:294)
	at org.eclipse.jdt.internal.core.JavaElement.getElementInfo(JavaElement.java:280)
	at org.eclipse.jdt.internal.core.PackageFragmentRoot.getKind(PackageFragmentRoot.java:539)
	at org.eclipse.jdt.internal.core.PackageFragmentRoot.getSourceAttachmentPath(PackageFragmentRoot.java:662)
	at org.eclipse.m2e.jdt.ui.internal.DownloadSourcesActionDelegate.setActiveEditor(DownloadSourcesActionDelegate.java:50)
	at org.eclipse.ui.internal.EditorPluginAction.editorChanged(EditorPluginAction.java:69)
	at org.eclipse.ui.internal.EditorActionBuilder$EditorContribution.editorChanged(EditorActionBuilder.java:77)
	at org.eclipse.ui.internal.EditorActionBuilder$ExternalContributor.setActiveEditor(EditorActionBuilder.java:123)
	at org.eclipse.ui.internal.EditorActionBars.partChanged(EditorActionBars.java:338)
	at org.eclipse.ui.internal.WorkbenchPage.updateActivations(WorkbenchPage.java:325)
	at org.eclipse.ui.internal.WorkbenchPage$E4PartListener.partActivated(WorkbenchPage.java:214)
	at org.eclipse.e4.ui.internal.workbench.PartServiceImpl$2.run(PartServiceImpl.java:250)
	at org.eclipse.core.runtime.SafeRunner.run(SafeRunner.java:47)
	at org.eclipse.e4.ui.internal.workbench.PartServiceImpl.firePartActivated(PartServiceImpl.java:247)
	at org.eclipse.e4.ui.internal.workbench.PartServiceImpl.activate(PartServiceImpl.java:780)
	at org.eclipse.e4.ui.internal.workbench.PartServiceImpl.activate(PartServiceImpl.java:686)
	at org.eclipse.e4.ui.internal.workbench.PartServiceImpl.activate(PartServiceImpl.java:681)
	at org.eclipse.ui.internal.WorkbenchPage.busyOpenEditor(WorkbenchPage.java:3236)
	at org.eclipse.ui.internal.WorkbenchPage.lambda$11(WorkbenchPage.java:3118)
	at org.eclipse.swt.custom.BusyIndicator.showWhile(BusyIndicator.java:67)
	at org.eclipse.ui.internal.WorkbenchPage.openEditor(WorkbenchPage.java:3116)
	at org.eclipse.ui.internal.WorkbenchPage.openEditor(WorkbenchPage.java:3086)
	at org.eclipse.ui.internal.WorkbenchPage.openEditor(WorkbenchPage.java:3077)
	at org.eclipse.jdt.internal.ui.javaeditor.EditorUtility.openInEditor(EditorUtility.java:390)
	at org.eclipse.jdt.internal.ui.javaeditor.EditorUtility.openInSpecificEditor(EditorUtility.java:191)
	at org.eclipse.jdt.internal.ui.javaeditor.EditorUtility.openInEditor(EditorUtility.java:169)
	at org.eclipse.jdt.ui.actions.OpenAction.run(OpenAction.java:288)
	at org.eclipse.jdt.ui.actions.OpenAction.run(OpenAction.java:254)
	at org.eclipse.jdt.ui.actions.SelectionDispatchAction.dispatchRun(SelectionDispatchAction.java:274)
	at org.eclipse.jdt.ui.actions.SelectionDispatchAction.run(SelectionDispatchAction.java:252)
	at org.eclipse.jdt.internal.ui.packageview.PackageExplorerActionGroup.handleOpen(PackageExplorerActionGroup.java:366)
	at org.eclipse.jdt.internal.ui.packageview.PackageExplorerPart$3.open(PackageExplorerPart.java:545)
	at org.eclipse.ui.OpenAndLinkWithEditorHelper$InternalListener.open(OpenAndLinkWithEditorHelper.java:48)
	at org.eclipse.jface.viewers.StructuredViewer$2.run(StructuredViewer.java:798)
	at org.eclipse.core.runtime.SafeRunner.run(SafeRunner.java:47)
	at org.eclipse.jface.util.SafeRunnable.run(SafeRunnable.java:167)
	at org.eclipse.jface.viewers.StructuredViewer.fireOpen(StructuredViewer.java:795)
	at org.eclipse.jface.viewers.StructuredViewer.handleOpen(StructuredViewer.java:1109)
	at org.eclipse.jface.util.OpenStrategy.fireOpenEvent(OpenStrategy.java:295)
	at org.eclipse.jface.util.OpenStrategy$1.handleEvent(OpenStrategy.java:330)
	at org.eclipse.swt.widgets.EventTable.sendEvent(EventTable.java:91)
	at org.eclipse.swt.widgets.Display.sendEvent(Display.java:4362)
	at org.eclipse.swt.widgets.Widget.sendEvent(Widget.java:1214)
	at org.eclipse.swt.widgets.Display.runDeferredEvents(Display.java:4160)
	at org.eclipse.swt.widgets.Display.readAndDispatch(Display.java:3748)
	at org.eclipse.e4.ui.internal.workbench.swt.PartRenderingEngine$5.run(PartRenderingEngine.java:1151)
	at org.eclipse.core.databinding.observable.Realm.runWithDefault(Realm.java:339)
	at org.eclipse.e4.ui.internal.workbench.swt.PartRenderingEngine.run(PartRenderingEngine.java:1042)
	at org.eclipse.e4.ui.internal.workbench.E4Workbench.createAndRunUI(E4Workbench.java:153)
	at org.eclipse.ui.internal.Workbench.lambda$3(Workbench.java:678)
	at org.eclipse.core.databinding.observable.Realm.runWithDefault(Realm.java:339)
	at org.eclipse.ui.internal.Workbench.createAndRunWorkbench(Workbench.java:583)
	at org.eclipse.ui.PlatformUI.createAndRunWorkbench(PlatformUI.java:173)
	at org.eclipse.ui.internal.ide.application.IDEApplication.start(IDEApplication.java:185)
	at org.eclipse.equinox.internal.app.EclipseAppHandle.run(EclipseAppHandle.java:219)
	at org.eclipse.core.runtime.internal.adaptor.EclipseAppLauncher.runApplication(EclipseAppLauncher.java:149)
	at org.eclipse.core.runtime.internal.adaptor.EclipseAppLauncher.start(EclipseAppLauncher.java:115)
	at org.eclipse.core.runtime.adaptor.EclipseStarter.run(EclipseStarter.java:467)
	at org.eclipse.core.runtime.adaptor.EclipseStarter.run(EclipseStarter.java:298)
	at java.base/jdk.internal.reflect.DirectMethodHandleAccessor.invoke(DirectMethodHandleAccessor.java:103)
	at java.base/java.lang.reflect.Method.invoke(Method.java:580)
	at org.eclipse.equinox.launcher.Main.invokeFramework(Main.java:627)
	at org.eclipse.equinox.launcher.Main.basicRun(Main.java:575)
	at org.eclipse.equinox.launcher.Main.run(Main.java:1431)
2026-02-11 09:47:38,434 [main] ERROR o.e.m.j.u.i.DownloadSourcesActionDelegate - Could not schedule source download
org.eclipse.jdt.core.JavaModelException: ProyectoConstruccion [in Practica_5] is not on its project's build path
	at org.eclipse.jdt.internal.core.JavaElement.newJavaModelException(JavaElement.java:558)
	at org.eclipse.jdt.internal.core.Openable.generateInfos(Openable.java:238)
	at org.eclipse.jdt.internal.core.JavaElement.openWhenClosed(JavaElement.java:571)
	at org.eclipse.jdt.internal.core.JavaElement.getElementInfo(JavaElement.java:294)
	at org.eclipse.jdt.internal.core.JavaElement.getElementInfo(JavaElement.java:280)
	at org.eclipse.jdt.internal.core.PackageFragmentRoot.getKind(PackageFragmentRoot.java:539)
	at org.eclipse.jdt.internal.core.PackageFragmentRoot.getSourceAttachmentPath(PackageFragmentRoot.java:662)
	at org.eclipse.m2e.jdt.ui.internal.DownloadSourcesActionDelegate.setActiveEditor(DownloadSourcesActionDelegate.java:50)
	at org.eclipse.ui.internal.EditorPluginAction.editorChanged(EditorPluginAction.java:69)
	at org.eclipse.ui.internal.EditorActionBuilder$EditorContribution.editorChanged(EditorActionBuilder.java:77)
	at org.eclipse.ui.internal.EditorActionBuilder$ExternalContributor.setActiveEditor(EditorActionBuilder.java:123)
	at org.eclipse.ui.internal.EditorActionBars.partChanged(EditorActionBars.java:338)
	at org.eclipse.ui.internal.WorkbenchPage.updateActivations(WorkbenchPage.java:325)
	at org.eclipse.ui.internal.WorkbenchPage$E4PartListener.partActivated(WorkbenchPage.java:214)
	at org.eclipse.e4.ui.internal.workbench.PartServiceImpl$2.run(PartServiceImpl.java:250)
	at org.eclipse.core.runtime.SafeRunner.run(SafeRunner.java:47)
	at org.eclipse.e4.ui.internal.workbench.PartServiceImpl.firePartActivated(PartServiceImpl.java:247)
	at org.eclipse.e4.ui.internal.workbench.PartServiceImpl.activate(PartServiceImpl.java:780)
	at org.eclipse.e4.ui.internal.workbench.PartServiceImpl.activate(PartServiceImpl.java:686)
	at org.eclipse.e4.ui.internal.workbench.PartServiceImpl.activate(PartServiceImpl.java:681)
	at org.eclipse.ui.internal.WorkbenchPage.busyOpenEditor(WorkbenchPage.java:3236)
	at org.eclipse.ui.internal.WorkbenchPage.lambda$11(WorkbenchPage.java:3118)
	at org.eclipse.swt.custom.BusyIndicator.showWhile(BusyIndicator.java:67)
	at org.eclipse.ui.internal.WorkbenchPage.openEditor(WorkbenchPage.java:3116)
	at org.eclipse.ui.internal.WorkbenchPage.openEditor(WorkbenchPage.java:3086)
	at org.eclipse.ui.internal.WorkbenchPage.openEditor(WorkbenchPage.java:3077)
	at org.eclipse.jdt.internal.ui.javaeditor.EditorUtility.openInEditor(EditorUtility.java:390)
	at org.eclipse.jdt.internal.ui.javaeditor.EditorUtility.openInSpecificEditor(EditorUtility.java:191)
	at org.eclipse.jdt.internal.ui.javaeditor.EditorUtility.openInEditor(EditorUtility.java:169)
	at org.eclipse.jdt.ui.actions.OpenAction.run(OpenAction.java:288)
	at org.eclipse.jdt.ui.actions.OpenAction.run(OpenAction.java:254)
	at org.eclipse.jdt.ui.actions.SelectionDispatchAction.dispatchRun(SelectionDispatchAction.java:274)
	at org.eclipse.jdt.ui.actions.SelectionDispatchAction.run(SelectionDispatchAction.java:252)
	at org.eclipse.jdt.internal.ui.packageview.PackageExplorerActionGroup.handleOpen(PackageExplorerActionGroup.java:366)
	at org.eclipse.jdt.internal.ui.packageview.PackageExplorerPart$3.open(PackageExplorerPart.java:545)
	at org.eclipse.ui.OpenAndLinkWithEditorHelper$InternalListener.open(OpenAndLinkWithEditorHelper.java:48)
	at org.eclipse.jface.viewers.StructuredViewer$2.run(StructuredViewer.java:798)
	at org.eclipse.core.runtime.SafeRunner.run(SafeRunner.java:47)
	at org.eclipse.jface.util.SafeRunnable.run(SafeRunnable.java:167)
	at org.eclipse.jface.viewers.StructuredViewer.fireOpen(StructuredViewer.java:795)
	at org.eclipse.jface.viewers.StructuredViewer.handleOpen(StructuredViewer.java:1109)
	at org.eclipse.jface.util.OpenStrategy.fireOpenEvent(OpenStrategy.java:295)
	at org.eclipse.jface.util.OpenStrategy$1.handleEvent(OpenStrategy.java:330)
	at org.eclipse.swt.widgets.EventTable.sendEvent(EventTable.java:91)
	at org.eclipse.swt.widgets.Display.sendEvent(Display.java:4362)
	at org.eclipse.swt.widgets.Widget.sendEvent(Widget.java:1214)
	at org.eclipse.swt.widgets.Display.runDeferredEvents(Display.java:4160)
	at org.eclipse.swt.widgets.Display.readAndDispatch(Display.java:3748)
	at org.eclipse.e4.ui.internal.workbench.swt.PartRenderingEngine$5.run(PartRenderingEngine.java:1151)
	at org.eclipse.core.databinding.observable.Realm.runWithDefault(Realm.java:339)
	at org.eclipse.e4.ui.internal.workbench.swt.PartRenderingEngine.run(PartRenderingEngine.java:1042)
	at org.eclipse.e4.ui.internal.workbench.E4Workbench.createAndRunUI(E4Workbench.java:153)
	at org.eclipse.ui.internal.Workbench.lambda$3(Workbench.java:678)
	at org.eclipse.core.databinding.observable.Realm.runWithDefault(Realm.java:339)
	at org.eclipse.ui.internal.Workbench.createAndRunWorkbench(Workbench.java:583)
	at org.eclipse.ui.PlatformUI.createAndRunWorkbench(PlatformUI.java:173)
	at org.eclipse.ui.internal.ide.application.IDEApplication.start(IDEApplication.java:185)
	at org.eclipse.equinox.internal.app.EclipseAppHandle.run(EclipseAppHandle.java:219)
	at org.eclipse.core.runtime.internal.adaptor.EclipseAppLauncher.runApplication(EclipseAppLauncher.java:149)
	at org.eclipse.core.runtime.internal.adaptor.EclipseAppLauncher.start(EclipseAppLauncher.java:115)
	at org.eclipse.core.runtime.adaptor.EclipseStarter.run(EclipseStarter.java:467)
	at org.eclipse.core.runtime.adaptor.EclipseStarter.run(EclipseStarter.java:298)
	at java.base/jdk.internal.reflect.DirectMethodHandleAccessor.invoke(DirectMethodHandleAccessor.java:103)
	at java.base/java.lang.reflect.Method.invoke(Method.java:580)
	at org.eclipse.equinox.launcher.Main.invokeFramework(Main.java:627)
	at org.eclipse.equinox.launcher.Main.basicRun(Main.java:575)
	at org.eclipse.equinox.launcher.Main.run(Main.java:1431)
2026-02-11 12:00:38,276 [Worker-8: Loading available Gradle versions] INFO  o.e.b.c.i.u.g.PublishedGradleVersions - Gradle version information cache is up-to-date. Trying to read.
2026-02-11 19:06:19,894 [Worker-2: Loading available Gradle versions] INFO  o.e.b.c.i.u.g.PublishedGradleVersions - Gradle version information cache is up-to-date. Trying to read.
2026-02-11 19:09:16,764 [Worker-2: Loading available Gradle versions] INFO  o.e.b.c.i.u.g.PublishedGradleVersions - Gradle version information cache is up-to-date. Trying to read.
2026-02-12 16:44:53,228 [Worker-5: Loading available Gradle versions] INFO  o.e.b.c.i.u.g.PublishedGradleVersions - Gradle version information cache is out-of-date. Trying to update.
2026-02-12 20:12:55,738 [Worker-18: Loading available Gradle versions] INFO  o.e.b.c.i.u.g.PublishedGradleVersions - Gradle version information cache is up-to-date. Trying to read.
2026-02-12 21:02:13,283 [Worker-14: Loading available Gradle versions] INFO  o.e.b.c.i.u.g.PublishedGradleVersions - Gradle version information cache is up-to-date. Trying to read.
2026-02-13 10:12:50,398 [Worker-3: Loading available Gradle versions] INFO  o.e.b.c.i.u.g.PublishedGradleVersions - Gradle version information cache is up-to-date. Trying to read.
2026-02-13 15:49:00,622 [Worker-2: Loading available Gradle versions] INFO  o.e.b.c.i.u.g.PublishedGradleVersions - Gradle version information cache is up-to-date. Trying to read.
2026-02-14 11:00:36,205 [Worker-23: Loading available Gradle versions] INFO  o.e.b.c.i.u.g.PublishedGradleVersions - Gradle version information cache is out-of-date. Trying to update.
2026-02-16 16:50:17,697 [Worker-7: Loading available Gradle versions] INFO  o.e.b.c.i.u.g.PublishedGradleVersions - Gradle version information cache is out-of-date. Trying to update.
2026-02-17 17:01:58,067 [Worker-5: Loading available Gradle versions] INFO  o.e.b.c.i.u.g.PublishedGradleVersions - Gradle version information cache is out-of-date. Trying to update.
2026-02-17 17:39:51,040 [Worker-1: Loading available Gradle versions] INFO  o.e.b.c.i.u.g.PublishedGradleVersions - Gradle version information cache is up-to-date. Trying to read.
2026-02-18 19:05:59,921 [Worker-7: Loading available Gradle versions] INFO  o.e.b.c.i.u.g.PublishedGradleVersions - Gradle version information cache is out-of-date. Trying to update.
2026-02-18 19:53:36,360 [Worker-6: Loading available Gradle versions] INFO  o.e.b.c.i.u.g.PublishedGradleVersions - Gradle version information cache is up-to-date. Trying to read.
2026-02-19 17:47:46,391 [Worker-2: Loading available Gradle versions] INFO  o.e.b.c.i.u.g.PublishedGradleVersions - Gradle version information cache is up-to-date. Trying to read.
2026-02-19 20:07:39,228 [Worker-2: Loading available Gradle versions] INFO  o.e.b.c.i.u.g.PublishedGradleVersions - Gradle version information cache is out-of-date. Trying to update.
2026-02-20 16:00:06,236 [Worker-8: Loading available Gradle versions] INFO  o.e.b.c.i.u.g.PublishedGradleVersions - Gradle version information cache is up-to-date. Trying to read.
2026-02-23 15:59:14,886 [Worker-5: Loading available Gradle versions] INFO  o.e.b.c.i.u.g.PublishedGradleVersions - Gradle version information cache is out-of-date. Trying to update.
2026-02-23 16:36:03,718 [Worker-1: Loading available Gradle versions] INFO  o.e.b.c.i.u.g.PublishedGradleVersions - Gradle version information cache is up-to-date. Trying to read.
2026-03-02 16:53:13,458 [Worker-16: Loading available Gradle versions] INFO  o.e.b.c.i.u.g.PublishedGradleVersions - Gradle version information cache is out-of-date. Trying to update.
2026-03-03 09:57:08,673 [Worker-6: Loading available Gradle versions] INFO  o.e.b.c.i.u.g.PublishedGradleVersions - Gradle version information cache is up-to-date. Trying to read.
2026-03-03 17:07:04,591 [Worker-1: Loading available Gradle versions] INFO  o.e.b.c.i.u.g.PublishedGradleVersions - Gradle version information cache is out-of-date. Trying to update.
2026-03-04 12:23:47,151 [Worker-2: Loading available Gradle versions] INFO  o.e.b.c.i.u.g.PublishedGradleVersions - Gradle version information cache is up-to-date. Trying to read.
2026-03-04 15:53:50,977 [Worker-5: Loading available Gradle versions] INFO  o.e.b.c.i.u.g.PublishedGradleVersions - Gradle version information cache is up-to-date. Trying to read.
2026-03-04 19:12:06,451 [Worker-1: Loading available Gradle versions] INFO  o.e.b.c.i.u.g.PublishedGradleVersions - Gradle version information cache is out-of-date. Trying to update.
2026-03-05 11:03:02,106 [Worker-4: Loading available Gradle versions] INFO  o.e.b.c.i.u.g.PublishedGradleVersions - Gradle version information cache is up-to-date. Trying to read.
2026-03-05 15:59:07,278 [Worker-2: Loading available Gradle versions] INFO  o.e.b.c.i.u.g.PublishedGradleVersions - Gradle version information cache is up-to-date. Trying to read.
2026-03-05 20:03:22,519 [Worker-5: Loading available Gradle versions] INFO  o.e.b.c.i.u.g.PublishedGradleVersions - Gradle version information cache is out-of-date. Trying to update.
2026-03-05 21:13:48,904 [Worker-7: Loading available Gradle versions] INFO  o.e.b.c.i.u.g.PublishedGradleVersions - Gradle version information cache is up-to-date. Trying to read.
2026-03-09 16:49:45,474 [Worker-5: Loading available Gradle versions] INFO  o.e.b.c.i.u.g.PublishedGradleVersions - Gradle version information cache is out-of-date. Trying to update.
2026-03-11 19:10:03,198 [Worker-3: Loading available Gradle versions] INFO  o.e.b.c.i.u.g.PublishedGradleVersions - Gradle version information cache is out-of-date. Trying to update.
2026-03-12 16:59:11,594 [Worker-5: Loading available Gradle versions] INFO  o.e.b.c.i.u.g.PublishedGradleVersions - Gradle version information cache is up-to-date. Trying to read.
2026-03-12 17:07:45,171 [Worker-1: Loading available Gradle versions] INFO  o.e.b.c.i.u.g.PublishedGradleVersions - Gradle version information cache is up-to-date. Trying to read.
2026-03-12 20:23:51,736 [Worker-4: Loading available Gradle versions] INFO  o.e.b.c.i.u.g.PublishedGradleVersions - Gradle version information cache is out-of-date. Trying to update.
2026-03-12 20:58:38,435 [main] ERROR o.e.m.j.u.i.DownloadSourcesActionDelegate - Could not schedule source download
org.eclipse.jdt.core.JavaModelException: Analisis_y_Documentacion does not exist
	at org.eclipse.jdt.internal.core.JavaElement.newJavaModelException(JavaElement.java:558)
	at org.eclipse.jdt.internal.core.Openable.generateInfos(Openable.java:238)
	at org.eclipse.jdt.internal.core.Openable.openAncestors(Openable.java:512)
	at org.eclipse.jdt.internal.core.Openable.generateInfos(Openable.java:232)
	at org.eclipse.jdt.internal.core.JavaElement.openWhenClosed(JavaElement.java:571)
	at org.eclipse.jdt.internal.core.JavaElement.getElementInfo(JavaElement.java:294)
	at org.eclipse.jdt.internal.core.JavaElement.getElementInfo(JavaElement.java:280)
	at org.eclipse.jdt.internal.core.PackageFragmentRoot.getKind(PackageFragmentRoot.java:539)
	at org.eclipse.jdt.internal.core.PackageFragmentRoot.getSourceAttachmentPath(PackageFragmentRoot.java:662)
	at org.eclipse.m2e.jdt.ui.internal.DownloadSourcesActionDelegate.setActiveEditor(DownloadSourcesActionDelegate.java:50)
	at org.eclipse.ui.internal.EditorPluginAction.editorChanged(EditorPluginAction.java:69)
	at org.eclipse.ui.internal.EditorActionBuilder$EditorContribution.editorChanged(EditorActionBuilder.java:77)
	at org.eclipse.ui.internal.EditorActionBuilder$ExternalContributor.setActiveEditor(EditorActionBuilder.java:123)
	at org.eclipse.ui.internal.EditorActionBars.partChanged(EditorActionBars.java:338)
	at org.eclipse.ui.internal.WorkbenchPage.updateActivations(WorkbenchPage.java:325)
	at org.eclipse.ui.internal.WorkbenchPage$E4PartListener.partActivated(WorkbenchPage.java:214)
	at org.eclipse.e4.ui.internal.workbench.PartServiceImpl$2.run(PartServiceImpl.java:250)
	at org.eclipse.core.runtime.SafeRunner.run(SafeRunner.java:47)
	at org.eclipse.e4.ui.internal.workbench.PartServiceImpl.firePartActivated(PartServiceImpl.java:247)
	at org.eclipse.e4.ui.internal.workbench.PartServiceImpl.activate(PartServiceImpl.java:780)
	at org.eclipse.e4.ui.internal.workbench.PartServiceImpl.activate(PartServiceImpl.java:686)
	at org.eclipse.e4.ui.internal.workbench.PartServiceImpl.activate(PartServiceImpl.java:681)
	at org.eclipse.ui.internal.WorkbenchPage.busyOpenEditor(WorkbenchPage.java:3236)
	at org.eclipse.ui.internal.WorkbenchPage.lambda$11(WorkbenchPage.java:3118)
	at org.eclipse.swt.custom.BusyIndicator.showWhile(BusyIndicator.java:67)
	at org.eclipse.ui.internal.WorkbenchPage.openEditor(WorkbenchPage.java:3116)
	at org.eclipse.ui.internal.WorkbenchPage.openEditor(WorkbenchPage.java:3086)
	at org.eclipse.ui.internal.WorkbenchPage.openEditor(WorkbenchPage.java:3077)
	at org.eclipse.jdt.internal.ui.javaeditor.EditorUtility.openInEditor(EditorUtility.java:390)
	at org.eclipse.jdt.internal.ui.javaeditor.EditorUtility.openInSpecificEditor(EditorUtility.java:191)
	at org.eclipse.jdt.internal.ui.javaeditor.EditorUtility.openInEditor(EditorUtility.java:169)
	at org.eclipse.jdt.ui.actions.OpenAction.run(OpenAction.java:288)
	at org.eclipse.jdt.ui.actions.OpenAction.run(OpenAction.java:254)
	at org.eclipse.jdt.ui.actions.SelectionDispatchAction.dispatchRun(SelectionDispatchAction.java:274)
	at org.eclipse.jdt.ui.actions.SelectionDispatchAction.run(SelectionDispatchAction.java:252)
	at org.eclipse.jdt.internal.ui.packageview.PackageExplorerActionGroup.handleOpen(PackageExplorerActionGroup.java:366)
	at org.eclipse.jdt.internal.ui.packageview.PackageExplorerPart$3.open(PackageExplorerPart.java:545)
	at org.eclipse.ui.OpenAndLinkWithEditorHelper$InternalListener.open(OpenAndLinkWithEditorHelper.java:48)
	at org.eclipse.jface.viewers.StructuredViewer$2.run(StructuredViewer.java:798)
	at org.eclipse.core.runtime.SafeRunner.run(SafeRunner.java:47)
	at org.eclipse.jface.util.SafeRunnable.run(SafeRunnable.java:167)
	at org.eclipse.jface.viewers.StructuredViewer.fireOpen(StructuredViewer.java:795)
	at org.eclipse.jface.viewers.StructuredViewer.handleOpen(StructuredViewer.java:1109)
	at org.eclipse.jface.util.OpenStrategy.fireOpenEvent(OpenStrategy.java:295)
	at org.eclipse.jface.util.OpenStrategy$1.handleEvent(OpenStrategy.java:330)
	at org.eclipse.swt.widgets.EventTable.sendEvent(EventTable.java:91)
	at org.eclipse.swt.widgets.Display.sendEvent(Display.java:4362)
	at org.eclipse.swt.widgets.Widget.sendEvent(Widget.java:1214)
	at org.eclipse.swt.widgets.Display.runDeferredEvents(Display.java:4160)
	at org.eclipse.swt.widgets.Display.readAndDispatch(Display.java:3748)
	at org.eclipse.e4.ui.internal.workbench.swt.PartRenderingEngine$5.run(PartRenderingEngine.java:1151)
	at org.eclipse.core.databinding.observable.Realm.runWithDefault(Realm.java:339)
	at org.eclipse.e4.ui.internal.workbench.swt.PartRenderingEngine.run(PartRenderingEngine.java:1042)
	at org.eclipse.e4.ui.internal.workbench.E4Workbench.createAndRunUI(E4Workbench.java:153)
	at org.eclipse.ui.internal.Workbench.lambda$3(Workbench.java:678)
	at org.eclipse.core.databinding.observable.Realm.runWithDefault(Realm.java:339)
	at org.eclipse.ui.internal.Workbench.createAndRunWorkbench(Workbench.java:583)
	at org.eclipse.ui.PlatformUI.createAndRunWorkbench(PlatformUI.java:173)
	at org.eclipse.ui.internal.ide.application.IDEApplication.start(IDEApplication.java:185)
	at org.eclipse.equinox.internal.app.EclipseAppHandle.run(EclipseAppHandle.java:219)
	at org.eclipse.core.runtime.internal.adaptor.EclipseAppLauncher.runApplication(EclipseAppLauncher.java:149)
	at org.eclipse.core.runtime.internal.adaptor.EclipseAppLauncher.start(EclipseAppLauncher.java:115)
	at org.eclipse.core.runtime.adaptor.EclipseStarter.run(EclipseStarter.java:467)
	at org.eclipse.core.runtime.adaptor.EclipseStarter.run(EclipseStarter.java:298)
	at java.base/jdk.internal.reflect.DirectMethodHandleAccessor.invoke(DirectMethodHandleAccessor.java:103)
	at java.base/java.lang.reflect.Method.invoke(Method.java:580)
	at org.eclipse.equinox.launcher.Main.invokeFramework(Main.java:627)
	at org.eclipse.equinox.launcher.Main.basicRun(Main.java:575)
	at org.eclipse.equinox.launcher.Main.run(Main.java:1431)
2026-03-12 21:31:25,164 [Worker-1: Loading available Gradle versions] INFO  o.e.b.c.i.u.g.PublishedGradleVersions - Gradle version information cache is up-to-date. Trying to read.
2026-03-16 15:52:17,489 [Worker-3: Loading available Gradle versions] INFO  o.e.b.c.i.u.g.PublishedGradleVersions - Gradle version information cache is out-of-date. Trying to update.
2026-03-16 15:52:18,484 [Worker-3: Loading available Gradle versions] INFO  o.e.b.c.i.u.g.PublishedGradleVersions - Updating Gradle version information cache failed. Using outdated cache.
2026-03-18 19:07:41,210 [Worker-6: Loading available Gradle versions] INFO  o.e.b.c.i.u.g.PublishedGradleVersions - Gradle version information cache is out-of-date. Trying to update.
2026-03-19 16:53:41,581 [Worker-5: Loading available Gradle versions] INFO  o.e.b.c.i.u.g.PublishedGradleVersions - Gradle version information cache is up-to-date. Trying to read.
2026-03-19 18:25:53,352 [Worker-3: Loading available Gradle versions] INFO  o.e.b.c.i.u.g.PublishedGradleVersions - Gradle version information cache is up-to-date. Trying to read.
2026-03-20 09:55:45,859 [Worker-19: Loading available Gradle versions] INFO  o.e.b.c.i.u.g.PublishedGradleVersions - Gradle version information cache is out-of-date. Trying to update.
2026-03-20 15:53:10,418 [Worker-6: Loading available Gradle versions] INFO  o.e.b.c.i.u.g.PublishedGradleVersions - Gradle version information cache is up-to-date. Trying to read.
2026-03-22 16:58:47,719 [Worker-16: Loading available Gradle versions] INFO  o.e.b.c.i.u.g.PublishedGradleVersions - Gradle version information cache is out-of-date. Trying to update.
2026-03-23 12:22:27,366 [Worker-6: Loading available Gradle versions] INFO  o.e.b.c.i.u.g.PublishedGradleVersions - Gradle version information cache is up-to-date. Trying to read.
2026-03-23 15:52:25,210 [Worker-3: Loading available Gradle versions] INFO  o.e.b.c.i.u.g.PublishedGradleVersions - Gradle version information cache is up-to-date. Trying to read.
2026-03-26 13:26:48,835 [Worker-3: Loading available Gradle versions] INFO  o.e.b.c.i.u.g.PublishedGradleVersions - Gradle version information cache is out-of-date. Trying to update.
2026-04-06 12:33:41,251 [Worker-3: Loading available Gradle versions] INFO  o.e.b.c.i.u.g.PublishedGradleVersions - Gradle version information cache is out-of-date. Trying to update.
2026-04-06 16:00:04,303 [Worker-4: Loading available Gradle versions] INFO  o.e.b.c.i.u.g.PublishedGradleVersions - Gradle version information cache is up-to-date. Trying to read.
2026-04-07 10:23:09,698 [Worker-24: Loading available Gradle versions] INFO  o.e.b.c.i.u.g.PublishedGradleVersions - Gradle version information cache is up-to-date. Trying to read.
2026-04-07 16:53:33,095 [Worker-7: Loading available Gradle versions] INFO  o.e.b.c.i.u.g.PublishedGradleVersions - Gradle version information cache is out-of-date. Trying to update.
2026-04-08 16:51:24,739 [Worker-21: Loading available Gradle versions] INFO  o.e.b.c.i.u.g.PublishedGradleVersions - Gradle version information cache is up-to-date. Trying to read.
2026-04-09 16:01:24,665 [Worker-1: Loading available Gradle versions] INFO  o.e.b.c.i.u.g.PublishedGradleVersions - Gradle version information cache is out-of-date. Trying to update.
2026-04-09 20:32:44,178 [Worker-2: Loading available Gradle versions] INFO  o.e.b.c.i.u.g.PublishedGradleVersions - Gradle version information cache is up-to-date. Trying to read.
2026-04-10 16:39:35,299 [Worker-3: Loading available Gradle versions] INFO  o.e.b.c.i.u.g.PublishedGradleVersions - Gradle version information cache is out-of-date. Trying to update.
2026-04-10 17:21:59,856 [Worker-1: Loading available Gradle versions] INFO  o.e.b.c.i.u.g.PublishedGradleVersions - Gradle version information cache is up-to-date. Trying to read.
2026-04-13 15:53:18,326 [Worker-3: Loading available Gradle versions] INFO  o.e.b.c.i.u.g.PublishedGradleVersions - Gradle version information cache is out-of-date. Trying to update.
2026-04-13 17:49:59,742 [Worker-3: Loading available Gradle versions] INFO  o.e.b.c.i.u.g.PublishedGradleVersions - Gradle version information cache is up-to-date. Trying to read.
2026-04-13 18:35:25,058 [Worker-5: Loading available Gradle versions] INFO  o.e.b.c.i.u.g.PublishedGradleVersions - Gradle version information cache is up-to-date. Trying to read.
2026-04-16 16:09:20,451 [Worker-1: Loading available Gradle versions] INFO  o.e.b.c.i.u.g.PublishedGradleVersions - Gradle version information cache is out-of-date. Trying to update.
2026-04-16 17:08:14,194 [Start Help Server] INFO  org.eclipse.jetty.server.Server - jetty-12.1.0; built: 2025-08-15T04:53:41.572Z; git: c8372b65bd15404de1444d68902c0455a3a69b64; jvm 21.0.8+9-LTS
2026-04-16 17:08:14,411 [Start Help Server] INFO  o.e.j.server.handler.ContextHandler - Started oeje8n.ContextHandler$CoreContextHandler@637ace94{/help,/help,b=null,a=AVAILABLE,h=oeje8n.ContextHandler$CoreContextHandler$CoreToNestedHandler@e017ec{STARTED}}
2026-04-16 17:08:14,413 [Start Help Server] INFO  o.e.j.s.DefaultSessionIdManager - Session workerName=node0
2026-04-16 17:08:14,468 [Start Help Server] INFO  o.e.jetty.server.AbstractConnector - Started oejs.ServerConnector@4b61192a{HTTP/1.1, (http/1.1)}{127.0.0.1:59073}
2026-04-16 17:08:14,578 [Start Help Server] INFO  org.eclipse.jetty.server.Server - Started oejs.Server@5190a3f0{STARTING}[12.1.0,sto=0] @3570987ms
2026-04-16 17:08:15,917 [qtp257973458-189] INFO  o.e.j.e.nested.ContextHandler._help - Warning: No org.apache.tomcat.JarScanner set in ServletContext. Falling back to default JarScanner implementation.
2026-04-16 17:08:16,685 [qtp257973458-189] INFO  o.e.j.e.nested.ContextHandler._help - Warning: No org.apache.tomcat.JarScanner set in ServletContext. Falling back to default JarScanner implementation.
2026-04-16 17:29:12,875 [Stop Help Server] INFO  org.eclipse.jetty.server.Server - Stopped oejs.Server@5190a3f0{STOPPING}[12.1.0,sto=0]
2026-04-16 17:29:12,887 [Stop Help Server] INFO  o.e.jetty.server.AbstractConnector - Stopped oejs.ServerConnector@4b61192a{HTTP/1.1, (http/1.1)}{127.0.0.1:0}
2026-04-16 17:31:43,929 [Worker-9: Loading available Gradle versions] INFO  o.e.b.c.i.u.g.PublishedGradleVersions - Gradle version information cache is up-to-date. Trying to read.
2026-04-16 17:41:19,806 [Worker-2: Loading available Gradle versions] INFO  o.e.b.c.i.u.g.PublishedGradleVersions - Gradle version information cache is up-to-date. Trying to read.
2026-04-16 17:53:58,803 [Worker-7: Loading available Gradle versions] INFO  o.e.b.c.i.u.g.PublishedGradleVersions - Gradle version information cache is up-to-date. Trying to read.
2026-04-16 20:27:58,028 [main] ERROR o.e.m.j.i.l.MavenLaunchConfigurationListener - Launch configuration AdminLogin (1) references non-existing project Library.
org.eclipse.core.runtime.CoreException: Launch configuration AdminLogin (1) references non-existing project Library.
	at org.eclipse.jdt.launching.JavaRuntime.abort(JavaRuntime.java:1871)
	at org.eclipse.jdt.launching.JavaRuntime.getJavaProject(JavaRuntime.java:1748)
	at org.eclipse.m2e.jdt.internal.launch.MavenLaunchConfigurationListener.updateLaunchConfiguration(MavenLaunchConfigurationListener.java:66)
	at org.eclipse.m2e.jdt.internal.launch.MavenLaunchConfigurationListener.launchConfigurationChanged(MavenLaunchConfigurationListener.java:52)
	at org.eclipse.debug.internal.core.LaunchManager$ConfigurationNotifier.run(LaunchManager.java:220)
	at org.eclipse.core.runtime.SafeRunner.run(SafeRunner.java:47)
	at org.eclipse.debug.internal.core.LaunchManager$ConfigurationNotifier.notify(LaunchManager.java:204)
	at org.eclipse.debug.internal.core.LaunchConfigurationWorkingCopy.setDirty(LaunchConfigurationWorkingCopy.java:527)
	at org.eclipse.debug.internal.core.LaunchConfigurationWorkingCopy.setAttribute(LaunchConfigurationWorkingCopy.java:415)
	at org.eclipse.jdt.debug.ui.launchConfigurations.JavaMainTab.performApply(JavaMainTab.java:228)
	at org.eclipse.debug.internal.ui.launchConfigurations.LaunchConfigurationTabGroupViewer.refresh(LaunchConfigurationTabGroupViewer.java:528)
	at org.eclipse.debug.internal.ui.launchConfigurations.LaunchConfigurationsDialog.updateButtons(LaunchConfigurationsDialog.java:1643)
	at org.eclipse.debug.ui.AbstractLaunchConfigurationTab.updateLaunchConfigurationDialog(AbstractLaunchConfigurationTab.java:155)
	at org.eclipse.jdt.internal.debug.ui.launcher.AbstractJavaMainTab.access$0(AbstractJavaMainTab.java:1)
	at org.eclipse.jdt.internal.debug.ui.launcher.AbstractJavaMainTab$WidgetListener.modifyText(AbstractJavaMainTab.java:65)
	at org.eclipse.swt.widgets.TypedListener.handleEvent(TypedListener.java:217)
	at org.eclipse.swt.widgets.EventTable.sendEvent(EventTable.java:91)
	at org.eclipse.swt.widgets.Display.sendEvent(Display.java:4362)
	at org.eclipse.swt.widgets.Widget.sendEvent(Widget.java:1214)
	at org.eclipse.swt.widgets.Widget.sendEvent(Widget.java:1238)
	at org.eclipse.swt.widgets.Widget.sendEvent(Widget.java:1219)
	at org.eclipse.swt.widgets.Text.wmCommandChild(Text.java:3077)
	at org.eclipse.swt.widgets.Control.WM_COMMAND(Control.java:4937)
	at org.eclipse.swt.widgets.Control.windowProc(Control.java:4788)
	at org.eclipse.swt.widgets.Display.windowProc(Display.java:5130)
	at org.eclipse.swt.internal.win32.OS.CallWindowProc(Native Method)
	at org.eclipse.swt.widgets.Text.callWindowProc(Text.java:296)
	at org.eclipse.swt.widgets.Control.windowProc(Control.java:4887)
	at org.eclipse.swt.widgets.Text.windowProc(Text.java:2655)
	at org.eclipse.swt.widgets.Display.windowProc(Display.java:5130)
	at org.eclipse.swt.internal.win32.OS.SetWindowText(Native Method)
	at org.eclipse.swt.internal.win32.OS.SetWindowText(OS.java:2276)
	at org.eclipse.swt.widgets.Text.setText(Text.java:2315)
	at org.eclipse.jdt.internal.debug.ui.launcher.AbstractJavaMainTab.updateProjectFromConfig(AbstractJavaMainTab.java:201)
	at org.eclipse.jdt.internal.debug.ui.launcher.AbstractJavaMainTab.initializeFrom(AbstractJavaMainTab.java:185)
	at org.eclipse.jdt.debug.ui.launchConfigurations.JavaMainTab.initializeFrom(JavaMainTab.java:184)
	at org.eclipse.debug.ui.AbstractLaunchConfigurationTab.activated(AbstractLaunchConfigurationTab.java:453)
	at org.eclipse.debug.internal.ui.launchConfigurations.LaunchConfigurationTabGroupViewer.propagateTabActivation(LaunchConfigurationTabGroupViewer.java:1483)
	at org.eclipse.debug.internal.ui.launchConfigurations.LaunchConfigurationTabGroupViewer.handleTabSelected(LaunchConfigurationTabGroupViewer.java:1462)
	at org.eclipse.debug.internal.ui.launchConfigurations.LaunchConfigurationTabGroupViewer.setActiveTab(LaunchConfigurationTabGroupViewer.java:1678)
	at org.eclipse.debug.internal.ui.launchConfigurations.LaunchConfigurationTabGroupViewer.displayInstanceTabs(LaunchConfigurationTabGroupViewer.java:879)
	at org.eclipse.debug.internal.ui.launchConfigurations.LaunchConfigurationTabGroupViewer.lambda$4(LaunchConfigurationTabGroupViewer.java:730)
	at org.eclipse.swt.custom.BusyIndicator.showWhile(BusyIndicator.java:67)
	at org.eclipse.debug.internal.ui.launchConfigurations.LaunchConfigurationTabGroupViewer.inputChanged(LaunchConfigurationTabGroupViewer.java:716)
	at org.eclipse.debug.internal.ui.launchConfigurations.LaunchConfigurationTabGroupViewer.setInput0(LaunchConfigurationTabGroupViewer.java:684)
	at org.eclipse.debug.internal.ui.launchConfigurations.LaunchConfigurationTabGroupViewer.setInput(LaunchConfigurationTabGroupViewer.java:664)
	at org.eclipse.debug.internal.ui.launchConfigurations.LaunchConfigurationsDialog.handleLaunchConfigurationSelectionChanged(LaunchConfigurationsDialog.java:1043)
	at org.eclipse.debug.internal.ui.launchConfigurations.LaunchConfigurationsDialog.lambda$1(LaunchConfigurationsDialog.java:607)
	at org.eclipse.jface.viewers.StructuredViewer$3.run(StructuredViewer.java:819)
	at org.eclipse.core.runtime.SafeRunner.run(SafeRunner.java:47)
	at org.eclipse.jface.util.SafeRunnable.run(SafeRunnable.java:167)
	at org.eclipse.jface.viewers.StructuredViewer.firePostSelectionChanged(StructuredViewer.java:816)
	at org.eclipse.jface.viewers.ColumnViewer.firePostSelectionChanged(ColumnViewer.java:1051)
	at org.eclipse.jface.viewers.StructuredViewer.setSelection(StructuredViewer.java:1664)
	at org.eclipse.jface.viewers.TreeViewer.setSelection(TreeViewer.java:1091)
	at org.eclipse.jface.viewers.Viewer.setSelection(Viewer.java:375)
	at org.eclipse.debug.internal.ui.launchConfigurations.LaunchConfigurationsDialog.doInitialTreeSelection(LaunchConfigurationsDialog.java:653)
	at org.eclipse.debug.internal.ui.launchConfigurations.LaunchConfigurationsDialog.initializeContent(LaunchConfigurationsDialog.java:1176)
	at org.eclipse.debug.internal.ui.launchConfigurations.LaunchConfigurationsDialog.createContents(LaunchConfigurationsDialog.java:468)
	at org.eclipse.jface.window.Window.create(Window.java:431)
	at org.eclipse.jface.dialogs.Dialog.create(Dialog.java:1088)
	at org.eclipse.debug.internal.ui.launchConfigurations.LaunchConfigurationsDialog.create(LaunchConfigurationsDialog.java:377)
	at org.eclipse.jface.window.Window.open(Window.java:788)
	at org.eclipse.debug.internal.ui.launchConfigurations.LaunchConfigurationsDialog.open(LaunchConfigurationsDialog.java:1229)
	at org.eclipse.debug.ui.DebugUITools.lambda$1(DebugUITools.java:628)
	at org.eclipse.swt.custom.BusyIndicator.showWhile(BusyIndicator.java:67)
	at org.eclipse.debug.ui.DebugUITools.openLaunchConfigurationDialogOnGroup(DebugUITools.java:634)
	at org.eclipse.debug.ui.DebugUITools.openLaunchConfigurationDialogOnGroup(DebugUITools.java:572)
	at org.eclipse.debug.ui.actions.OpenLaunchDialogAction.run(OpenLaunchDialogAction.java:85)
	at org.eclipse.debug.ui.actions.OpenLaunchDialogAction.runWithEvent(OpenLaunchDialogAction.java:91)
	at org.eclipse.ui.internal.PluginAction.runWithEvent(PluginAction.java:229)
	at org.eclipse.ui.internal.WWinPluginAction.runWithEvent(WWinPluginAction.java:218)
	at org.eclipse.jface.action.ActionContributionItem.handleWidgetSelection(ActionContributionItem.java:581)
	at org.eclipse.jface.action.ActionContributionItem.lambda$4(ActionContributionItem.java:415)
	at org.eclipse.swt.widgets.EventTable.sendEvent(EventTable.java:91)
	at org.eclipse.swt.widgets.Display.sendEvent(Display.java:4362)
	at org.eclipse.swt.widgets.Widget.sendEvent(Widget.java:1214)
	at org.eclipse.swt.widgets.Display.runDeferredEvents(Display.java:4160)
	at org.eclipse.swt.widgets.Display.readAndDispatch(Display.java:3748)
	at org.eclipse.e4.ui.internal.workbench.swt.PartRenderingEngine$5.run(PartRenderingEngine.java:1151)
	at org.eclipse.core.databinding.observable.Realm.runWithDefault(Realm.java:339)
	at org.eclipse.e4.ui.internal.workbench.swt.PartRenderingEngine.run(PartRenderingEngine.java:1042)
	at org.eclipse.e4.ui.internal.workbench.E4Workbench.createAndRunUI(E4Workbench.java:153)
	at org.eclipse.ui.internal.Workbench.lambda$3(Workbench.java:678)
	at org.eclipse.core.databinding.observable.Realm.runWithDefault(Realm.java:339)
	at org.eclipse.ui.internal.Workbench.createAndRunWorkbench(Workbench.java:583)
	at org.eclipse.ui.PlatformUI.createAndRunWorkbench(PlatformUI.java:173)
	at org.eclipse.ui.internal.ide.application.IDEApplication.start(IDEApplication.java:185)
	at org.eclipse.equinox.internal.app.EclipseAppHandle.run(EclipseAppHandle.java:219)
	at org.eclipse.equinox.internal.app.MainApplicationLauncher.run(MainApplicationLauncher.java:37)
	at org.eclipse.core.runtime.internal.adaptor.EclipseAppLauncher.runApplication(EclipseAppLauncher.java:149)
	at org.eclipse.core.runtime.internal.adaptor.EclipseAppLauncher.start(EclipseAppLauncher.java:115)
	at org.eclipse.core.runtime.adaptor.EclipseStarter.run(EclipseStarter.java:467)
	at org.eclipse.core.runtime.adaptor.EclipseStarter.run(EclipseStarter.java:298)
	at java.base/jdk.internal.reflect.DirectMethodHandleAccessor.invoke(DirectMethodHandleAccessor.java:103)
	at java.base/java.lang.reflect.Method.invoke(Method.java:580)
	at org.eclipse.equinox.launcher.Main.invokeFramework(Main.java:627)
	at org.eclipse.equinox.launcher.Main.basicRun(Main.java:575)
	at org.eclipse.equinox.launcher.Main.run(Main.java:1431)
2026-04-16 20:27:58,063 [main] ERROR o.e.m.j.i.l.MavenLaunchConfigurationListener - Launch configuration AdminLogin (1) references non-existing project Library.
org.eclipse.core.runtime.CoreException: Launch configuration AdminLogin (1) references non-existing project Library.
	at org.eclipse.jdt.launching.JavaRuntime.abort(JavaRuntime.java:1871)
	at org.eclipse.jdt.launching.JavaRuntime.getJavaProject(JavaRuntime.java:1748)
	at org.eclipse.m2e.jdt.internal.launch.MavenLaunchConfigurationListener.updateLaunchConfiguration(MavenLaunchConfigurationListener.java:66)
	at org.eclipse.m2e.jdt.internal.launch.MavenLaunchConfigurationListener.launchConfigurationChanged(MavenLaunchConfigurationListener.java:52)
	at org.eclipse.debug.internal.core.LaunchManager$ConfigurationNotifier.run(LaunchManager.java:220)
	at org.eclipse.core.runtime.SafeRunner.run(SafeRunner.java:47)
	at org.eclipse.debug.internal.core.LaunchManager$ConfigurationNotifier.notify(LaunchManager.java:204)
	at org.eclipse.debug.internal.core.LaunchConfigurationWorkingCopy.setDirty(LaunchConfigurationWorkingCopy.java:527)
	at org.eclipse.debug.internal.core.LaunchConfigurationWorkingCopy.setAttribute(LaunchConfigurationWorkingCopy.java:415)
	at org.eclipse.jdt.debug.ui.launchConfigurations.JavaMainTab.performApply(JavaMainTab.java:229)
	at org.eclipse.debug.internal.ui.launchConfigurations.LaunchConfigurationTabGroupViewer.refresh(LaunchConfigurationTabGroupViewer.java:528)
	at org.eclipse.debug.internal.ui.launchConfigurations.LaunchConfigurationsDialog.updateButtons(LaunchConfigurationsDialog.java:1643)
	at org.eclipse.debug.ui.AbstractLaunchConfigurationTab.updateLaunchConfigurationDialog(AbstractLaunchConfigurationTab.java:155)
	at org.eclipse.jdt.internal.debug.ui.launcher.AbstractJavaMainTab.access$0(AbstractJavaMainTab.java:1)
	at org.eclipse.jdt.internal.debug.ui.launcher.AbstractJavaMainTab$WidgetListener.modifyText(AbstractJavaMainTab.java:65)
	at org.eclipse.swt.widgets.TypedListener.handleEvent(TypedListener.java:217)
	at org.eclipse.swt.widgets.EventTable.sendEvent(EventTable.java:91)
	at org.eclipse.swt.widgets.Display.sendEvent(Display.java:4362)
	at org.eclipse.swt.widgets.Widget.sendEvent(Widget.java:1214)
	at org.eclipse.swt.widgets.Widget.sendEvent(Widget.java:1238)
	at org.eclipse.swt.widgets.Widget.sendEvent(Widget.java:1219)
	at org.eclipse.swt.widgets.Text.wmCommandChild(Text.java:3077)
	at org.eclipse.swt.widgets.Control.WM_COMMAND(Control.java:4937)
	at org.eclipse.swt.widgets.Control.windowProc(Control.java:4788)
	at org.eclipse.swt.widgets.Display.windowProc(Display.java:5130)
	at org.eclipse.swt.internal.win32.OS.CallWindowProc(Native Method)
	at org.eclipse.swt.widgets.Text.callWindowProc(Text.java:296)
	at org.eclipse.swt.widgets.Control.windowProc(Control.java:4887)
	at org.eclipse.swt.widgets.Text.windowProc(Text.java:2655)
	at org.eclipse.swt.widgets.Display.windowProc(Display.java:5130)
	at org.eclipse.swt.internal.win32.OS.SetWindowText(Native Method)
	at org.eclipse.swt.internal.win32.OS.SetWindowText(OS.java:2276)
	at org.eclipse.swt.widgets.Text.setText(Text.java:2315)
	at org.eclipse.jdt.internal.debug.ui.launcher.AbstractJavaMainTab.updateProjectFromConfig(AbstractJavaMainTab.java:201)
	at org.eclipse.jdt.internal.debug.ui.launcher.AbstractJavaMainTab.initializeFrom(AbstractJavaMainTab.java:185)
	at org.eclipse.jdt.debug.ui.launchConfigurations.JavaMainTab.initializeFrom(JavaMainTab.java:184)
	at org.eclipse.debug.ui.AbstractLaunchConfigurationTab.activated(AbstractLaunchConfigurationTab.java:453)
	at org.eclipse.debug.internal.ui.launchConfigurations.LaunchConfigurationTabGroupViewer.propagateTabActivation(LaunchConfigurationTabGroupViewer.java:1483)
	at org.eclipse.debug.internal.ui.launchConfigurations.LaunchConfigurationTabGroupViewer.handleTabSelected(LaunchConfigurationTabGroupViewer.java:1462)
	at org.eclipse.debug.internal.ui.launchConfigurations.LaunchConfigurationTabGroupViewer.setActiveTab(LaunchConfigurationTabGroupViewer.java:1678)
	at org.eclipse.debug.internal.ui.launchConfigurations.LaunchConfigurationTabGroupViewer.displayInstanceTabs(LaunchConfigurationTabGroupViewer.java:879)
	at org.eclipse.debug.internal.ui.launchConfigurations.LaunchConfigurationTabGroupViewer.lambda$4(LaunchConfigurationTabGroupViewer.java:730)
	at org.eclipse.swt.custom.BusyIndicator.showWhile(BusyIndicator.java:67)
	at org.eclipse.debug.internal.ui.launchConfigurations.LaunchConfigurationTabGroupViewer.inputChanged(LaunchConfigurationTabGroupViewer.java:716)
	at org.eclipse.debug.internal.ui.launchConfigurations.LaunchConfigurationTabGroupViewer.setInput0(LaunchConfigurationTabGroupViewer.java:684)
	at org.eclipse.debug.internal.ui.launchConfigurations.LaunchConfigurationTabGroupViewer.setInput(LaunchConfigurationTabGroupViewer.java:664)
	at org.eclipse.debug.internal.ui.launchConfigurations.LaunchConfigurationsDialog.handleLaunchConfigurationSelectionChanged(LaunchConfigurationsDialog.java:1043)
	at org.eclipse.debug.internal.ui.launchConfigurations.LaunchConfigurationsDialog.lambda$1(LaunchConfigurationsDialog.java:607)
	at org.eclipse.jface.viewers.StructuredViewer$3.run(StructuredViewer.java:819)
	at org.eclipse.core.runtime.SafeRunner.run(SafeRunner.java:47)
	at org.eclipse.jface.util.SafeRunnable.run(SafeRunnable.java:167)
	at org.eclipse.jface.viewers.StructuredViewer.firePostSelectionChanged(StructuredViewer.java:816)
	at org.eclipse.jface.viewers.ColumnViewer.firePostSelectionChanged(ColumnViewer.java:1051)
	at org.eclipse.jface.viewers.StructuredViewer.setSelection(StructuredViewer.java:1664)
	at org.eclipse.jface.viewers.TreeViewer.setSelection(TreeViewer.java:1091)
	at org.eclipse.jface.viewers.Viewer.setSelection(Viewer.java:375)
	at org.eclipse.debug.internal.ui.launchConfigurations.LaunchConfigurationsDialog.doInitialTreeSelection(LaunchConfigurationsDialog.java:653)
	at org.eclipse.debug.internal.ui.launchConfigurations.LaunchConfigurationsDialog.initializeContent(LaunchConfigurationsDialog.java:1176)
	at org.eclipse.debug.internal.ui.launchConfigurations.LaunchConfigurationsDialog.createContents(LaunchConfigurationsDialog.java:468)
	at org.eclipse.jface.window.Window.create(Window.java:431)
	at org.eclipse.jface.dialogs.Dialog.create(Dialog.java:1088)
	at org.eclipse.debug.internal.ui.launchConfigurations.LaunchConfigurationsDialog.create(LaunchConfigurationsDialog.java:377)
	at org.eclipse.jface.window.Window.open(Window.java:788)
	at org.eclipse.debug.internal.ui.launchConfigurations.LaunchConfigurationsDialog.open(LaunchConfigurationsDialog.java:1229)
	at org.eclipse.debug.ui.DebugUITools.lambda$1(DebugUITools.java:628)
	at org.eclipse.swt.custom.BusyIndicator.showWhile(BusyIndicator.java:67)
	at org.eclipse.debug.ui.DebugUITools.openLaunchConfigurationDialogOnGroup(DebugUITools.java:634)
	at org.eclipse.debug.ui.DebugUITools.openLaunchConfigurationDialogOnGroup(DebugUITools.java:572)
	at org.eclipse.debug.ui.actions.OpenLaunchDialogAction.run(OpenLaunchDialogAction.java:85)
	at org.eclipse.debug.ui.actions.OpenLaunchDialogAction.runWithEvent(OpenLaunchDialogAction.java:91)
	at org.eclipse.ui.internal.PluginAction.runWithEvent(PluginAction.java:229)
	at org.eclipse.ui.internal.WWinPluginAction.runWithEvent(WWinPluginAction.java:218)
	at org.eclipse.jface.action.ActionContributionItem.handleWidgetSelection(ActionContributionItem.java:581)
	at org.eclipse.jface.action.ActionContributionItem.lambda$4(ActionContributionItem.java:415)
	at org.eclipse.swt.widgets.EventTable.sendEvent(EventTable.java:91)
	at org.eclipse.swt.widgets.Display.sendEvent(Display.java:4362)
	at org.eclipse.swt.widgets.Widget.sendEvent(Widget.java:1214)
	at org.eclipse.swt.widgets.Display.runDeferredEvents(Display.java:4160)
	at org.eclipse.swt.widgets.Display.readAndDispatch(Display.java:3748)
	at org.eclipse.e4.ui.internal.workbench.swt.PartRenderingEngine$5.run(PartRenderingEngine.java:1151)
	at org.eclipse.core.databinding.observable.Realm.runWithDefault(Realm.java:339)
	at org.eclipse.e4.ui.internal.workbench.swt.PartRenderingEngine.run(PartRenderingEngine.java:1042)
	at org.eclipse.e4.ui.internal.workbench.E4Workbench.createAndRunUI(E4Workbench.java:153)
	at org.eclipse.ui.internal.Workbench.lambda$3(Workbench.java:678)
	at org.eclipse.core.databinding.observable.Realm.runWithDefault(Realm.java:339)
	at org.eclipse.ui.internal.Workbench.createAndRunWorkbench(Workbench.java:583)
	at org.eclipse.ui.PlatformUI.createAndRunWorkbench(PlatformUI.java:173)
	at org.eclipse.ui.internal.ide.application.IDEApplication.start(IDEApplication.java:185)
	at org.eclipse.equinox.internal.app.EclipseAppHandle.run(EclipseAppHandle.java:219)
	at org.eclipse.equinox.internal.app.MainApplicationLauncher.run(MainApplicationLauncher.java:37)
	at org.eclipse.core.runtime.internal.adaptor.EclipseAppLauncher.runApplication(EclipseAppLauncher.java:149)
	at org.eclipse.core.runtime.internal.adaptor.EclipseAppLauncher.start(EclipseAppLauncher.java:115)
	at org.eclipse.core.runtime.adaptor.EclipseStarter.run(EclipseStarter.java:467)
	at org.eclipse.core.runtime.adaptor.EclipseStarter.run(EclipseStarter.java:298)
	at java.base/jdk.internal.reflect.DirectMethodHandleAccessor.invoke(DirectMethodHandleAccessor.java:103)
	at java.base/java.lang.reflect.Method.invoke(Method.java:580)
	at org.eclipse.equinox.launcher.Main.invokeFramework(Main.java:627)
	at org.eclipse.equinox.launcher.Main.basicRun(Main.java:575)
	at org.eclipse.equinox.launcher.Main.run(Main.java:1431)
2026-04-16 20:27:58,068 [main] ERROR o.e.m.j.i.l.MavenLaunchConfigurationListener - Launch configuration AdminLogin (1) references non-existing project Library.
org.eclipse.core.runtime.CoreException: Launch configuration AdminLogin (1) references non-existing project Library.
	at org.eclipse.jdt.launching.JavaRuntime.abort(JavaRuntime.java:1871)
	at org.eclipse.jdt.launching.JavaRuntime.getJavaProject(JavaRuntime.java:1748)
	at org.eclipse.m2e.jdt.internal.launch.MavenLaunchConfigurationListener.updateLaunchConfiguration(MavenLaunchConfigurationListener.java:66)
	at org.eclipse.m2e.jdt.internal.launch.MavenLaunchConfigurationListener.launchConfigurationChanged(MavenLaunchConfigurationListener.java:52)
	at org.eclipse.debug.internal.core.LaunchManager$ConfigurationNotifier.run(LaunchManager.java:220)
	at org.eclipse.core.runtime.SafeRunner.run(SafeRunner.java:47)
	at org.eclipse.debug.internal.core.LaunchManager$ConfigurationNotifier.notify(LaunchManager.java:204)
	at org.eclipse.debug.internal.core.LaunchConfigurationWorkingCopy.setDirty(LaunchConfigurationWorkingCopy.java:527)
	at org.eclipse.debug.internal.core.LaunchConfigurationWorkingCopy.setAttribute(LaunchConfigurationWorkingCopy.java:415)
	at org.eclipse.jdt.debug.ui.launchConfigurations.JavaMainTab.performApply(JavaMainTab.java:230)
	at org.eclipse.debug.internal.ui.launchConfigurations.LaunchConfigurationTabGroupViewer.refresh(LaunchConfigurationTabGroupViewer.java:528)
	at org.eclipse.debug.internal.ui.launchConfigurations.LaunchConfigurationsDialog.updateButtons(LaunchConfigurationsDialog.java:1643)
	at org.eclipse.debug.ui.AbstractLaunchConfigurationTab.updateLaunchConfigurationDialog(AbstractLaunchConfigurationTab.java:155)
	at org.eclipse.jdt.internal.debug.ui.launcher.AbstractJavaMainTab.access$0(AbstractJavaMainTab.java:1)
	at org.eclipse.jdt.internal.debug.ui.launcher.AbstractJavaMainTab$WidgetListener.modifyText(AbstractJavaMainTab.java:65)
	at org.eclipse.swt.widgets.TypedListener.handleEvent(TypedListener.java:217)
	at org.eclipse.swt.widgets.EventTable.sendEvent(EventTable.java:91)
	at org.eclipse.swt.widgets.Display.sendEvent(Display.java:4362)
	at org.eclipse.swt.widgets.Widget.sendEvent(Widget.java:1214)
	at org.eclipse.swt.widgets.Widget.sendEvent(Widget.java:1238)
	at org.eclipse.swt.widgets.Widget.sendEvent(Widget.java:1219)
	at org.eclipse.swt.widgets.Text.wmCommandChild(Text.java:3077)
	at org.eclipse.swt.widgets.Control.WM_COMMAND(Control.java:4937)
	at org.eclipse.swt.widgets.Control.windowProc(Control.java:4788)
	at org.eclipse.swt.widgets.Display.windowProc(Display.java:5130)
	at org.eclipse.swt.internal.win32.OS.CallWindowProc(Native Method)
	at org.eclipse.swt.widgets.Text.callWindowProc(Text.java:296)
	at org.eclipse.swt.widgets.Control.windowProc(Control.java:4887)
	at org.eclipse.swt.widgets.Text.windowProc(Text.java:2655)
	at org.eclipse.swt.widgets.Display.windowProc(Display.java:5130)
	at org.eclipse.swt.internal.win32.OS.SetWindowText(Native Method)
	at org.eclipse.swt.internal.win32.OS.SetWindowText(OS.java:2276)
	at org.eclipse.swt.widgets.Text.setText(Text.java:2315)
	at org.eclipse.jdt.internal.debug.ui.launcher.AbstractJavaMainTab.updateProjectFromConfig(AbstractJavaMainTab.java:201)
	at org.eclipse.jdt.internal.debug.ui.launcher.AbstractJavaMainTab.initializeFrom(AbstractJavaMainTab.java:185)
	at org.eclipse.jdt.debug.ui.launchConfigurations.JavaMainTab.initializeFrom(JavaMainTab.java:184)
	at org.eclipse.debug.ui.AbstractLaunchConfigurationTab.activated(AbstractLaunchConfigurationTab.java:453)
	at org.eclipse.debug.internal.ui.launchConfigurations.LaunchConfigurationTabGroupViewer.propagateTabActivation(LaunchConfigurationTabGroupViewer.java:1483)
	at org.eclipse.debug.internal.ui.launchConfigurations.LaunchConfigurationTabGroupViewer.handleTabSelected(LaunchConfigurationTabGroupViewer.java:1462)
	at org.eclipse.debug.internal.ui.launchConfigurations.LaunchConfigurationTabGroupViewer.setActiveTab(LaunchConfigurationTabGroupViewer.java:1678)
	at org.eclipse.debug.internal.ui.launchConfigurations.LaunchConfigurationTabGroupViewer.displayInstanceTabs(LaunchConfigurationTabGroupViewer.java:879)
	at org.eclipse.debug.internal.ui.launchConfigurations.LaunchConfigurationTabGroupViewer.lambda$4(LaunchConfigurationTabGroupViewer.java:730)
	at org.eclipse.swt.custom.BusyIndicator.showWhile(BusyIndicator.java:67)
	at org.eclipse.debug.internal.ui.launchConfigurations.LaunchConfigurationTabGroupViewer.inputChanged(LaunchConfigurationTabGroupViewer.java:716)
	at org.eclipse.debug.internal.ui.launchConfigurations.LaunchConfigurationTabGroupViewer.setInput0(LaunchConfigurationTabGroupViewer.java:684)
	at org.eclipse.debug.internal.ui.launchConfigurations.LaunchConfigurationTabGroupViewer.setInput(LaunchConfigurationTabGroupViewer.java:664)
	at org.eclipse.debug.internal.ui.launchConfigurations.LaunchConfigurationsDialog.handleLaunchConfigurationSelectionChanged(LaunchConfigurationsDialog.java:1043)
	at org.eclipse.debug.internal.ui.launchConfigurations.LaunchConfigurationsDialog.lambda$1(LaunchConfigurationsDialog.java:607)
	at org.eclipse.jface.viewers.StructuredViewer$3.run(StructuredViewer.java:819)
	at org.eclipse.core.runtime.SafeRunner.run(SafeRunner.java:47)
	at org.eclipse.jface.util.SafeRunnable.run(SafeRunnable.java:167)
	at org.eclipse.jface.viewers.StructuredViewer.firePostSelectionChanged(StructuredViewer.java:816)
	at org.eclipse.jface.viewers.ColumnViewer.firePostSelectionChanged(ColumnViewer.java:1051)
	at org.eclipse.jface.viewers.StructuredViewer.setSelection(StructuredViewer.java:1664)
	at org.eclipse.jface.viewers.TreeViewer.setSelection(TreeViewer.java:1091)
	at org.eclipse.jface.viewers.Viewer.setSelection(Viewer.java:375)
	at org.eclipse.debug.internal.ui.launchConfigurations.LaunchConfigurationsDialog.doInitialTreeSelection(LaunchConfigurationsDialog.java:653)
	at org.eclipse.debug.internal.ui.launchConfigurations.LaunchConfigurationsDialog.initializeContent(LaunchConfigurationsDialog.java:1176)
	at org.eclipse.debug.internal.ui.launchConfigurations.LaunchConfigurationsDialog.createContents(LaunchConfigurationsDialog.java:468)
	at org.eclipse.jface.window.Window.create(Window.java:431)
	at org.eclipse.jface.dialogs.Dialog.create(Dialog.java:1088)
	at org.eclipse.debug.internal.ui.launchConfigurations.LaunchConfigurationsDialog.create(LaunchConfigurationsDialog.java:377)
	at org.eclipse.jface.window.Window.open(Window.java:788)
	at org.eclipse.debug.internal.ui.launchConfigurations.LaunchConfigurationsDialog.open(LaunchConfigurationsDialog.java:1229)
	at org.eclipse.debug.ui.DebugUITools.lambda$1(DebugUITools.java:628)
	at org.eclipse.swt.custom.BusyIndicator.showWhile(BusyIndicator.java:67)
	at org.eclipse.debug.ui.DebugUITools.openLaunchConfigurationDialogOnGroup(DebugUITools.java:634)
	at org.eclipse.debug.ui.DebugUITools.openLaunchConfigurationDialogOnGroup(DebugUITools.java:572)
	at org.eclipse.debug.ui.actions.OpenLaunchDialogAction.run(OpenLaunchDialogAction.java:85)
	at org.eclipse.debug.ui.actions.OpenLaunchDialogAction.runWithEvent(OpenLaunchDialogAction.java:91)
	at org.eclipse.ui.internal.PluginAction.runWithEvent(PluginAction.java:229)
	at org.eclipse.ui.internal.WWinPluginAction.runWithEvent(WWinPluginAction.java:218)
	at org.eclipse.jface.action.ActionContributionItem.handleWidgetSelection(ActionContributionItem.java:581)
	at org.eclipse.jface.action.ActionContributionItem.lambda$4(ActionContributionItem.java:415)
	at org.eclipse.swt.widgets.EventTable.sendEvent(EventTable.java:91)
	at org.eclipse.swt.widgets.Display.sendEvent(Display.java:4362)
	at org.eclipse.swt.widgets.Widget.sendEvent(Widget.java:1214)
	at org.eclipse.swt.widgets.Display.runDeferredEvents(Display.java:4160)
	at org.eclipse.swt.widgets.Display.readAndDispatch(Display.java:3748)
	at org.eclipse.e4.ui.internal.workbench.swt.PartRenderingEngine$5.run(PartRenderingEngine.java:1151)
	at org.eclipse.core.databinding.observable.Realm.runWithDefault(Realm.java:339)
	at org.eclipse.e4.ui.internal.workbench.swt.PartRenderingEngine.run(PartRenderingEngine.java:1042)
	at org.eclipse.e4.ui.internal.workbench.E4Workbench.createAndRunUI(E4Workbench.java:153)
	at org.eclipse.ui.internal.Workbench.lambda$3(Workbench.java:678)
	at org.eclipse.core.databinding.observable.Realm.runWithDefault(Realm.java:339)
	at org.eclipse.ui.internal.Workbench.createAndRunWorkbench(Workbench.java:583)
	at org.eclipse.ui.PlatformUI.createAndRunWorkbench(PlatformUI.java:173)
	at org.eclipse.ui.internal.ide.application.IDEApplication.start(IDEApplication.java:185)
	at org.eclipse.equinox.internal.app.EclipseAppHandle.run(EclipseAppHandle.java:219)
	at org.eclipse.equinox.internal.app.MainApplicationLauncher.run(MainApplicationLauncher.java:37)
	at org.eclipse.core.runtime.internal.adaptor.EclipseAppLauncher.runApplication(EclipseAppLauncher.java:149)
	at org.eclipse.core.runtime.internal.adaptor.EclipseAppLauncher.start(EclipseAppLauncher.java:115)
	at org.eclipse.core.runtime.adaptor.EclipseStarter.run(EclipseStarter.java:467)
	at org.eclipse.core.runtime.adaptor.EclipseStarter.run(EclipseStarter.java:298)
	at java.base/jdk.internal.reflect.DirectMethodHandleAccessor.invoke(DirectMethodHandleAccessor.java:103)
	at java.base/java.lang.reflect.Method.invoke(Method.java:580)
	at org.eclipse.equinox.launcher.Main.invokeFramework(Main.java:627)
	at org.eclipse.equinox.launcher.Main.basicRun(Main.java:575)
	at org.eclipse.equinox.launcher.Main.run(Main.java:1431)
2026-04-16 20:27:58,075 [main] ERROR o.e.m.j.i.l.MavenLaunchConfigurationListener - Launch configuration AdminLogin (1) references non-existing project Library.
org.eclipse.core.runtime.CoreException: Launch configuration AdminLogin (1) references non-existing project Library.
	at org.eclipse.jdt.launching.JavaRuntime.abort(JavaRuntime.java:1871)
	at org.eclipse.jdt.launching.JavaRuntime.getJavaProject(JavaRuntime.java:1748)
	at org.eclipse.m2e.jdt.internal.launch.MavenLaunchConfigurationListener.updateLaunchConfiguration(MavenLaunchConfigurationListener.java:66)
	at org.eclipse.m2e.jdt.internal.launch.MavenLaunchConfigurationListener.launchConfigurationChanged(MavenLaunchConfigurationListener.java:52)
	at org.eclipse.debug.internal.core.LaunchManager$ConfigurationNotifier.run(LaunchManager.java:220)
	at org.eclipse.core.runtime.SafeRunner.run(SafeRunner.java:47)
	at org.eclipse.debug.internal.core.LaunchManager$ConfigurationNotifier.notify(LaunchManager.java:204)
	at org.eclipse.debug.internal.core.LaunchConfigurationWorkingCopy.setDirty(LaunchConfigurationWorkingCopy.java:527)
	at org.eclipse.debug.internal.core.LaunchConfigurationWorkingCopy.setAttribute(LaunchConfigurationWorkingCopy.java:415)
	at org.eclipse.jdt.debug.ui.launchConfigurations.JavaMainTab.performApply(JavaMainTab.java:238)
	at org.eclipse.debug.internal.ui.launchConfigurations.LaunchConfigurationTabGroupViewer.refresh(LaunchConfigurationTabGroupViewer.java:528)
	at org.eclipse.debug.internal.ui.launchConfigurations.LaunchConfigurationsDialog.updateButtons(LaunchConfigurationsDialog.java:1643)
	at org.eclipse.debug.ui.AbstractLaunchConfigurationTab.updateLaunchConfigurationDialog(AbstractLaunchConfigurationTab.java:155)
	at org.eclipse.jdt.internal.debug.ui.launcher.AbstractJavaMainTab.access$0(AbstractJavaMainTab.java:1)
	at org.eclipse.jdt.internal.debug.ui.launcher.AbstractJavaMainTab$WidgetListener.modifyText(AbstractJavaMainTab.java:65)
	at org.eclipse.swt.widgets.TypedListener.handleEvent(TypedListener.java:217)
	at org.eclipse.swt.widgets.EventTable.sendEvent(EventTable.java:91)
	at org.eclipse.swt.widgets.Display.sendEvent(Display.java:4362)
	at org.eclipse.swt.widgets.Widget.sendEvent(Widget.java:1214)
	at org.eclipse.swt.widgets.Widget.sendEvent(Widget.java:1238)
	at org.eclipse.swt.widgets.Widget.sendEvent(Widget.java:1219)
	at org.eclipse.swt.widgets.Text.wmCommandChild(Text.java:3077)
	at org.eclipse.swt.widgets.Control.WM_COMMAND(Control.java:4937)
	at org.eclipse.swt.widgets.Control.windowProc(Control.java:4788)
	at org.eclipse.swt.widgets.Display.windowProc(Display.java:5130)
	at org.eclipse.swt.internal.win32.OS.CallWindowProc(Native Method)
	at org.eclipse.swt.widgets.Text.callWindowProc(Text.java:296)
	at org.eclipse.swt.widgets.Control.windowProc(Control.java:4887)
	at org.eclipse.swt.widgets.Text.windowProc(Text.java:2655)
	at org.eclipse.swt.widgets.Display.windowProc(Display.java:5130)
	at org.eclipse.swt.internal.win32.OS.SetWindowText(Native Method)
	at org.eclipse.swt.internal.win32.OS.SetWindowText(OS.java:2276)
	at org.eclipse.swt.widgets.Text.setText(Text.java:2315)
	at org.eclipse.jdt.internal.debug.ui.launcher.AbstractJavaMainTab.updateProjectFromConfig(AbstractJavaMainTab.java:201)
	at org.eclipse.jdt.internal.debug.ui.launcher.AbstractJavaMainTab.initializeFrom(AbstractJavaMainTab.java:185)
	at org.eclipse.jdt.debug.ui.launchConfigurations.JavaMainTab.initializeFrom(JavaMainTab.java:184)
	at org.eclipse.debug.ui.AbstractLaunchConfigurationTab.activated(AbstractLaunchConfigurationTab.java:453)
	at org.eclipse.debug.internal.ui.launchConfigurations.LaunchConfigurationTabGroupViewer.propagateTabActivation(LaunchConfigurationTabGroupViewer.java:1483)
	at org.eclipse.debug.internal.ui.launchConfigurations.LaunchConfigurationTabGroupViewer.handleTabSelected(LaunchConfigurationTabGroupViewer.java:1462)
	at org.eclipse.debug.internal.ui.launchConfigurations.LaunchConfigurationTabGroupViewer.setActiveTab(LaunchConfigurationTabGroupViewer.java:1678)
	at org.eclipse.debug.internal.ui.launchConfigurations.LaunchConfigurationTabGroupViewer.displayInstanceTabs(LaunchConfigurationTabGroupViewer.java:879)
	at org.eclipse.debug.internal.ui.launchConfigurations.LaunchConfigurationTabGroupViewer.lambda$4(LaunchConfigurationTabGroupViewer.java:730)
	at org.eclipse.swt.custom.BusyIndicator.showWhile(BusyIndicator.java:67)
	at org.eclipse.debug.internal.ui.launchConfigurations.LaunchConfigurationTabGroupViewer.inputChanged(LaunchConfigurationTabGroupViewer.java:716)
	at org.eclipse.debug.internal.ui.launchConfigurations.LaunchConfigurationTabGroupViewer.setInput0(LaunchConfigurationTabGroupViewer.java:684)
	at org.eclipse.debug.internal.ui.launchConfigurations.LaunchConfigurationTabGroupViewer.setInput(LaunchConfigurationTabGroupViewer.java:664)
	at org.eclipse.debug.internal.ui.launchConfigurations.LaunchConfigurationsDialog.handleLaunchConfigurationSelectionChanged(LaunchConfigurationsDialog.java:1043)
	at org.eclipse.debug.internal.ui.launchConfigurations.LaunchConfigurationsDialog.lambda$1(LaunchConfigurationsDialog.java:607)
	at org.eclipse.jface.viewers.StructuredViewer$3.run(StructuredViewer.java:819)
	at org.eclipse.core.runtime.SafeRunner.run(SafeRunner.java:47)
	at org.eclipse.jface.util.SafeRunnable.run(SafeRunnable.java:167)
	at org.eclipse.jface.viewers.StructuredViewer.firePostSelectionChanged(StructuredViewer.java:816)
	at org.eclipse.jface.viewers.ColumnViewer.firePostSelectionChanged(ColumnViewer.java:1051)
	at org.eclipse.jface.viewers.StructuredViewer.setSelection(StructuredViewer.java:1664)
	at org.eclipse.jface.viewers.TreeViewer.setSelection(TreeViewer.java:1091)
	at org.eclipse.jface.viewers.Viewer.setSelection(Viewer.java:375)
	at org.eclipse.debug.internal.ui.launchConfigurations.LaunchConfigurationsDialog.doInitialTreeSelection(LaunchConfigurationsDialog.java:653)
	at org.eclipse.debug.internal.ui.launchConfigurations.LaunchConfigurationsDialog.initializeContent(LaunchConfigurationsDialog.java:1176)
	at org.eclipse.debug.internal.ui.launchConfigurations.LaunchConfigurationsDialog.createContents(LaunchConfigurationsDialog.java:468)
	at org.eclipse.jface.window.Window.create(Window.java:431)
	at org.eclipse.jface.dialogs.Dialog.create(Dialog.java:1088)
	at org.eclipse.debug.internal.ui.launchConfigurations.LaunchConfigurationsDialog.create(LaunchConfigurationsDialog.java:377)
	at org.eclipse.jface.window.Window.open(Window.java:788)
	at org.eclipse.debug.internal.ui.launchConfigurations.LaunchConfigurationsDialog.open(LaunchConfigurationsDialog.java:1229)
	at org.eclipse.debug.ui.DebugUITools.lambda$1(DebugUITools.java:628)
	at org.eclipse.swt.custom.BusyIndicator.showWhile(BusyIndicator.java:67)
	at org.eclipse.debug.ui.DebugUITools.openLaunchConfigurationDialogOnGroup(DebugUITools.java:634)
	at org.eclipse.debug.ui.DebugUITools.openLaunchConfigurationDialogOnGroup(DebugUITools.java:572)
	at org.eclipse.debug.ui.actions.OpenLaunchDialogAction.run(OpenLaunchDialogAction.java:85)
	at org.eclipse.debug.ui.actions.OpenLaunchDialogAction.runWithEvent(OpenLaunchDialogAction.java:91)
	at org.eclipse.ui.internal.PluginAction.runWithEvent(PluginAction.java:229)
	at org.eclipse.ui.internal.WWinPluginAction.runWithEvent(WWinPluginAction.java:218)
	at org.eclipse.jface.action.ActionContributionItem.handleWidgetSelection(ActionContributionItem.java:581)
	at org.eclipse.jface.action.ActionContributionItem.lambda$4(ActionContributionItem.java:415)
	at org.eclipse.swt.widgets.EventTable.sendEvent(EventTable.java:91)
	at org.eclipse.swt.widgets.Display.sendEvent(Display.java:4362)
	at org.eclipse.swt.widgets.Widget.sendEvent(Widget.java:1214)
	at org.eclipse.swt.widgets.Display.runDeferredEvents(Display.java:4160)
	at org.eclipse.swt.widgets.Display.readAndDispatch(Display.java:3748)
	at org.eclipse.e4.ui.internal.workbench.swt.PartRenderingEngine$5.run(PartRenderingEngine.java:1151)
	at org.eclipse.core.databinding.observable.Realm.runWithDefault(Realm.java:339)
	at org.eclipse.e4.ui.internal.workbench.swt.PartRenderingEngine.run(PartRenderingEngine.java:1042)
	at org.eclipse.e4.ui.internal.workbench.E4Workbench.createAndRunUI(E4Workbench.java:153)
	at org.eclipse.ui.internal.Workbench.lambda$3(Workbench.java:678)
	at org.eclipse.core.databinding.observable.Realm.runWithDefault(Realm.java:339)
	at org.eclipse.ui.internal.Workbench.createAndRunWorkbench(Workbench.java:583)
	at org.eclipse.ui.PlatformUI.createAndRunWorkbench(PlatformUI.java:173)
	at org.eclipse.ui.internal.ide.application.IDEApplication.start(IDEApplication.java:185)
	at org.eclipse.equinox.internal.app.EclipseAppHandle.run(EclipseAppHandle.java:219)
	at org.eclipse.equinox.internal.app.MainApplicationLauncher.run(MainApplicationLauncher.java:37)
	at org.eclipse.core.runtime.internal.adaptor.EclipseAppLauncher.runApplication(EclipseAppLauncher.java:149)
	at org.eclipse.core.runtime.internal.adaptor.EclipseAppLauncher.start(EclipseAppLauncher.java:115)
	at org.eclipse.core.runtime.adaptor.EclipseStarter.run(EclipseStarter.java:467)
	at org.eclipse.core.runtime.adaptor.EclipseStarter.run(EclipseStarter.java:298)
	at java.base/jdk.internal.reflect.DirectMethodHandleAccessor.invoke(DirectMethodHandleAccessor.java:103)
	at java.base/java.lang.reflect.Method.invoke(Method.java:580)
	at org.eclipse.equinox.launcher.Main.invokeFramework(Main.java:627)
	at org.eclipse.equinox.launcher.Main.basicRun(Main.java:575)
	at org.eclipse.equinox.launcher.Main.run(Main.java:1431)
2026-04-16 20:27:58,081 [main] ERROR o.e.m.j.i.l.MavenLaunchConfigurationListener - Launch configuration AdminLogin (1) references non-existing project Library.
org.eclipse.core.runtime.CoreException: Launch configuration AdminLogin (1) references non-existing project Library.
	at org.eclipse.jdt.launching.JavaRuntime.abort(JavaRuntime.java:1871)
	at org.eclipse.jdt.launching.JavaRuntime.getJavaProject(JavaRuntime.java:1748)
	at org.eclipse.m2e.jdt.internal.launch.MavenLaunchConfigurationListener.updateLaunchConfiguration(MavenLaunchConfigurationListener.java:66)
	at org.eclipse.m2e.jdt.internal.launch.MavenLaunchConfigurationListener.launchConfigurationChanged(MavenLaunchConfigurationListener.java:52)
	at org.eclipse.debug.internal.core.LaunchManager$ConfigurationNotifier.run(LaunchManager.java:220)
	at org.eclipse.core.runtime.SafeRunner.run(SafeRunner.java:47)
	at org.eclipse.debug.internal.core.LaunchManager$ConfigurationNotifier.notify(LaunchManager.java:204)
	at org.eclipse.debug.internal.core.LaunchConfigurationWorkingCopy.setDirty(LaunchConfigurationWorkingCopy.java:527)
	at org.eclipse.debug.internal.core.LaunchConfigurationWorkingCopy.setAttribute(LaunchConfigurationWorkingCopy.java:415)
	at org.eclipse.jdt.debug.ui.launchConfigurations.JavaMainTab.performApply(JavaMainTab.java:246)
	at org.eclipse.debug.internal.ui.launchConfigurations.LaunchConfigurationTabGroupViewer.refresh(LaunchConfigurationTabGroupViewer.java:528)
	at org.eclipse.debug.internal.ui.launchConfigurations.LaunchConfigurationsDialog.updateButtons(LaunchConfigurationsDialog.java:1643)
	at org.eclipse.debug.ui.AbstractLaunchConfigurationTab.updateLaunchConfigurationDialog(AbstractLaunchConfigurationTab.java:155)
	at org.eclipse.jdt.internal.debug.ui.launcher.AbstractJavaMainTab.access$0(AbstractJavaMainTab.java:1)
	at org.eclipse.jdt.internal.debug.ui.launcher.AbstractJavaMainTab$WidgetListener.modifyText(AbstractJavaMainTab.java:65)
	at org.eclipse.swt.widgets.TypedListener.handleEvent(TypedListener.java:217)
	at org.eclipse.swt.widgets.EventTable.sendEvent(EventTable.java:91)
	at org.eclipse.swt.widgets.Display.sendEvent(Display.java:4362)
	at org.eclipse.swt.widgets.Widget.sendEvent(Widget.java:1214)
	at org.eclipse.swt.widgets.Widget.sendEvent(Widget.java:1238)
	at org.eclipse.swt.widgets.Widget.sendEvent(Widget.java:1219)
	at org.eclipse.swt.widgets.Text.wmCommandChild(Text.java:3077)
	at org.eclipse.swt.widgets.Control.WM_COMMAND(Control.java:4937)
	at org.eclipse.swt.widgets.Control.windowProc(Control.java:4788)
	at org.eclipse.swt.widgets.Display.windowProc(Display.java:5130)
	at org.eclipse.swt.internal.win32.OS.CallWindowProc(Native Method)
	at org.eclipse.swt.widgets.Text.callWindowProc(Text.java:296)
	at org.eclipse.swt.widgets.Control.windowProc(Control.java:4887)
	at org.eclipse.swt.widgets.Text.windowProc(Text.java:2655)
	at org.eclipse.swt.widgets.Display.windowProc(Display.java:5130)
	at org.eclipse.swt.internal.win32.OS.SetWindowText(Native Method)
	at org.eclipse.swt.internal.win32.OS.SetWindowText(OS.java:2276)
	at org.eclipse.swt.widgets.Text.setText(Text.java:2315)
	at org.eclipse.jdt.internal.debug.ui.launcher.AbstractJavaMainTab.updateProjectFromConfig(AbstractJavaMainTab.java:201)
	at org.eclipse.jdt.internal.debug.ui.launcher.AbstractJavaMainTab.initializeFrom(AbstractJavaMainTab.java:185)
	at org.eclipse.jdt.debug.ui.launchConfigurations.JavaMainTab.initializeFrom(JavaMainTab.java:184)
	at org.eclipse.debug.ui.AbstractLaunchConfigurationTab.activated(AbstractLaunchConfigurationTab.java:453)
	at org.eclipse.debug.internal.ui.launchConfigurations.LaunchConfigurationTabGroupViewer.propagateTabActivation(LaunchConfigurationTabGroupViewer.java:1483)
	at org.eclipse.debug.internal.ui.launchConfigurations.LaunchConfigurationTabGroupViewer.handleTabSelected(LaunchConfigurationTabGroupViewer.java:1462)
	at org.eclipse.debug.internal.ui.launchConfigurations.LaunchConfigurationTabGroupViewer.setActiveTab(LaunchConfigurationTabGroupViewer.java:1678)
	at org.eclipse.debug.internal.ui.launchConfigurations.LaunchConfigurationTabGroupViewer.displayInstanceTabs(LaunchConfigurationTabGroupViewer.java:879)
	at org.eclipse.debug.internal.ui.launchConfigurations.LaunchConfigurationTabGroupViewer.lambda$4(LaunchConfigurationTabGroupViewer.java:730)
	at org.eclipse.swt.custom.BusyIndicator.showWhile(BusyIndicator.java:67)
	at org.eclipse.debug.internal.ui.launchConfigurations.LaunchConfigurationTabGroupViewer.inputChanged(LaunchConfigurationTabGroupViewer.java:716)
	at org.eclipse.debug.internal.ui.launchConfigurations.LaunchConfigurationTabGroupViewer.setInput0(LaunchConfigurationTabGroupViewer.java:684)
	at org.eclipse.debug.internal.ui.launchConfigurations.LaunchConfigurationTabGroupViewer.setInput(LaunchConfigurationTabGroupViewer.java:664)
	at org.eclipse.debug.internal.ui.launchConfigurations.LaunchConfigurationsDialog.handleLaunchConfigurationSelectionChanged(LaunchConfigurationsDialog.java:1043)
	at org.eclipse.debug.internal.ui.launchConfigurations.LaunchConfigurationsDialog.lambda$1(LaunchConfigurationsDialog.java:607)
	at org.eclipse.jface.viewers.StructuredViewer$3.run(StructuredViewer.java:819)
	at org.eclipse.core.runtime.SafeRunner.run(SafeRunner.java:47)
	at org.eclipse.jface.util.SafeRunnable.run(SafeRunnable.java:167)
	at org.eclipse.jface.viewers.StructuredViewer.firePostSelectionChanged(StructuredViewer.java:816)
	at org.eclipse.jface.viewers.ColumnViewer.firePostSelectionChanged(ColumnViewer.java:1051)
	at org.eclipse.jface.viewers.StructuredViewer.setSelection(StructuredViewer.java:1664)
	at org.eclipse.jface.viewers.TreeViewer.setSelection(TreeViewer.java:1091)
	at org.eclipse.jface.viewers.Viewer.setSelection(Viewer.java:375)
	at org.eclipse.debug.internal.ui.launchConfigurations.LaunchConfigurationsDialog.doInitialTreeSelection(LaunchConfigurationsDialog.java:653)
	at org.eclipse.debug.internal.ui.launchConfigurations.LaunchConfigurationsDialog.initializeContent(LaunchConfigurationsDialog.java:1176)
	at org.eclipse.debug.internal.ui.launchConfigurations.LaunchConfigurationsDialog.createContents(LaunchConfigurationsDialog.java:468)
	at org.eclipse.jface.window.Window.create(Window.java:431)
	at org.eclipse.jface.dialogs.Dialog.create(Dialog.java:1088)
	at org.eclipse.debug.internal.ui.launchConfigurations.LaunchConfigurationsDialog.create(LaunchConfigurationsDialog.java:377)
	at org.eclipse.jface.window.Window.open(Window.java:788)
	at org.eclipse.debug.internal.ui.launchConfigurations.LaunchConfigurationsDialog.open(LaunchConfigurationsDialog.java:1229)
	at org.eclipse.debug.ui.DebugUITools.lambda$1(DebugUITools.java:628)
	at org.eclipse.swt.custom.BusyIndicator.showWhile(BusyIndicator.java:67)
	at org.eclipse.debug.ui.DebugUITools.openLaunchConfigurationDialogOnGroup(DebugUITools.java:634)
	at org.eclipse.debug.ui.DebugUITools.openLaunchConfigurationDialogOnGroup(DebugUITools.java:572)
	at org.eclipse.debug.ui.actions.OpenLaunchDialogAction.run(OpenLaunchDialogAction.java:85)
	at org.eclipse.debug.ui.actions.OpenLaunchDialogAction.runWithEvent(OpenLaunchDialogAction.java:91)
	at org.eclipse.ui.internal.PluginAction.runWithEvent(PluginAction.java:229)
	at org.eclipse.ui.internal.WWinPluginAction.runWithEvent(WWinPluginAction.java:218)
	at org.eclipse.jface.action.ActionContributionItem.handleWidgetSelection(ActionContributionItem.java:581)
	at org.eclipse.jface.action.ActionContributionItem.lambda$4(ActionContributionItem.java:415)
	at org.eclipse.swt.widgets.EventTable.sendEvent(EventTable.java:91)
	at org.eclipse.swt.widgets.Display.sendEvent(Display.java:4362)
	at org.eclipse.swt.widgets.Widget.sendEvent(Widget.java:1214)
	at org.eclipse.swt.widgets.Display.runDeferredEvents(Display.java:4160)
	at org.eclipse.swt.widgets.Display.readAndDispatch(Display.java:3748)
	at org.eclipse.e4.ui.internal.workbench.swt.PartRenderingEngine$5.run(PartRenderingEngine.java:1151)
	at org.eclipse.core.databinding.observable.Realm.runWithDefault(Realm.java:339)
	at org.eclipse.e4.ui.internal.workbench.swt.PartRenderingEngine.run(PartRenderingEngine.java:1042)
	at org.eclipse.e4.ui.internal.workbench.E4Workbench.createAndRunUI(E4Workbench.java:153)
	at org.eclipse.ui.internal.Workbench.lambda$3(Workbench.java:678)
	at org.eclipse.core.databinding.observable.Realm.runWithDefault(Realm.java:339)
	at org.eclipse.ui.internal.Workbench.createAndRunWorkbench(Workbench.java:583)
	at org.eclipse.ui.PlatformUI.createAndRunWorkbench(PlatformUI.java:173)
	at org.eclipse.ui.internal.ide.application.IDEApplication.start(IDEApplication.java:185)
	at org.eclipse.equinox.internal.app.EclipseAppHandle.run(EclipseAppHandle.java:219)
	at org.eclipse.equinox.internal.app.MainApplicationLauncher.run(MainApplicationLauncher.java:37)
	at org.eclipse.core.runtime.internal.adaptor.EclipseAppLauncher.runApplication(EclipseAppLauncher.java:149)
	at org.eclipse.core.runtime.internal.adaptor.EclipseAppLauncher.start(EclipseAppLauncher.java:115)
	at org.eclipse.core.runtime.adaptor.EclipseStarter.run(EclipseStarter.java:467)
	at org.eclipse.core.runtime.adaptor.EclipseStarter.run(EclipseStarter.java:298)
	at java.base/jdk.internal.reflect.DirectMethodHandleAccessor.invoke(DirectMethodHandleAccessor.java:103)
	at java.base/java.lang.reflect.Method.invoke(Method.java:580)
	at org.eclipse.equinox.launcher.Main.invokeFramework(Main.java:627)
	at org.eclipse.equinox.launcher.Main.basicRun(Main.java:575)
	at org.eclipse.equinox.launcher.Main.run(Main.java:1431)
2026-04-16 20:27:58,087 [main] ERROR o.e.m.j.i.l.MavenLaunchConfigurationListener - Launch configuration AdminLogin (1) references non-existing project Library.
org.eclipse.core.runtime.CoreException: Launch configuration AdminLogin (1) references non-existing project Library.
	at org.eclipse.jdt.launching.JavaRuntime.abort(JavaRuntime.java:1871)
	at org.eclipse.jdt.launching.JavaRuntime.getJavaProject(JavaRuntime.java:1748)
	at org.eclipse.m2e.jdt.internal.launch.MavenLaunchConfigurationListener.updateLaunchConfiguration(MavenLaunchConfigurationListener.java:66)
	at org.eclipse.m2e.jdt.internal.launch.MavenLaunchConfigurationListener.launchConfigurationChanged(MavenLaunchConfigurationListener.java:52)
	at org.eclipse.debug.internal.core.LaunchManager$ConfigurationNotifier.run(LaunchManager.java:220)
	at org.eclipse.core.runtime.SafeRunner.run(SafeRunner.java:47)
	at org.eclipse.debug.internal.core.LaunchManager$ConfigurationNotifier.notify(LaunchManager.java:204)
	at org.eclipse.debug.internal.core.LaunchConfigurationWorkingCopy.setDirty(LaunchConfigurationWorkingCopy.java:527)
	at org.eclipse.debug.internal.core.LaunchConfigurationWorkingCopy.setAttribute(LaunchConfigurationWorkingCopy.java:415)
	at org.eclipse.jdt.debug.ui.launchConfigurations.JavaMainTab.performApply(JavaMainTab.java:254)
	at org.eclipse.debug.internal.ui.launchConfigurations.LaunchConfigurationTabGroupViewer.refresh(LaunchConfigurationTabGroupViewer.java:528)
	at org.eclipse.debug.internal.ui.launchConfigurations.LaunchConfigurationsDialog.updateButtons(LaunchConfigurationsDialog.java:1643)
	at org.eclipse.debug.ui.AbstractLaunchConfigurationTab.updateLaunchConfigurationDialog(AbstractLaunchConfigurationTab.java:155)
	at org.eclipse.jdt.internal.debug.ui.launcher.AbstractJavaMainTab.access$0(AbstractJavaMainTab.java:1)
	at org.eclipse.jdt.internal.debug.ui.launcher.AbstractJavaMainTab$WidgetListener.modifyText(AbstractJavaMainTab.java:65)
	at org.eclipse.swt.widgets.TypedListener.handleEvent(TypedListener.java:217)
	at org.eclipse.swt.widgets.EventTable.sendEvent(EventTable.java:91)
	at org.eclipse.swt.widgets.Display.sendEvent(Display.java:4362)
	at org.eclipse.swt.widgets.Widget.sendEvent(Widget.java:1214)
	at org.eclipse.swt.widgets.Widget.sendEvent(Widget.java:1238)
	at org.eclipse.swt.widgets.Widget.sendEvent(Widget.java:1219)
	at org.eclipse.swt.widgets.Text.wmCommandChild(Text.java:3077)
	at org.eclipse.swt.widgets.Control.WM_COMMAND(Control.java:4937)
	at org.eclipse.swt.widgets.Control.windowProc(Control.java:4788)
	at org.eclipse.swt.widgets.Display.windowProc(Display.java:5130)
	at org.eclipse.swt.internal.win32.OS.CallWindowProc(Native Method)
	at org.eclipse.swt.widgets.Text.callWindowProc(Text.java:296)
	at org.eclipse.swt.widgets.Control.windowProc(Control.java:4887)
	at org.eclipse.swt.widgets.Text.windowProc(Text.java:2655)
	at org.eclipse.swt.widgets.Display.windowProc(Display.java:5130)
	at org.eclipse.swt.internal.win32.OS.SetWindowText(Native Method)
	at org.eclipse.swt.internal.win32.OS.SetWindowText(OS.java:2276)
	at org.eclipse.swt.widgets.Text.setText(Text.java:2315)
	at org.eclipse.jdt.internal.debug.ui.launcher.AbstractJavaMainTab.updateProjectFromConfig(AbstractJavaMainTab.java:201)
	at org.eclipse.jdt.internal.debug.ui.launcher.AbstractJavaMainTab.initializeFrom(AbstractJavaMainTab.java:185)
	at org.eclipse.jdt.debug.ui.launchConfigurations.JavaMainTab.initializeFrom(JavaMainTab.java:184)
	at org.eclipse.debug.ui.AbstractLaunchConfigurationTab.activated(AbstractLaunchConfigurationTab.java:453)
	at org.eclipse.debug.internal.ui.launchConfigurations.LaunchConfigurationTabGroupViewer.propagateTabActivation(LaunchConfigurationTabGroupViewer.java:1483)
	at org.eclipse.debug.internal.ui.launchConfigurations.LaunchConfigurationTabGroupViewer.handleTabSelected(LaunchConfigurationTabGroupViewer.java:1462)
	at org.eclipse.debug.internal.ui.launchConfigurations.LaunchConfigurationTabGroupViewer.setActiveTab(LaunchConfigurationTabGroupViewer.java:1678)
	at org.eclipse.debug.internal.ui.launchConfigurations.LaunchConfigurationTabGroupViewer.displayInstanceTabs(LaunchConfigurationTabGroupViewer.java:879)
	at org.eclipse.debug.internal.ui.launchConfigurations.LaunchConfigurationTabGroupViewer.lambda$4(LaunchConfigurationTabGroupViewer.java:730)
	at org.eclipse.swt.custom.BusyIndicator.showWhile(BusyIndicator.java:67)
	at org.eclipse.debug.internal.ui.launchConfigurations.LaunchConfigurationTabGroupViewer.inputChanged(LaunchConfigurationTabGroupViewer.java:716)
	at org.eclipse.debug.internal.ui.launchConfigurations.LaunchConfigurationTabGroupViewer.setInput0(LaunchConfigurationTabGroupViewer.java:684)
	at org.eclipse.debug.internal.ui.launchConfigurations.LaunchConfigurationTabGroupViewer.setInput(LaunchConfigurationTabGroupViewer.java:664)
	at org.eclipse.debug.internal.ui.launchConfigurations.LaunchConfigurationsDialog.handleLaunchConfigurationSelectionChanged(LaunchConfigurationsDialog.java:1043)
	at org.eclipse.debug.internal.ui.launchConfigurations.LaunchConfigurationsDialog.lambda$1(LaunchConfigurationsDialog.java:607)
	at org.eclipse.jface.viewers.StructuredViewer$3.run(StructuredViewer.java:819)
	at org.eclipse.core.runtime.SafeRunner.run(SafeRunner.java:47)
	at org.eclipse.jface.util.SafeRunnable.run(SafeRunnable.java:167)
	at org.eclipse.jface.viewers.StructuredViewer.firePostSelectionChanged(StructuredViewer.java:816)
	at org.eclipse.jface.viewers.ColumnViewer.firePostSelectionChanged(ColumnViewer.java:1051)
	at org.eclipse.jface.viewers.StructuredViewer.setSelection(StructuredViewer.java:1664)
	at org.eclipse.jface.viewers.TreeViewer.setSelection(TreeViewer.java:1091)
	at org.eclipse.jface.viewers.Viewer.setSelection(Viewer.java:375)
	at org.eclipse.debug.internal.ui.launchConfigurations.LaunchConfigurationsDialog.doInitialTreeSelection(LaunchConfigurationsDialog.java:653)
	at org.eclipse.debug.internal.ui.launchConfigurations.LaunchConfigurationsDialog.initializeContent(LaunchConfigurationsDialog.java:1176)
	at org.eclipse.debug.internal.ui.launchConfigurations.LaunchConfigurationsDialog.createContents(LaunchConfigurationsDialog.java:468)
	at org.eclipse.jface.window.Window.create(Window.java:431)
	at org.eclipse.jface.dialogs.Dialog.create(Dialog.java:1088)
	at org.eclipse.debug.internal.ui.launchConfigurations.LaunchConfigurationsDialog.create(LaunchConfigurationsDialog.java:377)
	at org.eclipse.jface.window.Window.open(Window.java:788)
	at org.eclipse.debug.internal.ui.launchConfigurations.LaunchConfigurationsDialog.open(LaunchConfigurationsDialog.java:1229)
	at org.eclipse.debug.ui.DebugUITools.lambda$1(DebugUITools.java:628)
	at org.eclipse.swt.custom.BusyIndicator.showWhile(BusyIndicator.java:67)
	at org.eclipse.debug.ui.DebugUITools.openLaunchConfigurationDialogOnGroup(DebugUITools.java:634)
	at org.eclipse.debug.ui.DebugUITools.openLaunchConfigurationDialogOnGroup(DebugUITools.java:572)
	at org.eclipse.debug.ui.actions.OpenLaunchDialogAction.run(OpenLaunchDialogAction.java:85)
	at org.eclipse.debug.ui.actions.OpenLaunchDialogAction.runWithEvent(OpenLaunchDialogAction.java:91)
	at org.eclipse.ui.internal.PluginAction.runWithEvent(PluginAction.java:229)
	at org.eclipse.ui.internal.WWinPluginAction.runWithEvent(WWinPluginAction.java:218)
	at org.eclipse.jface.action.ActionContributionItem.handleWidgetSelection(ActionContributionItem.java:581)
	at org.eclipse.jface.action.ActionContributionItem.lambda$4(ActionContributionItem.java:415)
	at org.eclipse.swt.widgets.EventTable.sendEvent(EventTable.java:91)
	at org.eclipse.swt.widgets.Display.sendEvent(Display.java:4362)
	at org.eclipse.swt.widgets.Widget.sendEvent(Widget.java:1214)
	at org.eclipse.swt.widgets.Display.runDeferredEvents(Display.java:4160)
	at org.eclipse.swt.widgets.Display.readAndDispatch(Display.java:3748)
	at org.eclipse.e4.ui.internal.workbench.swt.PartRenderingEngine$5.run(PartRenderingEngine.java:1151)
	at org.eclipse.core.databinding.observable.Realm.runWithDefault(Realm.java:339)
	at org.eclipse.e4.ui.internal.workbench.swt.PartRenderingEngine.run(PartRenderingEngine.java:1042)
	at org.eclipse.e4.ui.internal.workbench.E4Workbench.createAndRunUI(E4Workbench.java:153)
	at org.eclipse.ui.internal.Workbench.lambda$3(Workbench.java:678)
	at org.eclipse.core.databinding.observable.Realm.runWithDefault(Realm.java:339)
	at org.eclipse.ui.internal.Workbench.createAndRunWorkbench(Workbench.java:583)
	at org.eclipse.ui.PlatformUI.createAndRunWorkbench(PlatformUI.java:173)
	at org.eclipse.ui.internal.ide.application.IDEApplication.start(IDEApplication.java:185)
	at org.eclipse.equinox.internal.app.EclipseAppHandle.run(EclipseAppHandle.java:219)
	at org.eclipse.equinox.internal.app.MainApplicationLauncher.run(MainApplicationLauncher.java:37)
	at org.eclipse.core.runtime.internal.adaptor.EclipseAppLauncher.runApplication(EclipseAppLauncher.java:149)
	at org.eclipse.core.runtime.internal.adaptor.EclipseAppLauncher.start(EclipseAppLauncher.java:115)
	at org.eclipse.core.runtime.adaptor.EclipseStarter.run(EclipseStarter.java:467)
	at org.eclipse.core.runtime.adaptor.EclipseStarter.run(EclipseStarter.java:298)
	at java.base/jdk.internal.reflect.DirectMethodHandleAccessor.invoke(DirectMethodHandleAccessor.java:103)
	at java.base/java.lang.reflect.Method.invoke(Method.java:580)
	at org.eclipse.equinox.launcher.Main.invokeFramework(Main.java:627)
	at org.eclipse.equinox.launcher.Main.basicRun(Main.java:575)
	at org.eclipse.equinox.launcher.Main.run(Main.java:1431)
2026-04-16 20:27:58,121 [main] ERROR o.e.m.j.i.l.MavenLaunchConfigurationListener - Launch configuration AdminLogin (1) references non-existing project Library.
org.eclipse.core.runtime.CoreException: Launch configuration AdminLogin (1) references non-existing project Library.
	at org.eclipse.jdt.launching.JavaRuntime.abort(JavaRuntime.java:1871)
	at org.eclipse.jdt.launching.JavaRuntime.getJavaProject(JavaRuntime.java:1748)
	at org.eclipse.m2e.jdt.internal.launch.MavenLaunchConfigurationListener.updateLaunchConfiguration(MavenLaunchConfigurationListener.java:66)
	at org.eclipse.m2e.jdt.internal.launch.MavenLaunchConfigurationListener.launchConfigurationChanged(MavenLaunchConfigurationListener.java:52)
	at org.eclipse.debug.internal.core.LaunchManager$ConfigurationNotifier.run(LaunchManager.java:220)
	at org.eclipse.core.runtime.SafeRunner.run(SafeRunner.java:47)
	at org.eclipse.debug.internal.core.LaunchManager$ConfigurationNotifier.notify(LaunchManager.java:204)
	at org.eclipse.debug.internal.core.LaunchConfigurationWorkingCopy.setDirty(LaunchConfigurationWorkingCopy.java:527)
	at org.eclipse.debug.internal.core.LaunchConfigurationWorkingCopy.setAttribute(LaunchConfigurationWorkingCopy.java:415)
	at org.eclipse.jdt.debug.ui.launchConfigurations.JavaMainTab.performApply(JavaMainTab.java:228)
	at org.eclipse.debug.internal.ui.launchConfigurations.LaunchConfigurationTabGroupViewer.refresh(LaunchConfigurationTabGroupViewer.java:528)
	at org.eclipse.debug.internal.ui.launchConfigurations.LaunchConfigurationsDialog.updateButtons(LaunchConfigurationsDialog.java:1643)
	at org.eclipse.debug.ui.AbstractLaunchConfigurationTab.updateLaunchConfigurationDialog(AbstractLaunchConfigurationTab.java:155)
	at org.eclipse.jdt.internal.debug.ui.launcher.SharedJavaMainTab.access$0(SharedJavaMainTab.java:1)
	at org.eclipse.jdt.internal.debug.ui.launcher.SharedJavaMainTab$1.modifyText(SharedJavaMainTab.java:74)
	at org.eclipse.swt.widgets.TypedListener.handleEvent(TypedListener.java:217)
	at org.eclipse.swt.widgets.EventTable.sendEvent(EventTable.java:91)
	at org.eclipse.swt.widgets.Display.sendEvent(Display.java:4362)
	at org.eclipse.swt.widgets.Widget.sendEvent(Widget.java:1214)
	at org.eclipse.swt.widgets.Widget.sendEvent(Widget.java:1238)
	at org.eclipse.swt.widgets.Widget.sendEvent(Widget.java:1219)
	at org.eclipse.swt.widgets.Text.wmCommandChild(Text.java:3077)
	at org.eclipse.swt.widgets.Control.WM_COMMAND(Control.java:4937)
	at org.eclipse.swt.widgets.Control.windowProc(Control.java:4788)
	at org.eclipse.swt.widgets.Display.windowProc(Display.java:5130)
	at org.eclipse.swt.internal.win32.OS.CallWindowProc(Native Method)
	at org.eclipse.swt.widgets.Text.callWindowProc(Text.java:296)
	at org.eclipse.swt.widgets.Control.windowProc(Control.java:4887)
	at org.eclipse.swt.widgets.Text.windowProc(Text.java:2655)
	at org.eclipse.swt.widgets.Display.windowProc(Display.java:5130)
	at org.eclipse.swt.internal.win32.OS.SetWindowText(Native Method)
	at org.eclipse.swt.internal.win32.OS.SetWindowText(OS.java:2276)
	at org.eclipse.swt.widgets.Text.setText(Text.java:2315)
	at org.eclipse.jdt.internal.debug.ui.launcher.SharedJavaMainTab.updateMainTypeFromConfig(SharedJavaMainTab.java:185)
	at org.eclipse.jdt.debug.ui.launchConfigurations.JavaMainTab.initializeFrom(JavaMainTab.java:185)
	at org.eclipse.debug.ui.AbstractLaunchConfigurationTab.activated(AbstractLaunchConfigurationTab.java:453)
	at org.eclipse.debug.internal.ui.launchConfigurations.LaunchConfigurationTabGroupViewer.propagateTabActivation(LaunchConfigurationTabGroupViewer.java:1483)
	at org.eclipse.debug.internal.ui.launchConfigurations.LaunchConfigurationTabGroupViewer.handleTabSelected(LaunchConfigurationTabGroupViewer.java:1462)
	at org.eclipse.debug.internal.ui.launchConfigurations.LaunchConfigurationTabGroupViewer.setActiveTab(LaunchConfigurationTabGroupViewer.java:1678)
	at org.eclipse.debug.internal.ui.launchConfigurations.LaunchConfigurationTabGroupViewer.displayInstanceTabs(LaunchConfigurationTabGroupViewer.java:879)
	at org.eclipse.debug.internal.ui.launchConfigurations.LaunchConfigurationTabGroupViewer.lambda$4(LaunchConfigurationTabGroupViewer.java:730)
	at org.eclipse.swt.custom.BusyIndicator.showWhile(BusyIndicator.java:67)
	at org.eclipse.debug.internal.ui.launchConfigurations.LaunchConfigurationTabGroupViewer.inputChanged(LaunchConfigurationTabGroupViewer.java:716)
	at org.eclipse.debug.internal.ui.launchConfigurations.LaunchConfigurationTabGroupViewer.setInput0(LaunchConfigurationTabGroupViewer.java:684)
	at org.eclipse.debug.internal.ui.launchConfigurations.LaunchConfigurationTabGroupViewer.setInput(LaunchConfigurationTabGroupViewer.java:664)
	at org.eclipse.debug.internal.ui.launchConfigurations.LaunchConfigurationsDialog.handleLaunchConfigurationSelectionChanged(LaunchConfigurationsDialog.java:1043)
	at org.eclipse.debug.internal.ui.launchConfigurations.LaunchConfigurationsDialog.lambda$1(LaunchConfigurationsDialog.java:607)
	at org.eclipse.jface.viewers.StructuredViewer$3.run(StructuredViewer.java:819)
	at org.eclipse.core.runtime.SafeRunner.run(SafeRunner.java:47)
	at org.eclipse.jface.util.SafeRunnable.run(SafeRunnable.java:167)
	at org.eclipse.jface.viewers.StructuredViewer.firePostSelectionChanged(StructuredViewer.java:816)
	at org.eclipse.jface.viewers.ColumnViewer.firePostSelectionChanged(ColumnViewer.java:1051)
	at org.eclipse.jface.viewers.StructuredViewer.setSelection(StructuredViewer.java:1664)
	at org.eclipse.jface.viewers.TreeViewer.setSelection(TreeViewer.java:1091)
	at org.eclipse.jface.viewers.Viewer.setSelection(Viewer.java:375)
	at org.eclipse.debug.internal.ui.launchConfigurations.LaunchConfigurationsDialog.doInitialTreeSelection(LaunchConfigurationsDialog.java:653)
	at org.eclipse.debug.internal.ui.launchConfigurations.LaunchConfigurationsDialog.initializeContent(LaunchConfigurationsDialog.java:1176)
	at org.eclipse.debug.internal.ui.launchConfigurations.LaunchConfigurationsDialog.createContents(LaunchConfigurationsDialog.java:468)
	at org.eclipse.jface.window.Window.create(Window.java:431)
	at org.eclipse.jface.dialogs.Dialog.create(Dialog.java:1088)
	at org.eclipse.debug.internal.ui.launchConfigurations.LaunchConfigurationsDialog.create(LaunchConfigurationsDialog.java:377)
	at org.eclipse.jface.window.Window.open(Window.java:788)
	at org.eclipse.debug.internal.ui.launchConfigurations.LaunchConfigurationsDialog.open(LaunchConfigurationsDialog.java:1229)
	at org.eclipse.debug.ui.DebugUITools.lambda$1(DebugUITools.java:628)
	at org.eclipse.swt.custom.BusyIndicator.showWhile(BusyIndicator.java:67)
	at org.eclipse.debug.ui.DebugUITools.openLaunchConfigurationDialogOnGroup(DebugUITools.java:634)
	at org.eclipse.debug.ui.DebugUITools.openLaunchConfigurationDialogOnGroup(DebugUITools.java:572)
	at org.eclipse.debug.ui.actions.OpenLaunchDialogAction.run(OpenLaunchDialogAction.java:85)
	at org.eclipse.debug.ui.actions.OpenLaunchDialogAction.runWithEvent(OpenLaunchDialogAction.java:91)
	at org.eclipse.ui.internal.PluginAction.runWithEvent(PluginAction.java:229)
	at org.eclipse.ui.internal.WWinPluginAction.runWithEvent(WWinPluginAction.java:218)
	at org.eclipse.jface.action.ActionContributionItem.handleWidgetSelection(ActionContributionItem.java:581)
	at org.eclipse.jface.action.ActionContributionItem.lambda$4(ActionContributionItem.java:415)
	at org.eclipse.swt.widgets.EventTable.sendEvent(EventTable.java:91)
	at org.eclipse.swt.widgets.Display.sendEvent(Display.java:4362)
	at org.eclipse.swt.widgets.Widget.sendEvent(Widget.java:1214)
	at org.eclipse.swt.widgets.Display.runDeferredEvents(Display.java:4160)
	at org.eclipse.swt.widgets.Display.readAndDispatch(Display.java:3748)
	at org.eclipse.e4.ui.internal.workbench.swt.PartRenderingEngine$5.run(PartRenderingEngine.java:1151)
	at org.eclipse.core.databinding.observable.Realm.runWithDefault(Realm.java:339)
	at org.eclipse.e4.ui.internal.workbench.swt.PartRenderingEngine.run(PartRenderingEngine.java:1042)
	at org.eclipse.e4.ui.internal.workbench.E4Workbench.createAndRunUI(E4Workbench.java:153)
	at org.eclipse.ui.internal.Workbench.lambda$3(Workbench.java:678)
	at org.eclipse.core.databinding.observable.Realm.runWithDefault(Realm.java:339)
	at org.eclipse.ui.internal.Workbench.createAndRunWorkbench(Workbench.java:583)
	at org.eclipse.ui.PlatformUI.createAndRunWorkbench(PlatformUI.java:173)
	at org.eclipse.ui.internal.ide.application.IDEApplication.start(IDEApplication.java:185)
	at org.eclipse.equinox.internal.app.EclipseAppHandle.run(EclipseAppHandle.java:219)
	at org.eclipse.equinox.internal.app.MainApplicationLauncher.run(MainApplicationLauncher.java:37)
	at org.eclipse.core.runtime.internal.adaptor.EclipseAppLauncher.runApplication(EclipseAppLauncher.java:149)
	at org.eclipse.core.runtime.internal.adaptor.EclipseAppLauncher.start(EclipseAppLauncher.java:115)
	at org.eclipse.core.runtime.adaptor.EclipseStarter.run(EclipseStarter.java:467)
	at org.eclipse.core.runtime.adaptor.EclipseStarter.run(EclipseStarter.java:298)
	at java.base/jdk.internal.reflect.DirectMethodHandleAccessor.invoke(DirectMethodHandleAccessor.java:103)
	at java.base/java.lang.reflect.Method.invoke(Method.java:580)
	at org.eclipse.equinox.launcher.Main.invokeFramework(Main.java:627)
	at org.eclipse.equinox.launcher.Main.basicRun(Main.java:575)
	at org.eclipse.equinox.launcher.Main.run(Main.java:1431)
2026-04-16 20:27:58,125 [main] ERROR o.e.m.j.i.l.MavenLaunchConfigurationListener - Launch configuration AdminLogin (1) references non-existing project Library.
org.eclipse.core.runtime.CoreException: Launch configuration AdminLogin (1) references non-existing project Library.
	at org.eclipse.jdt.launching.JavaRuntime.abort(JavaRuntime.java:1871)
	at org.eclipse.jdt.launching.JavaRuntime.getJavaProject(JavaRuntime.java:1748)
	at org.eclipse.m2e.jdt.internal.launch.MavenLaunchConfigurationListener.updateLaunchConfiguration(MavenLaunchConfigurationListener.java:66)
	at org.eclipse.m2e.jdt.internal.launch.MavenLaunchConfigurationListener.launchConfigurationChanged(MavenLaunchConfigurationListener.java:52)
	at org.eclipse.debug.internal.core.LaunchManager$ConfigurationNotifier.run(LaunchManager.java:220)
	at org.eclipse.core.runtime.SafeRunner.run(SafeRunner.java:47)
	at org.eclipse.debug.internal.core.LaunchManager$ConfigurationNotifier.notify(LaunchManager.java:204)
	at org.eclipse.debug.internal.core.LaunchConfigurationWorkingCopy.setDirty(LaunchConfigurationWorkingCopy.java:527)
	at org.eclipse.debug.internal.core.LaunchConfigurationWorkingCopy.setAttribute(LaunchConfigurationWorkingCopy.java:415)
	at org.eclipse.jdt.debug.ui.launchConfigurations.JavaMainTab.performApply(JavaMainTab.java:229)
	at org.eclipse.debug.internal.ui.launchConfigurations.LaunchConfigurationTabGroupViewer.refresh(LaunchConfigurationTabGroupViewer.java:528)
	at org.eclipse.debug.internal.ui.launchConfigurations.LaunchConfigurationsDialog.updateButtons(LaunchConfigurationsDialog.java:1643)
	at org.eclipse.debug.ui.AbstractLaunchConfigurationTab.updateLaunchConfigurationDialog(AbstractLaunchConfigurationTab.java:155)
	at org.eclipse.jdt.internal.debug.ui.launcher.SharedJavaMainTab.access$0(SharedJavaMainTab.java:1)
	at org.eclipse.jdt.internal.debug.ui.launcher.SharedJavaMainTab$1.modifyText(SharedJavaMainTab.java:74)
	at org.eclipse.swt.widgets.TypedListener.handleEvent(TypedListener.java:217)
	at org.eclipse.swt.widgets.EventTable.sendEvent(EventTable.java:91)
	at org.eclipse.swt.widgets.Display.sendEvent(Display.java:4362)
	at org.eclipse.swt.widgets.Widget.sendEvent(Widget.java:1214)
	at org.eclipse.swt.widgets.Widget.sendEvent(Widget.java:1238)
	at org.eclipse.swt.widgets.Widget.sendEvent(Widget.java:1219)
	at org.eclipse.swt.widgets.Text.wmCommandChild(Text.java:3077)
	at org.eclipse.swt.widgets.Control.WM_COMMAND(Control.java:4937)
	at org.eclipse.swt.widgets.Control.windowProc(Control.java:4788)
	at org.eclipse.swt.widgets.Display.windowProc(Display.java:5130)
	at org.eclipse.swt.internal.win32.OS.CallWindowProc(Native Method)
	at org.eclipse.swt.widgets.Text.callWindowProc(Text.java:296)
	at org.eclipse.swt.widgets.Control.windowProc(Control.java:4887)
	at org.eclipse.swt.widgets.Text.windowProc(Text.java:2655)
	at org.eclipse.swt.widgets.Display.windowProc(Display.java:5130)
	at org.eclipse.swt.internal.win32.OS.SetWindowText(Native Method)
	at org.eclipse.swt.internal.win32.OS.SetWindowText(OS.java:2276)
	at org.eclipse.swt.widgets.Text.setText(Text.java:2315)
	at org.eclipse.jdt.internal.debug.ui.launcher.SharedJavaMainTab.updateMainTypeFromConfig(SharedJavaMainTab.java:185)
	at org.eclipse.jdt.debug.ui.launchConfigurations.JavaMainTab.initializeFrom(JavaMainTab.java:185)
	at org.eclipse.debug.ui.AbstractLaunchConfigurationTab.activated(AbstractLaunchConfigurationTab.java:453)
	at org.eclipse.debug.internal.ui.launchConfigurations.LaunchConfigurationTabGroupViewer.propagateTabActivation(LaunchConfigurationTabGroupViewer.java:1483)
	at org.eclipse.debug.internal.ui.launchConfigurations.LaunchConfigurationTabGroupViewer.handleTabSelected(LaunchConfigurationTabGroupViewer.java:1462)
	at org.eclipse.debug.internal.ui.launchConfigurations.LaunchConfigurationTabGroupViewer.setActiveTab(LaunchConfigurationTabGroupViewer.java:1678)
	at org.eclipse.debug.internal.ui.launchConfigurations.LaunchConfigurationTabGroupViewer.displayInstanceTabs(LaunchConfigurationTabGroupViewer.java:879)
	at org.eclipse.debug.internal.ui.launchConfigurations.LaunchConfigurationTabGroupViewer.lambda$4(LaunchConfigurationTabGroupViewer.java:730)
	at org.eclipse.swt.custom.BusyIndicator.showWhile(BusyIndicator.java:67)
	at org.eclipse.debug.internal.ui.launchConfigurations.LaunchConfigurationTabGroupViewer.inputChanged(LaunchConfigurationTabGroupViewer.java:716)
	at org.eclipse.debug.internal.ui.launchConfigurations.LaunchConfigurationTabGroupViewer.setInput0(LaunchConfigurationTabGroupViewer.java:684)
	at org.eclipse.debug.internal.ui.launchConfigurations.LaunchConfigurationTabGroupViewer.setInput(LaunchConfigurationTabGroupViewer.java:664)
	at org.eclipse.debug.internal.ui.launchConfigurations.LaunchConfigurationsDialog.handleLaunchConfigurationSelectionChanged(LaunchConfigurationsDialog.java:1043)
	at org.eclipse.debug.internal.ui.launchConfigurations.LaunchConfigurationsDialog.lambda$1(LaunchConfigurationsDialog.java:607)
	at org.eclipse.jface.viewers.StructuredViewer$3.run(StructuredViewer.java:819)
	at org.eclipse.core.runtime.SafeRunner.run(SafeRunner.java:47)
	at org.eclipse.jface.util.SafeRunnable.run(SafeRunnable.java:167)
	at org.eclipse.jface.viewers.StructuredViewer.firePostSelectionChanged(StructuredViewer.java:816)
	at org.eclipse.jface.viewers.ColumnViewer.firePostSelectionChanged(ColumnViewer.java:1051)
	at org.eclipse.jface.viewers.StructuredViewer.setSelection(StructuredViewer.java:1664)
	at org.eclipse.jface.viewers.TreeViewer.setSelection(TreeViewer.java:1091)
	at org.eclipse.jface.viewers.Viewer.setSelection(Viewer.java:375)
	at org.eclipse.debug.internal.ui.launchConfigurations.LaunchConfigurationsDialog.doInitialTreeSelection(LaunchConfigurationsDialog.java:653)
	at org.eclipse.debug.internal.ui.launchConfigurations.LaunchConfigurationsDialog.initializeContent(LaunchConfigurationsDialog.java:1176)
	at org.eclipse.debug.internal.ui.launchConfigurations.LaunchConfigurationsDialog.createContents(LaunchConfigurationsDialog.java:468)
	at org.eclipse.jface.window.Window.create(Window.java:431)
	at org.eclipse.jface.dialogs.Dialog.create(Dialog.java:1088)
	at org.eclipse.debug.internal.ui.launchConfigurations.LaunchConfigurationsDialog.create(LaunchConfigurationsDialog.java:377)
	at org.eclipse.jface.window.Window.open(Window.java:788)
	at org.eclipse.debug.internal.ui.launchConfigurations.LaunchConfigurationsDialog.open(LaunchConfigurationsDialog.java:1229)
	at org.eclipse.debug.ui.DebugUITools.lambda$1(DebugUITools.java:628)
	at org.eclipse.swt.custom.BusyIndicator.showWhile(BusyIndicator.java:67)
	at org.eclipse.debug.ui.DebugUITools.openLaunchConfigurationDialogOnGroup(DebugUITools.java:634)
	at org.eclipse.debug.ui.DebugUITools.openLaunchConfigurationDialogOnGroup(DebugUITools.java:572)
	at org.eclipse.debug.ui.actions.OpenLaunchDialogAction.run(OpenLaunchDialogAction.java:85)
	at org.eclipse.debug.ui.actions.OpenLaunchDialogAction.runWithEvent(OpenLaunchDialogAction.java:91)
	at org.eclipse.ui.internal.PluginAction.runWithEvent(PluginAction.java:229)
	at org.eclipse.ui.internal.WWinPluginAction.runWithEvent(WWinPluginAction.java:218)
	at org.eclipse.jface.action.ActionContributionItem.handleWidgetSelection(ActionContributionItem.java:581)
	at org.eclipse.jface.action.ActionContributionItem.lambda$4(ActionContributionItem.java:415)
	at org.eclipse.swt.widgets.EventTable.sendEvent(EventTable.java:91)
	at org.eclipse.swt.widgets.Display.sendEvent(Display.java:4362)
	at org.eclipse.swt.widgets.Widget.sendEvent(Widget.java:1214)
	at org.eclipse.swt.widgets.Display.runDeferredEvents(Display.java:4160)
	at org.eclipse.swt.widgets.Display.readAndDispatch(Display.java:3748)
	at org.eclipse.e4.ui.internal.workbench.swt.PartRenderingEngine$5.run(PartRenderingEngine.java:1151)
	at org.eclipse.core.databinding.observable.Realm.runWithDefault(Realm.java:339)
	at org.eclipse.e4.ui.internal.workbench.swt.PartRenderingEngine.run(PartRenderingEngine.java:1042)
	at org.eclipse.e4.ui.internal.workbench.E4Workbench.createAndRunUI(E4Workbench.java:153)
	at org.eclipse.ui.internal.Workbench.lambda$3(Workbench.java:678)
	at org.eclipse.core.databinding.observable.Realm.runWithDefault(Realm.java:339)
	at org.eclipse.ui.internal.Workbench.createAndRunWorkbench(Workbench.java:583)
	at org.eclipse.ui.PlatformUI.createAndRunWorkbench(PlatformUI.java:173)
	at org.eclipse.ui.internal.ide.application.IDEApplication.start(IDEApplication.java:185)
	at org.eclipse.equinox.internal.app.EclipseAppHandle.run(EclipseAppHandle.java:219)
	at org.eclipse.equinox.internal.app.MainApplicationLauncher.run(MainApplicationLauncher.java:37)
	at org.eclipse.core.runtime.internal.adaptor.EclipseAppLauncher.runApplication(EclipseAppLauncher.java:149)
	at org.eclipse.core.runtime.internal.adaptor.EclipseAppLauncher.start(EclipseAppLauncher.java:115)
	at org.eclipse.core.runtime.adaptor.EclipseStarter.run(EclipseStarter.java:467)
	at org.eclipse.core.runtime.adaptor.EclipseStarter.run(EclipseStarter.java:298)
	at java.base/jdk.internal.reflect.DirectMethodHandleAccessor.invoke(DirectMethodHandleAccessor.java:103)
	at java.base/java.lang.reflect.Method.invoke(Method.java:580)
	at org.eclipse.equinox.launcher.Main.invokeFramework(Main.java:627)
	at org.eclipse.equinox.launcher.Main.basicRun(Main.java:575)
	at org.eclipse.equinox.launcher.Main.run(Main.java:1431)
2026-04-16 20:27:58,128 [main] ERROR o.e.m.j.i.l.MavenLaunchConfigurationListener - Launch configuration AdminLogin (1) references non-existing project Library.
org.eclipse.core.runtime.CoreException: Launch configuration AdminLogin (1) references non-existing project Library.
	at org.eclipse.jdt.launching.JavaRuntime.abort(JavaRuntime.java:1871)
	at org.eclipse.jdt.launching.JavaRuntime.getJavaProject(JavaRuntime.java:1748)
	at org.eclipse.m2e.jdt.internal.launch.MavenLaunchConfigurationListener.updateLaunchConfiguration(MavenLaunchConfigurationListener.java:66)
	at org.eclipse.m2e.jdt.internal.launch.MavenLaunchConfigurationListener.launchConfigurationChanged(MavenLaunchConfigurationListener.java:52)
	at org.eclipse.debug.internal.core.LaunchManager$ConfigurationNotifier.run(LaunchManager.java:220)
	at org.eclipse.core.runtime.SafeRunner.run(SafeRunner.java:47)
	at org.eclipse.debug.internal.core.LaunchManager$ConfigurationNotifier.notify(LaunchManager.java:204)
	at org.eclipse.debug.internal.core.LaunchConfigurationWorkingCopy.setDirty(LaunchConfigurationWorkingCopy.java:527)
	at org.eclipse.debug.internal.core.LaunchConfigurationWorkingCopy.setAttribute(LaunchConfigurationWorkingCopy.java:415)
	at org.eclipse.jdt.debug.ui.launchConfigurations.JavaMainTab.performApply(JavaMainTab.java:230)
	at org.eclipse.debug.internal.ui.launchConfigurations.LaunchConfigurationTabGroupViewer.refresh(LaunchConfigurationTabGroupViewer.java:528)
	at org.eclipse.debug.internal.ui.launchConfigurations.LaunchConfigurationsDialog.updateButtons(LaunchConfigurationsDialog.java:1643)
	at org.eclipse.debug.ui.AbstractLaunchConfigurationTab.updateLaunchConfigurationDialog(AbstractLaunchConfigurationTab.java:155)
	at org.eclipse.jdt.internal.debug.ui.launcher.SharedJavaMainTab.access$0(SharedJavaMainTab.java:1)
	at org.eclipse.jdt.internal.debug.ui.launcher.SharedJavaMainTab$1.modifyText(SharedJavaMainTab.java:74)
	at org.eclipse.swt.widgets.TypedListener.handleEvent(TypedListener.java:217)
	at org.eclipse.swt.widgets.EventTable.sendEvent(EventTable.java:91)
	at org.eclipse.swt.widgets.Display.sendEvent(Display.java:4362)
	at org.eclipse.swt.widgets.Widget.sendEvent(Widget.java:1214)
	at org.eclipse.swt.widgets.Widget.sendEvent(Widget.java:1238)
	at org.eclipse.swt.widgets.Widget.sendEvent(Widget.java:1219)
	at org.eclipse.swt.widgets.Text.wmCommandChild(Text.java:3077)
	at org.eclipse.swt.widgets.Control.WM_COMMAND(Control.java:4937)
	at org.eclipse.swt.widgets.Control.windowProc(Control.java:4788)
	at org.eclipse.swt.widgets.Display.windowProc(Display.java:5130)
	at org.eclipse.swt.internal.win32.OS.CallWindowProc(Native Method)
	at org.eclipse.swt.widgets.Text.callWindowProc(Text.java:296)
	at org.eclipse.swt.widgets.Control.windowProc(Control.java:4887)
	at org.eclipse.swt.widgets.Text.windowProc(Text.java:2655)
	at org.eclipse.swt.widgets.Display.windowProc(Display.java:5130)
	at org.eclipse.swt.internal.win32.OS.SetWindowText(Native Method)
	at org.eclipse.swt.internal.win32.OS.SetWindowText(OS.java:2276)
	at org.eclipse.swt.widgets.Text.setText(Text.java:2315)
	at org.eclipse.jdt.internal.debug.ui.launcher.SharedJavaMainTab.updateMainTypeFromConfig(SharedJavaMainTab.java:185)
	at org.eclipse.jdt.debug.ui.launchConfigurations.JavaMainTab.initializeFrom(JavaMainTab.java:185)
	at org.eclipse.debug.ui.AbstractLaunchConfigurationTab.activated(AbstractLaunchConfigurationTab.java:453)
	at org.eclipse.debug.internal.ui.launchConfigurations.LaunchConfigurationTabGroupViewer.propagateTabActivation(LaunchConfigurationTabGroupViewer.java:1483)
	at org.eclipse.debug.internal.ui.launchConfigurations.LaunchConfigurationTabGroupViewer.handleTabSelected(LaunchConfigurationTabGroupViewer.java:1462)
	at org.eclipse.debug.internal.ui.launchConfigurations.LaunchConfigurationTabGroupViewer.setActiveTab(LaunchConfigurationTabGroupViewer.java:1678)
	at org.eclipse.debug.internal.ui.launchConfigurations.LaunchConfigurationTabGroupViewer.displayInstanceTabs(LaunchConfigurationTabGroupViewer.java:879)
	at org.eclipse.debug.internal.ui.launchConfigurations.LaunchConfigurationTabGroupViewer.lambda$4(LaunchConfigurationTabGroupViewer.java:730)
	at org.eclipse.swt.custom.BusyIndicator.showWhile(BusyIndicator.java:67)
	at org.eclipse.debug.internal.ui.launchConfigurations.LaunchConfigurationTabGroupViewer.inputChanged(LaunchConfigurationTabGroupViewer.java:716)
	at org.eclipse.debug.internal.ui.launchConfigurations.LaunchConfigurationTabGroupViewer.setInput0(LaunchConfigurationTabGroupViewer.java:684)
	at org.eclipse.debug.internal.ui.launchConfigurations.LaunchConfigurationTabGroupViewer.setInput(LaunchConfigurationTabGroupViewer.java:664)
	at org.eclipse.debug.internal.ui.launchConfigurations.LaunchConfigurationsDialog.handleLaunchConfigurationSelectionChanged(LaunchConfigurationsDialog.java:1043)
	at org.eclipse.debug.internal.ui.launchConfigurations.LaunchConfigurationsDialog.lambda$1(LaunchConfigurationsDialog.java:607)
	at org.eclipse.jface.viewers.StructuredViewer$3.run(StructuredViewer.java:819)
	at org.eclipse.core.runtime.SafeRunner.run(SafeRunner.java:47)
	at org.eclipse.jface.util.SafeRunnable.run(SafeRunnable.java:167)
	at org.eclipse.jface.viewers.StructuredViewer.firePostSelectionChanged(StructuredViewer.java:816)
	at org.eclipse.jface.viewers.ColumnViewer.firePostSelectionChanged(ColumnViewer.java:1051)
	at org.eclipse.jface.viewers.StructuredViewer.setSelection(StructuredViewer.java:1664)
	at org.eclipse.jface.viewers.TreeViewer.setSelection(TreeViewer.java:1091)
	at org.eclipse.jface.viewers.Viewer.setSelection(Viewer.java:375)
	at org.eclipse.debug.internal.ui.launchConfigurations.LaunchConfigurationsDialog.doInitialTreeSelection(LaunchConfigurationsDialog.java:653)
	at org.eclipse.debug.internal.ui.launchConfigurations.LaunchConfigurationsDialog.initializeContent(LaunchConfigurationsDialog.java:1176)
	at org.eclipse.debug.internal.ui.launchConfigurations.LaunchConfigurationsDialog.createContents(LaunchConfigurationsDialog.java:468)
	at org.eclipse.jface.window.Window.create(Window.java:431)
	at org.eclipse.jface.dialogs.Dialog.create(Dialog.java:1088)
	at org.eclipse.debug.internal.ui.launchConfigurations.LaunchConfigurationsDialog.create(LaunchConfigurationsDialog.java:377)
	at org.eclipse.jface.window.Window.open(Window.java:788)
	at org.eclipse.debug.internal.ui.launchConfigurations.LaunchConfigurationsDialog.open(LaunchConfigurationsDialog.java:1229)
	at org.eclipse.debug.ui.DebugUITools.lambda$1(DebugUITools.java:628)
	at org.eclipse.swt.custom.BusyIndicator.showWhile(BusyIndicator.java:67)
	at org.eclipse.debug.ui.DebugUITools.openLaunchConfigurationDialogOnGroup(DebugUITools.java:634)
	at org.eclipse.debug.ui.DebugUITools.openLaunchConfigurationDialogOnGroup(DebugUITools.java:572)
	at org.eclipse.debug.ui.actions.OpenLaunchDialogAction.run(OpenLaunchDialogAction.java:85)
	at org.eclipse.debug.ui.actions.OpenLaunchDialogAction.runWithEvent(OpenLaunchDialogAction.java:91)
	at org.eclipse.ui.internal.PluginAction.runWithEvent(PluginAction.java:229)
	at org.eclipse.ui.internal.WWinPluginAction.runWithEvent(WWinPluginAction.java:218)
	at org.eclipse.jface.action.ActionContributionItem.handleWidgetSelection(ActionContributionItem.java:581)
	at org.eclipse.jface.action.ActionContributionItem.lambda$4(ActionContributionItem.java:415)
	at org.eclipse.swt.widgets.EventTable.sendEvent(EventTable.java:91)
	at org.eclipse.swt.widgets.Display.sendEvent(Display.java:4362)
	at org.eclipse.swt.widgets.Widget.sendEvent(Widget.java:1214)
	at org.eclipse.swt.widgets.Display.runDeferredEvents(Display.java:4160)
	at org.eclipse.swt.widgets.Display.readAndDispatch(Display.java:3748)
	at org.eclipse.e4.ui.internal.workbench.swt.PartRenderingEngine$5.run(PartRenderingEngine.java:1151)
	at org.eclipse.core.databinding.observable.Realm.runWithDefault(Realm.java:339)
	at org.eclipse.e4.ui.internal.workbench.swt.PartRenderingEngine.run(PartRenderingEngine.java:1042)
	at org.eclipse.e4.ui.internal.workbench.E4Workbench.createAndRunUI(E4Workbench.java:153)
	at org.eclipse.ui.internal.Workbench.lambda$3(Workbench.java:678)
	at org.eclipse.core.databinding.observable.Realm.runWithDefault(Realm.java:339)
	at org.eclipse.ui.internal.Workbench.createAndRunWorkbench(Workbench.java:583)
	at org.eclipse.ui.PlatformUI.createAndRunWorkbench(PlatformUI.java:173)
	at org.eclipse.ui.internal.ide.application.IDEApplication.start(IDEApplication.java:185)
	at org.eclipse.equinox.internal.app.EclipseAppHandle.run(EclipseAppHandle.java:219)
	at org.eclipse.equinox.internal.app.MainApplicationLauncher.run(MainApplicationLauncher.java:37)
	at org.eclipse.core.runtime.internal.adaptor.EclipseAppLauncher.runApplication(EclipseAppLauncher.java:149)
	at org.eclipse.core.runtime.internal.adaptor.EclipseAppLauncher.start(EclipseAppLauncher.java:115)
	at org.eclipse.core.runtime.adaptor.EclipseStarter.run(EclipseStarter.java:467)
	at org.eclipse.core.runtime.adaptor.EclipseStarter.run(EclipseStarter.java:298)
	at java.base/jdk.internal.reflect.DirectMethodHandleAccessor.invoke(DirectMethodHandleAccessor.java:103)
	at java.base/java.lang.reflect.Method.invoke(Method.java:580)
	at org.eclipse.equinox.launcher.Main.invokeFramework(Main.java:627)
	at org.eclipse.equinox.launcher.Main.basicRun(Main.java:575)
	at org.eclipse.equinox.launcher.Main.run(Main.java:1431)
2026-04-16 20:27:58,132 [main] ERROR o.e.m.j.i.l.MavenLaunchConfigurationListener - Launch configuration AdminLogin (1) references non-existing project Library.
org.eclipse.core.runtime.CoreException: Launch configuration AdminLogin (1) references non-existing project Library.
	at org.eclipse.jdt.launching.JavaRuntime.abort(JavaRuntime.java:1871)
	at org.eclipse.jdt.launching.JavaRuntime.getJavaProject(JavaRuntime.java:1748)
	at org.eclipse.m2e.jdt.internal.launch.MavenLaunchConfigurationListener.updateLaunchConfiguration(MavenLaunchConfigurationListener.java:66)
	at org.eclipse.m2e.jdt.internal.launch.MavenLaunchConfigurationListener.launchConfigurationChanged(MavenLaunchConfigurationListener.java:52)
	at org.eclipse.debug.internal.core.LaunchManager$ConfigurationNotifier.run(LaunchManager.java:220)
	at org.eclipse.core.runtime.SafeRunner.run(SafeRunner.java:47)
	at org.eclipse.debug.internal.core.LaunchManager$ConfigurationNotifier.notify(LaunchManager.java:204)
	at org.eclipse.debug.internal.core.LaunchConfigurationWorkingCopy.setDirty(LaunchConfigurationWorkingCopy.java:527)
	at org.eclipse.debug.internal.core.LaunchConfigurationWorkingCopy.setAttribute(LaunchConfigurationWorkingCopy.java:415)
	at org.eclipse.jdt.debug.ui.launchConfigurations.JavaMainTab.performApply(JavaMainTab.java:238)
	at org.eclipse.debug.internal.ui.launchConfigurations.LaunchConfigurationTabGroupViewer.refresh(LaunchConfigurationTabGroupViewer.java:528)
	at org.eclipse.debug.internal.ui.launchConfigurations.LaunchConfigurationsDialog.updateButtons(LaunchConfigurationsDialog.java:1643)
	at org.eclipse.debug.ui.AbstractLaunchConfigurationTab.updateLaunchConfigurationDialog(AbstractLaunchConfigurationTab.java:155)
	at org.eclipse.jdt.internal.debug.ui.launcher.SharedJavaMainTab.access$0(SharedJavaMainTab.java:1)
	at org.eclipse.jdt.internal.debug.ui.launcher.SharedJavaMainTab$1.modifyText(SharedJavaMainTab.java:74)
	at org.eclipse.swt.widgets.TypedListener.handleEvent(TypedListener.java:217)
	at org.eclipse.swt.widgets.EventTable.sendEvent(EventTable.java:91)
	at org.eclipse.swt.widgets.Display.sendEvent(Display.java:4362)
	at org.eclipse.swt.widgets.Widget.sendEvent(Widget.java:1214)
	at org.eclipse.swt.widgets.Widget.sendEvent(Widget.java:1238)
	at org.eclipse.swt.widgets.Widget.sendEvent(Widget.java:1219)
	at org.eclipse.swt.widgets.Text.wmCommandChild(Text.java:3077)
	at org.eclipse.swt.widgets.Control.WM_COMMAND(Control.java:4937)
	at org.eclipse.swt.widgets.Control.windowProc(Control.java:4788)
	at org.eclipse.swt.widgets.Display.windowProc(Display.java:5130)
	at org.eclipse.swt.internal.win32.OS.CallWindowProc(Native Method)
	at org.eclipse.swt.widgets.Text.callWindowProc(Text.java:296)
	at org.eclipse.swt.widgets.Control.windowProc(Control.java:4887)
	at org.eclipse.swt.widgets.Text.windowProc(Text.java:2655)
	at org.eclipse.swt.widgets.Display.windowProc(Display.java:5130)
	at org.eclipse.swt.internal.win32.OS.SetWindowText(Native Method)
	at org.eclipse.swt.internal.win32.OS.SetWindowText(OS.java:2276)
	at org.eclipse.swt.widgets.Text.setText(Text.java:2315)
	at org.eclipse.jdt.internal.debug.ui.launcher.SharedJavaMainTab.updateMainTypeFromConfig(SharedJavaMainTab.java:185)
	at org.eclipse.jdt.debug.ui.launchConfigurations.JavaMainTab.initializeFrom(JavaMainTab.java:185)
	at org.eclipse.debug.ui.AbstractLaunchConfigurationTab.activated(AbstractLaunchConfigurationTab.java:453)
	at org.eclipse.debug.internal.ui.launchConfigurations.LaunchConfigurationTabGroupViewer.propagateTabActivation(LaunchConfigurationTabGroupViewer.java:1483)
	at org.eclipse.debug.internal.ui.launchConfigurations.LaunchConfigurationTabGroupViewer.handleTabSelected(LaunchConfigurationTabGroupViewer.java:1462)
	at org.eclipse.debug.internal.ui.launchConfigurations.LaunchConfigurationTabGroupViewer.setActiveTab(LaunchConfigurationTabGroupViewer.java:1678)
	at org.eclipse.debug.internal.ui.launchConfigurations.LaunchConfigurationTabGroupViewer.displayInstanceTabs(LaunchConfigurationTabGroupViewer.java:879)
	at org.eclipse.debug.internal.ui.launchConfigurations.LaunchConfigurationTabGroupViewer.lambda$4(LaunchConfigurationTabGroupViewer.java:730)
	at org.eclipse.swt.custom.BusyIndicator.showWhile(BusyIndicator.java:67)
	at org.eclipse.debug.internal.ui.launchConfigurations.LaunchConfigurationTabGroupViewer.inputChanged(LaunchConfigurationTabGroupViewer.java:716)
	at org.eclipse.debug.internal.ui.launchConfigurations.LaunchConfigurationTabGroupViewer.setInput0(LaunchConfigurationTabGroupViewer.java:684)
	at org.eclipse.debug.internal.ui.launchConfigurations.LaunchConfigurationTabGroupViewer.setInput(LaunchConfigurationTabGroupViewer.java:664)
	at org.eclipse.debug.internal.ui.launchConfigurations.LaunchConfigurationsDialog.handleLaunchConfigurationSelectionChanged(LaunchConfigurationsDialog.java:1043)
	at org.eclipse.debug.internal.ui.launchConfigurations.LaunchConfigurationsDialog.lambda$1(LaunchConfigurationsDialog.java:607)
	at org.eclipse.jface.viewers.StructuredViewer$3.run(StructuredViewer.java:819)
	at org.eclipse.core.runtime.SafeRunner.run(SafeRunner.java:47)
	at org.eclipse.jface.util.SafeRunnable.run(SafeRunnable.java:167)
	at org.eclipse.jface.viewers.StructuredViewer.firePostSelectionChanged(StructuredViewer.java:816)
	at org.eclipse.jface.viewers.ColumnViewer.firePostSelectionChanged(ColumnViewer.java:1051)
	at org.eclipse.jface.viewers.StructuredViewer.setSelection(StructuredViewer.java:1664)
	at org.eclipse.jface.viewers.TreeViewer.setSelection(TreeViewer.java:1091)
	at org.eclipse.jface.viewers.Viewer.setSelection(Viewer.java:375)
	at org.eclipse.debug.internal.ui.launchConfigurations.LaunchConfigurationsDialog.doInitialTreeSelection(LaunchConfigurationsDialog.java:653)
	at org.eclipse.debug.internal.ui.launchConfigurations.LaunchConfigurationsDialog.initializeContent(LaunchConfigurationsDialog.java:1176)
	at org.eclipse.debug.internal.ui.launchConfigurations.LaunchConfigurationsDialog.createContents(LaunchConfigurationsDialog.java:468)
	at org.eclipse.jface.window.Window.create(Window.java:431)
	at org.eclipse.jface.dialogs.Dialog.create(Dialog.java:1088)
	at org.eclipse.debug.internal.ui.launchConfigurations.LaunchConfigurationsDialog.create(LaunchConfigurationsDialog.java:377)
	at org.eclipse.jface.window.Window.open(Window.java:788)
	at org.eclipse.debug.internal.ui.launchConfigurations.LaunchConfigurationsDialog.open(LaunchConfigurationsDialog.java:1229)
	at org.eclipse.debug.ui.DebugUITools.lambda$1(DebugUITools.java:628)
	at org.eclipse.swt.custom.BusyIndicator.showWhile(BusyIndicator.java:67)
	at org.eclipse.debug.ui.DebugUITools.openLaunchConfigurationDialogOnGroup(DebugUITools.java:634)
	at org.eclipse.debug.ui.DebugUITools.openLaunchConfigurationDialogOnGroup(DebugUITools.java:572)
	at org.eclipse.debug.ui.actions.OpenLaunchDialogAction.run(OpenLaunchDialogAction.java:85)
	at org.eclipse.debug.ui.actions.OpenLaunchDialogAction.runWithEvent(OpenLaunchDialogAction.java:91)
	at org.eclipse.ui.internal.PluginAction.runWithEvent(PluginAction.java:229)
	at org.eclipse.ui.internal.WWinPluginAction.runWithEvent(WWinPluginAction.java:218)
	at org.eclipse.jface.action.ActionContributionItem.handleWidgetSelection(ActionContributionItem.java:581)
	at org.eclipse.jface.action.ActionContributionItem.lambda$4(ActionContributionItem.java:415)
	at org.eclipse.swt.widgets.EventTable.sendEvent(EventTable.java:91)
	at org.eclipse.swt.widgets.Display.sendEvent(Display.java:4362)
	at org.eclipse.swt.widgets.Widget.sendEvent(Widget.java:1214)
	at org.eclipse.swt.widgets.Display.runDeferredEvents(Display.java:4160)
	at org.eclipse.swt.widgets.Display.readAndDispatch(Display.java:3748)
	at org.eclipse.e4.ui.internal.workbench.swt.PartRenderingEngine$5.run(PartRenderingEngine.java:1151)
	at org.eclipse.core.databinding.observable.Realm.runWithDefault(Realm.java:339)
	at org.eclipse.e4.ui.internal.workbench.swt.PartRenderingEngine.run(PartRenderingEngine.java:1042)
	at org.eclipse.e4.ui.internal.workbench.E4Workbench.createAndRunUI(E4Workbench.java:153)
	at org.eclipse.ui.internal.Workbench.lambda$3(Workbench.java:678)
	at org.eclipse.core.databinding.observable.Realm.runWithDefault(Realm.java:339)
	at org.eclipse.ui.internal.Workbench.createAndRunWorkbench(Workbench.java:583)
	at org.eclipse.ui.PlatformUI.createAndRunWorkbench(PlatformUI.java:173)
	at org.eclipse.ui.internal.ide.application.IDEApplication.start(IDEApplication.java:185)
	at org.eclipse.equinox.internal.app.EclipseAppHandle.run(EclipseAppHandle.java:219)
	at org.eclipse.equinox.internal.app.MainApplicationLauncher.run(MainApplicationLauncher.java:37)
	at org.eclipse.core.runtime.internal.adaptor.EclipseAppLauncher.runApplication(EclipseAppLauncher.java:149)
	at org.eclipse.core.runtime.internal.adaptor.EclipseAppLauncher.start(EclipseAppLauncher.java:115)
	at org.eclipse.core.runtime.adaptor.EclipseStarter.run(EclipseStarter.java:467)
	at org.eclipse.core.runtime.adaptor.EclipseStarter.run(EclipseStarter.java:298)
	at java.base/jdk.internal.reflect.DirectMethodHandleAccessor.invoke(DirectMethodHandleAccessor.java:103)
	at java.base/java.lang.reflect.Method.invoke(Method.java:580)
	at org.eclipse.equinox.launcher.Main.invokeFramework(Main.java:627)
	at org.eclipse.equinox.launcher.Main.basicRun(Main.java:575)
	at org.eclipse.equinox.launcher.Main.run(Main.java:1431)
2026-04-16 20:27:58,136 [main] ERROR o.e.m.j.i.l.MavenLaunchConfigurationListener - Launch configuration AdminLogin (1) references non-existing project Library.
org.eclipse.core.runtime.CoreException: Launch configuration AdminLogin (1) references non-existing project Library.
	at org.eclipse.jdt.launching.JavaRuntime.abort(JavaRuntime.java:1871)
	at org.eclipse.jdt.launching.JavaRuntime.getJavaProject(JavaRuntime.java:1748)
	at org.eclipse.m2e.jdt.internal.launch.MavenLaunchConfigurationListener.updateLaunchConfiguration(MavenLaunchConfigurationListener.java:66)
	at org.eclipse.m2e.jdt.internal.launch.MavenLaunchConfigurationListener.launchConfigurationChanged(MavenLaunchConfigurationListener.java:52)
	at org.eclipse.debug.internal.core.LaunchManager$ConfigurationNotifier.run(LaunchManager.java:220)
	at org.eclipse.core.runtime.SafeRunner.run(SafeRunner.java:47)
	at org.eclipse.debug.internal.core.LaunchManager$ConfigurationNotifier.notify(LaunchManager.java:204)
	at org.eclipse.debug.internal.core.LaunchConfigurationWorkingCopy.setDirty(LaunchConfigurationWorkingCopy.java:527)
	at org.eclipse.debug.internal.core.LaunchConfigurationWorkingCopy.setAttribute(LaunchConfigurationWorkingCopy.java:415)
	at org.eclipse.jdt.debug.ui.launchConfigurations.JavaMainTab.performApply(JavaMainTab.java:246)
	at org.eclipse.debug.internal.ui.launchConfigurations.LaunchConfigurationTabGroupViewer.refresh(LaunchConfigurationTabGroupViewer.java:528)
	at org.eclipse.debug.internal.ui.launchConfigurations.LaunchConfigurationsDialog.updateButtons(LaunchConfigurationsDialog.java:1643)
	at org.eclipse.debug.ui.AbstractLaunchConfigurationTab.updateLaunchConfigurationDialog(AbstractLaunchConfigurationTab.java:155)
	at org.eclipse.jdt.internal.debug.ui.launcher.SharedJavaMainTab.access$0(SharedJavaMainTab.java:1)
	at org.eclipse.jdt.internal.debug.ui.launcher.SharedJavaMainTab$1.modifyText(SharedJavaMainTab.java:74)
	at org.eclipse.swt.widgets.TypedListener.handleEvent(TypedListener.java:217)
	at org.eclipse.swt.widgets.EventTable.sendEvent(EventTable.java:91)
	at org.eclipse.swt.widgets.Display.sendEvent(Display.java:4362)
	at org.eclipse.swt.widgets.Widget.sendEvent(Widget.java:1214)
	at org.eclipse.swt.widgets.Widget.sendEvent(Widget.java:1238)
	at org.eclipse.swt.widgets.Widget.sendEvent(Widget.java:1219)
	at org.eclipse.swt.widgets.Text.wmCommandChild(Text.java:3077)
	at org.eclipse.swt.widgets.Control.WM_COMMAND(Control.java:4937)
	at org.eclipse.swt.widgets.Control.windowProc(Control.java:4788)
	at org.eclipse.swt.widgets.Display.windowProc(Display.java:5130)
	at org.eclipse.swt.internal.win32.OS.CallWindowProc(Native Method)
	at org.eclipse.swt.widgets.Text.callWindowProc(Text.java:296)
	at org.eclipse.swt.widgets.Control.windowProc(Control.java:4887)
	at org.eclipse.swt.widgets.Text.windowProc(Text.java:2655)
	at org.eclipse.swt.widgets.Display.windowProc(Display.java:5130)
	at org.eclipse.swt.internal.win32.OS.SetWindowText(Native Method)
	at org.eclipse.swt.internal.win32.OS.SetWindowText(OS.java:2276)
	at org.eclipse.swt.widgets.Text.setText(Text.java:2315)
	at org.eclipse.jdt.internal.debug.ui.launcher.SharedJavaMainTab.updateMainTypeFromConfig(SharedJavaMainTab.java:185)
	at org.eclipse.jdt.debug.ui.launchConfigurations.JavaMainTab.initializeFrom(JavaMainTab.java:185)
	at org.eclipse.debug.ui.AbstractLaunchConfigurationTab.activated(AbstractLaunchConfigurationTab.java:453)
	at org.eclipse.debug.internal.ui.launchConfigurations.LaunchConfigurationTabGroupViewer.propagateTabActivation(LaunchConfigurationTabGroupViewer.java:1483)
	at org.eclipse.debug.internal.ui.launchConfigurations.LaunchConfigurationTabGroupViewer.handleTabSelected(LaunchConfigurationTabGroupViewer.java:1462)
	at org.eclipse.debug.internal.ui.launchConfigurations.LaunchConfigurationTabGroupViewer.setActiveTab(LaunchConfigurationTabGroupViewer.java:1678)
	at org.eclipse.debug.internal.ui.launchConfigurations.LaunchConfigurationTabGroupViewer.displayInstanceTabs(LaunchConfigurationTabGroupViewer.java:879)
	at org.eclipse.debug.internal.ui.launchConfigurations.LaunchConfigurationTabGroupViewer.lambda$4(LaunchConfigurationTabGroupViewer.java:730)
	at org.eclipse.swt.custom.BusyIndicator.showWhile(BusyIndicator.java:67)
	at org.eclipse.debug.internal.ui.launchConfigurations.LaunchConfigurationTabGroupViewer.inputChanged(LaunchConfigurationTabGroupViewer.java:716)
	at org.eclipse.debug.internal.ui.launchConfigurations.LaunchConfigurationTabGroupViewer.setInput0(LaunchConfigurationTabGroupViewer.java:684)
	at org.eclipse.debug.internal.ui.launchConfigurations.LaunchConfigurationTabGroupViewer.setInput(LaunchConfigurationTabGroupViewer.java:664)
	at org.eclipse.debug.internal.ui.launchConfigurations.LaunchConfigurationsDialog.handleLaunchConfigurationSelectionChanged(LaunchConfigurationsDialog.java:1043)
	at org.eclipse.debug.internal.ui.launchConfigurations.LaunchConfigurationsDialog.lambda$1(LaunchConfigurationsDialog.java:607)
	at org.eclipse.jface.viewers.StructuredViewer$3.run(StructuredViewer.java:819)
	at org.eclipse.core.runtime.SafeRunner.run(SafeRunner.java:47)
	at org.eclipse.jface.util.SafeRunnable.run(SafeRunnable.java:167)
	at org.eclipse.jface.viewers.StructuredViewer.firePostSelectionChanged(StructuredViewer.java:816)
	at org.eclipse.jface.viewers.ColumnViewer.firePostSelectionChanged(ColumnViewer.java:1051)
	at org.eclipse.jface.viewers.StructuredViewer.setSelection(StructuredViewer.java:1664)
	at org.eclipse.jface.viewers.TreeViewer.setSelection(TreeViewer.java:1091)
	at org.eclipse.jface.viewers.Viewer.setSelection(Viewer.java:375)
	at org.eclipse.debug.internal.ui.launchConfigurations.LaunchConfigurationsDialog.doInitialTreeSelection(LaunchConfigurationsDialog.java:653)
	at org.eclipse.debug.internal.ui.launchConfigurations.LaunchConfigurationsDialog.initializeContent(LaunchConfigurationsDialog.java:1176)
	at org.eclipse.debug.internal.ui.launchConfigurations.LaunchConfigurationsDialog.createContents(LaunchConfigurationsDialog.java:468)
	at org.eclipse.jface.window.Window.create(Window.java:431)
	at org.eclipse.jface.dialogs.Dialog.create(Dialog.java:1088)
	at org.eclipse.debug.internal.ui.launchConfigurations.LaunchConfigurationsDialog.create(LaunchConfigurationsDialog.java:377)
	at org.eclipse.jface.window.Window.open(Window.java:788)
	at org.eclipse.debug.internal.ui.launchConfigurations.LaunchConfigurationsDialog.open(LaunchConfigurationsDialog.java:1229)
	at org.eclipse.debug.ui.DebugUITools.lambda$1(DebugUITools.java:628)
	at org.eclipse.swt.custom.BusyIndicator.showWhile(BusyIndicator.java:67)
	at org.eclipse.debug.ui.DebugUITools.openLaunchConfigurationDialogOnGroup(DebugUITools.java:634)
	at org.eclipse.debug.ui.DebugUITools.openLaunchConfigurationDialogOnGroup(DebugUITools.java:572)
	at org.eclipse.debug.ui.actions.OpenLaunchDialogAction.run(OpenLaunchDialogAction.java:85)
	at org.eclipse.debug.ui.actions.OpenLaunchDialogAction.runWithEvent(OpenLaunchDialogAction.java:91)
	at org.eclipse.ui.internal.PluginAction.runWithEvent(PluginAction.java:229)
	at org.eclipse.ui.internal.WWinPluginAction.runWithEvent(WWinPluginAction.java:218)
	at org.eclipse.jface.action.ActionContributionItem.handleWidgetSelection(ActionContributionItem.java:581)
	at org.eclipse.jface.action.ActionContributionItem.lambda$4(ActionContributionItem.java:415)
	at org.eclipse.swt.widgets.EventTable.sendEvent(EventTable.java:91)
	at org.eclipse.swt.widgets.Display.sendEvent(Display.java:4362)
	at org.eclipse.swt.widgets.Widget.sendEvent(Widget.java:1214)
	at org.eclipse.swt.widgets.Display.runDeferredEvents(Display.java:4160)
	at org.eclipse.swt.widgets.Display.readAndDispatch(Display.java:3748)
	at org.eclipse.e4.ui.internal.workbench.swt.PartRenderingEngine$5.run(PartRenderingEngine.java:1151)
	at org.eclipse.core.databinding.observable.Realm.runWithDefault(Realm.java:339)
	at org.eclipse.e4.ui.internal.workbench.swt.PartRenderingEngine.run(PartRenderingEngine.java:1042)
	at org.eclipse.e4.ui.internal.workbench.E4Workbench.createAndRunUI(E4Workbench.java:153)
	at org.eclipse.ui.internal.Workbench.lambda$3(Workbench.java:678)
	at org.eclipse.core.databinding.observable.Realm.runWithDefault(Realm.java:339)
	at org.eclipse.ui.internal.Workbench.createAndRunWorkbench(Workbench.java:583)
	at org.eclipse.ui.PlatformUI.createAndRunWorkbench(PlatformUI.java:173)
	at org.eclipse.ui.internal.ide.application.IDEApplication.start(IDEApplication.java:185)
	at org.eclipse.equinox.internal.app.EclipseAppHandle.run(EclipseAppHandle.java:219)
	at org.eclipse.equinox.internal.app.MainApplicationLauncher.run(MainApplicationLauncher.java:37)
	at org.eclipse.core.runtime.internal.adaptor.EclipseAppLauncher.runApplication(EclipseAppLauncher.java:149)
	at org.eclipse.core.runtime.internal.adaptor.EclipseAppLauncher.start(EclipseAppLauncher.java:115)
	at org.eclipse.core.runtime.adaptor.EclipseStarter.run(EclipseStarter.java:467)
	at org.eclipse.core.runtime.adaptor.EclipseStarter.run(EclipseStarter.java:298)
	at java.base/jdk.internal.reflect.DirectMethodHandleAccessor.invoke(DirectMethodHandleAccessor.java:103)
	at java.base/java.lang.reflect.Method.invoke(Method.java:580)
	at org.eclipse.equinox.launcher.Main.invokeFramework(Main.java:627)
	at org.eclipse.equinox.launcher.Main.basicRun(Main.java:575)
	at org.eclipse.equinox.launcher.Main.run(Main.java:1431)
2026-04-16 20:27:58,139 [main] ERROR o.e.m.j.i.l.MavenLaunchConfigurationListener - Launch configuration AdminLogin (1) references non-existing project Library.
org.eclipse.core.runtime.CoreException: Launch configuration AdminLogin (1) references non-existing project Library.
	at org.eclipse.jdt.launching.JavaRuntime.abort(JavaRuntime.java:1871)
	at org.eclipse.jdt.launching.JavaRuntime.getJavaProject(JavaRuntime.java:1748)
	at org.eclipse.m2e.jdt.internal.launch.MavenLaunchConfigurationListener.updateLaunchConfiguration(MavenLaunchConfigurationListener.java:66)
	at org.eclipse.m2e.jdt.internal.launch.MavenLaunchConfigurationListener.launchConfigurationChanged(MavenLaunchConfigurationListener.java:52)
	at org.eclipse.debug.internal.core.LaunchManager$ConfigurationNotifier.run(LaunchManager.java:220)
	at org.eclipse.core.runtime.SafeRunner.run(SafeRunner.java:47)
	at org.eclipse.debug.internal.core.LaunchManager$ConfigurationNotifier.notify(LaunchManager.java:204)
	at org.eclipse.debug.internal.core.LaunchConfigurationWorkingCopy.setDirty(LaunchConfigurationWorkingCopy.java:527)
	at org.eclipse.debug.internal.core.LaunchConfigurationWorkingCopy.setAttribute(LaunchConfigurationWorkingCopy.java:415)
	at org.eclipse.jdt.debug.ui.launchConfigurations.JavaMainTab.performApply(JavaMainTab.java:254)
	at org.eclipse.debug.internal.ui.launchConfigurations.LaunchConfigurationTabGroupViewer.refresh(LaunchConfigurationTabGroupViewer.java:528)
	at org.eclipse.debug.internal.ui.launchConfigurations.LaunchConfigurationsDialog.updateButtons(LaunchConfigurationsDialog.java:1643)
	at org.eclipse.debug.ui.AbstractLaunchConfigurationTab.updateLaunchConfigurationDialog(AbstractLaunchConfigurationTab.java:155)
	at org.eclipse.jdt.internal.debug.ui.launcher.SharedJavaMainTab.access$0(SharedJavaMainTab.java:1)
	at org.eclipse.jdt.internal.debug.ui.launcher.SharedJavaMainTab$1.modifyText(SharedJavaMainTab.java:74)
	at org.eclipse.swt.widgets.TypedListener.handleEvent(TypedListener.java:217)
	at org.eclipse.swt.widgets.EventTable.sendEvent(EventTable.java:91)
	at org.eclipse.swt.widgets.Display.sendEvent(Display.java:4362)
	at org.eclipse.swt.widgets.Widget.sendEvent(Widget.java:1214)
	at org.eclipse.swt.widgets.Widget.sendEvent(Widget.java:1238)
	at org.eclipse.swt.widgets.Widget.sendEvent(Widget.java:1219)
	at org.eclipse.swt.widgets.Text.wmCommandChild(Text.java:3077)
	at org.eclipse.swt.widgets.Control.WM_COMMAND(Control.java:4937)
	at org.eclipse.swt.widgets.Control.windowProc(Control.java:4788)
	at org.eclipse.swt.widgets.Display.windowProc(Display.java:5130)
	at org.eclipse.swt.internal.win32.OS.CallWindowProc(Native Method)
	at org.eclipse.swt.widgets.Text.callWindowProc(Text.java:296)
	at org.eclipse.swt.widgets.Control.windowProc(Control.java:4887)
	at org.eclipse.swt.widgets.Text.windowProc(Text.java:2655)
	at org.eclipse.swt.widgets.Display.windowProc(Display.java:5130)
	at org.eclipse.swt.internal.win32.OS.SetWindowText(Native Method)
	at org.eclipse.swt.internal.win32.OS.SetWindowText(OS.java:2276)
	at org.eclipse.swt.widgets.Text.setText(Text.java:2315)
	at org.eclipse.jdt.internal.debug.ui.launcher.SharedJavaMainTab.updateMainTypeFromConfig(SharedJavaMainTab.java:185)
	at org.eclipse.jdt.debug.ui.launchConfigurations.JavaMainTab.initializeFrom(JavaMainTab.java:185)
	at org.eclipse.debug.ui.AbstractLaunchConfigurationTab.activated(AbstractLaunchConfigurationTab.java:453)
	at org.eclipse.debug.internal.ui.launchConfigurations.LaunchConfigurationTabGroupViewer.propagateTabActivation(LaunchConfigurationTabGroupViewer.java:1483)
	at org.eclipse.debug.internal.ui.launchConfigurations.LaunchConfigurationTabGroupViewer.handleTabSelected(LaunchConfigurationTabGroupViewer.java:1462)
	at org.eclipse.debug.internal.ui.launchConfigurations.LaunchConfigurationTabGroupViewer.setActiveTab(LaunchConfigurationTabGroupViewer.java:1678)
	at org.eclipse.debug.internal.ui.launchConfigurations.LaunchConfigurationTabGroupViewer.displayInstanceTabs(LaunchConfigurationTabGroupViewer.java:879)
	at org.eclipse.debug.internal.ui.launchConfigurations.LaunchConfigurationTabGroupViewer.lambda$4(LaunchConfigurationTabGroupViewer.java:730)
	at org.eclipse.swt.custom.BusyIndicator.showWhile(BusyIndicator.java:67)
	at org.eclipse.debug.internal.ui.launchConfigurations.LaunchConfigurationTabGroupViewer.inputChanged(LaunchConfigurationTabGroupViewer.java:716)
	at org.eclipse.debug.internal.ui.launchConfigurations.LaunchConfigurationTabGroupViewer.setInput0(LaunchConfigurationTabGroupViewer.java:684)
	at org.eclipse.debug.internal.ui.launchConfigurations.LaunchConfigurationTabGroupViewer.setInput(LaunchConfigurationTabGroupViewer.java:664)
	at org.eclipse.debug.internal.ui.launchConfigurations.LaunchConfigurationsDialog.handleLaunchConfigurationSelectionChanged(LaunchConfigurationsDialog.java:1043)
	at org.eclipse.debug.internal.ui.launchConfigurations.LaunchConfigurationsDialog.lambda$1(LaunchConfigurationsDialog.java:607)
	at org.eclipse.jface.viewers.StructuredViewer$3.run(StructuredViewer.java:819)
	at org.eclipse.core.runtime.SafeRunner.run(SafeRunner.java:47)
	at org.eclipse.jface.util.SafeRunnable.run(SafeRunnable.java:167)
	at org.eclipse.jface.viewers.StructuredViewer.firePostSelectionChanged(StructuredViewer.java:816)
	at org.eclipse.jface.viewers.ColumnViewer.firePostSelectionChanged(ColumnViewer.java:1051)
	at org.eclipse.jface.viewers.StructuredViewer.setSelection(StructuredViewer.java:1664)
	at org.eclipse.jface.viewers.TreeViewer.setSelection(TreeViewer.java:1091)
	at org.eclipse.jface.viewers.Viewer.setSelection(Viewer.java:375)
	at org.eclipse.debug.internal.ui.launchConfigurations.LaunchConfigurationsDialog.doInitialTreeSelection(LaunchConfigurationsDialog.java:653)
	at org.eclipse.debug.internal.ui.launchConfigurations.LaunchConfigurationsDialog.initializeContent(LaunchConfigurationsDialog.java:1176)
	at org.eclipse.debug.internal.ui.launchConfigurations.LaunchConfigurationsDialog.createContents(LaunchConfigurationsDialog.java:468)
	at org.eclipse.jface.window.Window.create(Window.java:431)
	at org.eclipse.jface.dialogs.Dialog.create(Dialog.java:1088)
	at org.eclipse.debug.internal.ui.launchConfigurations.LaunchConfigurationsDialog.create(LaunchConfigurationsDialog.java:377)
	at org.eclipse.jface.window.Window.open(Window.java:788)
	at org.eclipse.debug.internal.ui.launchConfigurations.LaunchConfigurationsDialog.open(LaunchConfigurationsDialog.java:1229)
	at org.eclipse.debug.ui.DebugUITools.lambda$1(DebugUITools.java:628)
	at org.eclipse.swt.custom.BusyIndicator.showWhile(BusyIndicator.java:67)
	at org.eclipse.debug.ui.DebugUITools.openLaunchConfigurationDialogOnGroup(DebugUITools.java:634)
	at org.eclipse.debug.ui.DebugUITools.openLaunchConfigurationDialogOnGroup(DebugUITools.java:572)
	at org.eclipse.debug.ui.actions.OpenLaunchDialogAction.run(OpenLaunchDialogAction.java:85)
	at org.eclipse.debug.ui.actions.OpenLaunchDialogAction.runWithEvent(OpenLaunchDialogAction.java:91)
	at org.eclipse.ui.internal.PluginAction.runWithEvent(PluginAction.java:229)
	at org.eclipse.ui.internal.WWinPluginAction.runWithEvent(WWinPluginAction.java:218)
	at org.eclipse.jface.action.ActionContributionItem.handleWidgetSelection(ActionContributionItem.java:581)
	at org.eclipse.jface.action.ActionContributionItem.lambda$4(ActionContributionItem.java:415)
	at org.eclipse.swt.widgets.EventTable.sendEvent(EventTable.java:91)
	at org.eclipse.swt.widgets.Display.sendEvent(Display.java:4362)
	at org.eclipse.swt.widgets.Widget.sendEvent(Widget.java:1214)
	at org.eclipse.swt.widgets.Display.runDeferredEvents(Display.java:4160)
	at org.eclipse.swt.widgets.Display.readAndDispatch(Display.java:3748)
	at org.eclipse.e4.ui.internal.workbench.swt.PartRenderingEngine$5.run(PartRenderingEngine.java:1151)
	at org.eclipse.core.databinding.observable.Realm.runWithDefault(Realm.java:339)
	at org.eclipse.e4.ui.internal.workbench.swt.PartRenderingEngine.run(PartRenderingEngine.java:1042)
	at org.eclipse.e4.ui.internal.workbench.E4Workbench.createAndRunUI(E4Workbench.java:153)
	at org.eclipse.ui.internal.Workbench.lambda$3(Workbench.java:678)
	at org.eclipse.core.databinding.observable.Realm.runWithDefault(Realm.java:339)
	at org.eclipse.ui.internal.Workbench.createAndRunWorkbench(Workbench.java:583)
	at org.eclipse.ui.PlatformUI.createAndRunWorkbench(PlatformUI.java:173)
	at org.eclipse.ui.internal.ide.application.IDEApplication.start(IDEApplication.java:185)
	at org.eclipse.equinox.internal.app.EclipseAppHandle.run(EclipseAppHandle.java:219)
	at org.eclipse.equinox.internal.app.MainApplicationLauncher.run(MainApplicationLauncher.java:37)
	at org.eclipse.core.runtime.internal.adaptor.EclipseAppLauncher.runApplication(EclipseAppLauncher.java:149)
	at org.eclipse.core.runtime.internal.adaptor.EclipseAppLauncher.start(EclipseAppLauncher.java:115)
	at org.eclipse.core.runtime.adaptor.EclipseStarter.run(EclipseStarter.java:467)
	at org.eclipse.core.runtime.adaptor.EclipseStarter.run(EclipseStarter.java:298)
	at java.base/jdk.internal.reflect.DirectMethodHandleAccessor.invoke(DirectMethodHandleAccessor.java:103)
	at java.base/java.lang.reflect.Method.invoke(Method.java:580)
	at org.eclipse.equinox.launcher.Main.invokeFramework(Main.java:627)
	at org.eclipse.equinox.launcher.Main.basicRun(Main.java:575)
	at org.eclipse.equinox.launcher.Main.run(Main.java:1431)
2026-04-16 20:27:58,143 [main] ERROR o.e.m.j.i.l.MavenLaunchConfigurationListener - Launch configuration AdminLogin (1) references non-existing project Library.
org.eclipse.core.runtime.CoreException: Launch configuration AdminLogin (1) references non-existing project Library.
	at org.eclipse.jdt.launching.JavaRuntime.abort(JavaRuntime.java:1871)
	at org.eclipse.jdt.launching.JavaRuntime.getJavaProject(JavaRuntime.java:1748)
	at org.eclipse.m2e.jdt.internal.launch.MavenLaunchConfigurationListener.updateLaunchConfiguration(MavenLaunchConfigurationListener.java:66)
	at org.eclipse.m2e.jdt.internal.launch.MavenLaunchConfigurationListener.launchConfigurationChanged(MavenLaunchConfigurationListener.java:52)
	at org.eclipse.debug.internal.core.LaunchManager$ConfigurationNotifier.run(LaunchManager.java:220)
	at org.eclipse.core.runtime.SafeRunner.run(SafeRunner.java:47)
	at org.eclipse.debug.internal.core.LaunchManager$ConfigurationNotifier.notify(LaunchManager.java:204)
	at org.eclipse.debug.internal.core.LaunchConfigurationWorkingCopy.setDirty(LaunchConfigurationWorkingCopy.java:527)
	at org.eclipse.debug.internal.core.LaunchConfigurationWorkingCopy.setAttribute(LaunchConfigurationWorkingCopy.java:415)
	at org.eclipse.jdt.debug.ui.launchConfigurations.JavaMainTab.performApply(JavaMainTab.java:228)
	at org.eclipse.debug.internal.ui.launchConfigurations.LaunchConfigurationTabGroupViewer.refresh(LaunchConfigurationTabGroupViewer.java:528)
	at org.eclipse.debug.internal.ui.launchConfigurations.LaunchConfigurationsDialog.updateButtons(LaunchConfigurationsDialog.java:1643)
	at org.eclipse.debug.internal.ui.launchConfigurations.LaunchConfigurationsDialog.refreshStatus(LaunchConfigurationsDialog.java:1322)
	at org.eclipse.debug.internal.ui.launchConfigurations.LaunchConfigurationTabGroupViewer.refreshStatus(LaunchConfigurationTabGroupViewer.java:1113)
	at org.eclipse.debug.internal.ui.launchConfigurations.LaunchConfigurationTabGroupViewer.lambda$4(LaunchConfigurationTabGroupViewer.java:741)
	at org.eclipse.swt.custom.BusyIndicator.showWhile(BusyIndicator.java:67)
	at org.eclipse.debug.internal.ui.launchConfigurations.LaunchConfigurationTabGroupViewer.inputChanged(LaunchConfigurationTabGroupViewer.java:716)
	at org.eclipse.debug.internal.ui.launchConfigurations.LaunchConfigurationTabGroupViewer.setInput0(LaunchConfigurationTabGroupViewer.java:684)
	at org.eclipse.debug.internal.ui.launchConfigurations.LaunchConfigurationTabGroupViewer.setInput(LaunchConfigurationTabGroupViewer.java:664)
	at org.eclipse.debug.internal.ui.launchConfigurations.LaunchConfigurationsDialog.handleLaunchConfigurationSelectionChanged(LaunchConfigurationsDialog.java:1043)
	at org.eclipse.debug.internal.ui.launchConfigurations.LaunchConfigurationsDialog.lambda$1(LaunchConfigurationsDialog.java:607)
	at org.eclipse.jface.viewers.StructuredViewer$3.run(StructuredViewer.java:819)
	at org.eclipse.core.runtime.SafeRunner.run(SafeRunner.java:47)
	at org.eclipse.jface.util.SafeRunnable.run(SafeRunnable.java:167)
	at org.eclipse.jface.viewers.StructuredViewer.firePostSelectionChanged(StructuredViewer.java:816)
	at org.eclipse.jface.viewers.ColumnViewer.firePostSelectionChanged(ColumnViewer.java:1051)
	at org.eclipse.jface.viewers.StructuredViewer.setSelection(StructuredViewer.java:1664)
	at org.eclipse.jface.viewers.TreeViewer.setSelection(TreeViewer.java:1091)
	at org.eclipse.jface.viewers.Viewer.setSelection(Viewer.java:375)
	at org.eclipse.debug.internal.ui.launchConfigurations.LaunchConfigurationsDialog.doInitialTreeSelection(LaunchConfigurationsDialog.java:653)
	at org.eclipse.debug.internal.ui.launchConfigurations.LaunchConfigurationsDialog.initializeContent(LaunchConfigurationsDialog.java:1176)
	at org.eclipse.debug.internal.ui.launchConfigurations.LaunchConfigurationsDialog.createContents(LaunchConfigurationsDialog.java:468)
	at org.eclipse.jface.window.Window.create(Window.java:431)
	at org.eclipse.jface.dialogs.Dialog.create(Dialog.java:1088)
	at org.eclipse.debug.internal.ui.launchConfigurations.LaunchConfigurationsDialog.create(LaunchConfigurationsDialog.java:377)
	at org.eclipse.jface.window.Window.open(Window.java:788)
	at org.eclipse.debug.internal.ui.launchConfigurations.LaunchConfigurationsDialog.open(LaunchConfigurationsDialog.java:1229)
	at org.eclipse.debug.ui.DebugUITools.lambda$1(DebugUITools.java:628)
	at org.eclipse.swt.custom.BusyIndicator.showWhile(BusyIndicator.java:67)
	at org.eclipse.debug.ui.DebugUITools.openLaunchConfigurationDialogOnGroup(DebugUITools.java:634)
	at org.eclipse.debug.ui.DebugUITools.openLaunchConfigurationDialogOnGroup(DebugUITools.java:572)
	at org.eclipse.debug.ui.actions.OpenLaunchDialogAction.run(OpenLaunchDialogAction.java:85)
	at org.eclipse.debug.ui.actions.OpenLaunchDialogAction.runWithEvent(OpenLaunchDialogAction.java:91)
	at org.eclipse.ui.internal.PluginAction.runWithEvent(PluginAction.java:229)
	at org.eclipse.ui.internal.WWinPluginAction.runWithEvent(WWinPluginAction.java:218)
	at org.eclipse.jface.action.ActionContributionItem.handleWidgetSelection(ActionContributionItem.java:581)
	at org.eclipse.jface.action.ActionContributionItem.lambda$4(ActionContributionItem.java:415)
	at org.eclipse.swt.widgets.EventTable.sendEvent(EventTable.java:91)
	at org.eclipse.swt.widgets.Display.sendEvent(Display.java:4362)
	at org.eclipse.swt.widgets.Widget.sendEvent(Widget.java:1214)
	at org.eclipse.swt.widgets.Display.runDeferredEvents(Display.java:4160)
	at org.eclipse.swt.widgets.Display.readAndDispatch(Display.java:3748)
	at org.eclipse.e4.ui.internal.workbench.swt.PartRenderingEngine$5.run(PartRenderingEngine.java:1151)
	at org.eclipse.core.databinding.observable.Realm.runWithDefault(Realm.java:339)
	at org.eclipse.e4.ui.internal.workbench.swt.PartRenderingEngine.run(PartRenderingEngine.java:1042)
	at org.eclipse.e4.ui.internal.workbench.E4Workbench.createAndRunUI(E4Workbench.java:153)
	at org.eclipse.ui.internal.Workbench.lambda$3(Workbench.java:678)
	at org.eclipse.core.databinding.observable.Realm.runWithDefault(Realm.java:339)
	at org.eclipse.ui.internal.Workbench.createAndRunWorkbench(Workbench.java:583)
	at org.eclipse.ui.PlatformUI.createAndRunWorkbench(PlatformUI.java:173)
	at org.eclipse.ui.internal.ide.application.IDEApplication.start(IDEApplication.java:185)
	at org.eclipse.equinox.internal.app.EclipseAppHandle.run(EclipseAppHandle.java:219)
	at org.eclipse.equinox.internal.app.MainApplicationLauncher.run(MainApplicationLauncher.java:37)
	at org.eclipse.core.runtime.internal.adaptor.EclipseAppLauncher.runApplication(EclipseAppLauncher.java:149)
	at org.eclipse.core.runtime.internal.adaptor.EclipseAppLauncher.start(EclipseAppLauncher.java:115)
	at org.eclipse.core.runtime.adaptor.EclipseStarter.run(EclipseStarter.java:467)
	at org.eclipse.core.runtime.adaptor.EclipseStarter.run(EclipseStarter.java:298)
	at java.base/jdk.internal.reflect.DirectMethodHandleAccessor.invoke(DirectMethodHandleAccessor.java:103)
	at java.base/java.lang.reflect.Method.invoke(Method.java:580)
	at org.eclipse.equinox.launcher.Main.invokeFramework(Main.java:627)
	at org.eclipse.equinox.launcher.Main.basicRun(Main.java:575)
	at org.eclipse.equinox.launcher.Main.run(Main.java:1431)
2026-04-16 20:27:58,146 [main] ERROR o.e.m.j.i.l.MavenLaunchConfigurationListener - Launch configuration AdminLogin (1) references non-existing project Library.
org.eclipse.core.runtime.CoreException: Launch configuration AdminLogin (1) references non-existing project Library.
	at org.eclipse.jdt.launching.JavaRuntime.abort(JavaRuntime.java:1871)
	at org.eclipse.jdt.launching.JavaRuntime.getJavaProject(JavaRuntime.java:1748)
	at org.eclipse.m2e.jdt.internal.launch.MavenLaunchConfigurationListener.updateLaunchConfiguration(MavenLaunchConfigurationListener.java:66)
	at org.eclipse.m2e.jdt.internal.launch.MavenLaunchConfigurationListener.launchConfigurationChanged(MavenLaunchConfigurationListener.java:52)
	at org.eclipse.debug.internal.core.LaunchManager$ConfigurationNotifier.run(LaunchManager.java:220)
	at org.eclipse.core.runtime.SafeRunner.run(SafeRunner.java:47)
	at org.eclipse.debug.internal.core.LaunchManager$ConfigurationNotifier.notify(LaunchManager.java:204)
	at org.eclipse.debug.internal.core.LaunchConfigurationWorkingCopy.setDirty(LaunchConfigurationWorkingCopy.java:527)
	at org.eclipse.debug.internal.core.LaunchConfigurationWorkingCopy.setAttribute(LaunchConfigurationWorkingCopy.java:415)
	at org.eclipse.jdt.debug.ui.launchConfigurations.JavaMainTab.performApply(JavaMainTab.java:229)
	at org.eclipse.debug.internal.ui.launchConfigurations.LaunchConfigurationTabGroupViewer.refresh(LaunchConfigurationTabGroupViewer.java:528)
	at org.eclipse.debug.internal.ui.launchConfigurations.LaunchConfigurationsDialog.updateButtons(LaunchConfigurationsDialog.java:1643)
	at org.eclipse.debug.internal.ui.launchConfigurations.LaunchConfigurationsDialog.refreshStatus(LaunchConfigurationsDialog.java:1322)
	at org.eclipse.debug.internal.ui.launchConfigurations.LaunchConfigurationTabGroupViewer.refreshStatus(LaunchConfigurationTabGroupViewer.java:1113)
	at org.eclipse.debug.internal.ui.launchConfigurations.LaunchConfigurationTabGroupViewer.lambda$4(LaunchConfigurationTabGroupViewer.java:741)
	at org.eclipse.swt.custom.BusyIndicator.showWhile(BusyIndicator.java:67)
	at org.eclipse.debug.internal.ui.launchConfigurations.LaunchConfigurationTabGroupViewer.inputChanged(LaunchConfigurationTabGroupViewer.java:716)
	at org.eclipse.debug.internal.ui.launchConfigurations.LaunchConfigurationTabGroupViewer.setInput0(LaunchConfigurationTabGroupViewer.java:684)
	at org.eclipse.debug.internal.ui.launchConfigurations.LaunchConfigurationTabGroupViewer.setInput(LaunchConfigurationTabGroupViewer.java:664)
	at org.eclipse.debug.internal.ui.launchConfigurations.LaunchConfigurationsDialog.handleLaunchConfigurationSelectionChanged(LaunchConfigurationsDialog.java:1043)
	at org.eclipse.debug.internal.ui.launchConfigurations.LaunchConfigurationsDialog.lambda$1(LaunchConfigurationsDialog.java:607)
	at org.eclipse.jface.viewers.StructuredViewer$3.run(StructuredViewer.java:819)
	at org.eclipse.core.runtime.SafeRunner.run(SafeRunner.java:47)
	at org.eclipse.jface.util.SafeRunnable.run(SafeRunnable.java:167)
	at org.eclipse.jface.viewers.StructuredViewer.firePostSelectionChanged(StructuredViewer.java:816)
	at org.eclipse.jface.viewers.ColumnViewer.firePostSelectionChanged(ColumnViewer.java:1051)
	at org.eclipse.jface.viewers.StructuredViewer.setSelection(StructuredViewer.java:1664)
	at org.eclipse.jface.viewers.TreeViewer.setSelection(TreeViewer.java:1091)
	at org.eclipse.jface.viewers.Viewer.setSelection(Viewer.java:375)
	at org.eclipse.debug.internal.ui.launchConfigurations.LaunchConfigurationsDialog.doInitialTreeSelection(LaunchConfigurationsDialog.java:653)
	at org.eclipse.debug.internal.ui.launchConfigurations.LaunchConfigurationsDialog.initializeContent(LaunchConfigurationsDialog.java:1176)
	at org.eclipse.debug.internal.ui.launchConfigurations.LaunchConfigurationsDialog.createContents(LaunchConfigurationsDialog.java:468)
	at org.eclipse.jface.window.Window.create(Window.java:431)
	at org.eclipse.jface.dialogs.Dialog.create(Dialog.java:1088)
	at org.eclipse.debug.internal.ui.launchConfigurations.LaunchConfigurationsDialog.create(LaunchConfigurationsDialog.java:377)
	at org.eclipse.jface.window.Window.open(Window.java:788)
	at org.eclipse.debug.internal.ui.launchConfigurations.LaunchConfigurationsDialog.open(LaunchConfigurationsDialog.java:1229)
	at org.eclipse.debug.ui.DebugUITools.lambda$1(DebugUITools.java:628)
	at org.eclipse.swt.custom.BusyIndicator.showWhile(BusyIndicator.java:67)
	at org.eclipse.debug.ui.DebugUITools.openLaunchConfigurationDialogOnGroup(DebugUITools.java:634)
	at org.eclipse.debug.ui.DebugUITools.openLaunchConfigurationDialogOnGroup(DebugUITools.java:572)
	at org.eclipse.debug.ui.actions.OpenLaunchDialogAction.run(OpenLaunchDialogAction.java:85)
	at org.eclipse.debug.ui.actions.OpenLaunchDialogAction.runWithEvent(OpenLaunchDialogAction.java:91)
	at org.eclipse.ui.internal.PluginAction.runWithEvent(PluginAction.java:229)
	at org.eclipse.ui.internal.WWinPluginAction.runWithEvent(WWinPluginAction.java:218)
	at org.eclipse.jface.action.ActionContributionItem.handleWidgetSelection(ActionContributionItem.java:581)
	at org.eclipse.jface.action.ActionContributionItem.lambda$4(ActionContributionItem.java:415)
	at org.eclipse.swt.widgets.EventTable.sendEvent(EventTable.java:91)
	at org.eclipse.swt.widgets.Display.sendEvent(Display.java:4362)
	at org.eclipse.swt.widgets.Widget.sendEvent(Widget.java:1214)
	at org.eclipse.swt.widgets.Display.runDeferredEvents(Display.java:4160)
	at org.eclipse.swt.widgets.Display.readAndDispatch(Display.java:3748)
	at org.eclipse.e4.ui.internal.workbench.swt.PartRenderingEngine$5.run(PartRenderingEngine.java:1151)
	at org.eclipse.core.databinding.observable.Realm.runWithDefault(Realm.java:339)
	at org.eclipse.e4.ui.internal.workbench.swt.PartRenderingEngine.run(PartRenderingEngine.java:1042)
	at org.eclipse.e4.ui.internal.workbench.E4Workbench.createAndRunUI(E4Workbench.java:153)
	at org.eclipse.ui.internal.Workbench.lambda$3(Workbench.java:678)
	at org.eclipse.core.databinding.observable.Realm.runWithDefault(Realm.java:339)
	at org.eclipse.ui.internal.Workbench.createAndRunWorkbench(Workbench.java:583)
	at org.eclipse.ui.PlatformUI.createAndRunWorkbench(PlatformUI.java:173)
	at org.eclipse.ui.internal.ide.application.IDEApplication.start(IDEApplication.java:185)
	at org.eclipse.equinox.internal.app.EclipseAppHandle.run(EclipseAppHandle.java:219)
	at org.eclipse.equinox.internal.app.MainApplicationLauncher.run(MainApplicationLauncher.java:37)
	at org.eclipse.core.runtime.internal.adaptor.EclipseAppLauncher.runApplication(EclipseAppLauncher.java:149)
	at org.eclipse.core.runtime.internal.adaptor.EclipseAppLauncher.start(EclipseAppLauncher.java:115)
	at org.eclipse.core.runtime.adaptor.EclipseStarter.run(EclipseStarter.java:467)
	at org.eclipse.core.runtime.adaptor.EclipseStarter.run(EclipseStarter.java:298)
	at java.base/jdk.internal.reflect.DirectMethodHandleAccessor.invoke(DirectMethodHandleAccessor.java:103)
	at java.base/java.lang.reflect.Method.invoke(Method.java:580)
	at org.eclipse.equinox.launcher.Main.invokeFramework(Main.java:627)
	at org.eclipse.equinox.launcher.Main.basicRun(Main.java:575)
	at org.eclipse.equinox.launcher.Main.run(Main.java:1431)
2026-04-16 20:27:58,149 [main] ERROR o.e.m.j.i.l.MavenLaunchConfigurationListener - Launch configuration AdminLogin (1) references non-existing project Library.
org.eclipse.core.runtime.CoreException: Launch configuration AdminLogin (1) references non-existing project Library.
	at org.eclipse.jdt.launching.JavaRuntime.abort(JavaRuntime.java:1871)
	at org.eclipse.jdt.launching.JavaRuntime.getJavaProject(JavaRuntime.java:1748)
	at org.eclipse.m2e.jdt.internal.launch.MavenLaunchConfigurationListener.updateLaunchConfiguration(MavenLaunchConfigurationListener.java:66)
	at org.eclipse.m2e.jdt.internal.launch.MavenLaunchConfigurationListener.launchConfigurationChanged(MavenLaunchConfigurationListener.java:52)
	at org.eclipse.debug.internal.core.LaunchManager$ConfigurationNotifier.run(LaunchManager.java:220)
	at org.eclipse.core.runtime.SafeRunner.run(SafeRunner.java:47)
	at org.eclipse.debug.internal.core.LaunchManager$ConfigurationNotifier.notify(LaunchManager.java:204)
	at org.eclipse.debug.internal.core.LaunchConfigurationWorkingCopy.setDirty(LaunchConfigurationWorkingCopy.java:527)
	at org.eclipse.debug.internal.core.LaunchConfigurationWorkingCopy.setAttribute(LaunchConfigurationWorkingCopy.java:415)
	at org.eclipse.jdt.debug.ui.launchConfigurations.JavaMainTab.performApply(JavaMainTab.java:230)
	at org.eclipse.debug.internal.ui.launchConfigurations.LaunchConfigurationTabGroupViewer.refresh(LaunchConfigurationTabGroupViewer.java:528)
	at org.eclipse.debug.internal.ui.launchConfigurations.LaunchConfigurationsDialog.updateButtons(LaunchConfigurationsDialog.java:1643)
	at org.eclipse.debug.internal.ui.launchConfigurations.LaunchConfigurationsDialog.refreshStatus(LaunchConfigurationsDialog.java:1322)
	at org.eclipse.debug.internal.ui.launchConfigurations.LaunchConfigurationTabGroupViewer.refreshStatus(LaunchConfigurationTabGroupViewer.java:1113)
	at org.eclipse.debug.internal.ui.launchConfigurations.LaunchConfigurationTabGroupViewer.lambda$4(LaunchConfigurationTabGroupViewer.java:741)
	at org.eclipse.swt.custom.BusyIndicator.showWhile(BusyIndicator.java:67)
	at org.eclipse.debug.internal.ui.launchConfigurations.LaunchConfigurationTabGroupViewer.inputChanged(LaunchConfigurationTabGroupViewer.java:716)
	at org.eclipse.debug.internal.ui.launchConfigurations.LaunchConfigurationTabGroupViewer.setInput0(LaunchConfigurationTabGroupViewer.java:684)
	at org.eclipse.debug.internal.ui.launchConfigurations.LaunchConfigurationTabGroupViewer.setInput(LaunchConfigurationTabGroupViewer.java:664)
	at org.eclipse.debug.internal.ui.launchConfigurations.LaunchConfigurationsDialog.handleLaunchConfigurationSelectionChanged(LaunchConfigurationsDialog.java:1043)
	at org.eclipse.debug.internal.ui.launchConfigurations.LaunchConfigurationsDialog.lambda$1(LaunchConfigurationsDialog.java:607)
	at org.eclipse.jface.viewers.StructuredViewer$3.run(StructuredViewer.java:819)
	at org.eclipse.core.runtime.SafeRunner.run(SafeRunner.java:47)
	at org.eclipse.jface.util.SafeRunnable.run(SafeRunnable.java:167)
	at org.eclipse.jface.viewers.StructuredViewer.firePostSelectionChanged(StructuredViewer.java:816)
	at org.eclipse.jface.viewers.ColumnViewer.firePostSelectionChanged(ColumnViewer.java:1051)
	at org.eclipse.jface.viewers.StructuredViewer.setSelection(StructuredViewer.java:1664)
	at org.eclipse.jface.viewers.TreeViewer.setSelection(TreeViewer.java:1091)
	at org.eclipse.jface.viewers.Viewer.setSelection(Viewer.java:375)
	at org.eclipse.debug.internal.ui.launchConfigurations.LaunchConfigurationsDialog.doInitialTreeSelection(LaunchConfigurationsDialog.java:653)
	at org.eclipse.debug.internal.ui.launchConfigurations.LaunchConfigurationsDialog.initializeContent(LaunchConfigurationsDialog.java:1176)
	at org.eclipse.debug.internal.ui.launchConfigurations.LaunchConfigurationsDialog.createContents(LaunchConfigurationsDialog.java:468)
	at org.eclipse.jface.window.Window.create(Window.java:431)
	at org.eclipse.jface.dialogs.Dialog.create(Dialog.java:1088)
	at org.eclipse.debug.internal.ui.launchConfigurations.LaunchConfigurationsDialog.create(LaunchConfigurationsDialog.java:377)
	at org.eclipse.jface.window.Window.open(Window.java:788)
	at org.eclipse.debug.internal.ui.launchConfigurations.LaunchConfigurationsDialog.open(LaunchConfigurationsDialog.java:1229)
	at org.eclipse.debug.ui.DebugUITools.lambda$1(DebugUITools.java:628)
	at org.eclipse.swt.custom.BusyIndicator.showWhile(BusyIndicator.java:67)
	at org.eclipse.debug.ui.DebugUITools.openLaunchConfigurationDialogOnGroup(DebugUITools.java:634)
	at org.eclipse.debug.ui.DebugUITools.openLaunchConfigurationDialogOnGroup(DebugUITools.java:572)
	at org.eclipse.debug.ui.actions.OpenLaunchDialogAction.run(OpenLaunchDialogAction.java:85)
	at org.eclipse.debug.ui.actions.OpenLaunchDialogAction.runWithEvent(OpenLaunchDialogAction.java:91)
	at org.eclipse.ui.internal.PluginAction.runWithEvent(PluginAction.java:229)
	at org.eclipse.ui.internal.WWinPluginAction.runWithEvent(WWinPluginAction.java:218)
	at org.eclipse.jface.action.ActionContributionItem.handleWidgetSelection(ActionContributionItem.java:581)
	at org.eclipse.jface.action.ActionContributionItem.lambda$4(ActionContributionItem.java:415)
	at org.eclipse.swt.widgets.EventTable.sendEvent(EventTable.java:91)
	at org.eclipse.swt.widgets.Display.sendEvent(Display.java:4362)
	at org.eclipse.swt.widgets.Widget.sendEvent(Widget.java:1214)
	at org.eclipse.swt.widgets.Display.runDeferredEvents(Display.java:4160)
	at org.eclipse.swt.widgets.Display.readAndDispatch(Display.java:3748)
	at org.eclipse.e4.ui.internal.workbench.swt.PartRenderingEngine$5.run(PartRenderingEngine.java:1151)
	at org.eclipse.core.databinding.observable.Realm.runWithDefault(Realm.java:339)
	at org.eclipse.e4.ui.internal.workbench.swt.PartRenderingEngine.run(PartRenderingEngine.java:1042)
	at org.eclipse.e4.ui.internal.workbench.E4Workbench.createAndRunUI(E4Workbench.java:153)
	at org.eclipse.ui.internal.Workbench.lambda$3(Workbench.java:678)
	at org.eclipse.core.databinding.observable.Realm.runWithDefault(Realm.java:339)
	at org.eclipse.ui.internal.Workbench.createAndRunWorkbench(Workbench.java:583)
	at org.eclipse.ui.PlatformUI.createAndRunWorkbench(PlatformUI.java:173)
	at org.eclipse.ui.internal.ide.application.IDEApplication.start(IDEApplication.java:185)
	at org.eclipse.equinox.internal.app.EclipseAppHandle.run(EclipseAppHandle.java:219)
	at org.eclipse.equinox.internal.app.MainApplicationLauncher.run(MainApplicationLauncher.java:37)
	at org.eclipse.core.runtime.internal.adaptor.EclipseAppLauncher.runApplication(EclipseAppLauncher.java:149)
	at org.eclipse.core.runtime.internal.adaptor.EclipseAppLauncher.start(EclipseAppLauncher.java:115)
	at org.eclipse.core.runtime.adaptor.EclipseStarter.run(EclipseStarter.java:467)
	at org.eclipse.core.runtime.adaptor.EclipseStarter.run(EclipseStarter.java:298)
	at java.base/jdk.internal.reflect.DirectMethodHandleAccessor.invoke(DirectMethodHandleAccessor.java:103)
	at java.base/java.lang.reflect.Method.invoke(Method.java:580)
	at org.eclipse.equinox.launcher.Main.invokeFramework(Main.java:627)
	at org.eclipse.equinox.launcher.Main.basicRun(Main.java:575)
	at org.eclipse.equinox.launcher.Main.run(Main.java:1431)
2026-04-16 20:27:58,152 [main] ERROR o.e.m.j.i.l.MavenLaunchConfigurationListener - Launch configuration AdminLogin (1) references non-existing project Library.
org.eclipse.core.runtime.CoreException: Launch configuration AdminLogin (1) references non-existing project Library.
	at org.eclipse.jdt.launching.JavaRuntime.abort(JavaRuntime.java:1871)
	at org.eclipse.jdt.launching.JavaRuntime.getJavaProject(JavaRuntime.java:1748)
	at org.eclipse.m2e.jdt.internal.launch.MavenLaunchConfigurationListener.updateLaunchConfiguration(MavenLaunchConfigurationListener.java:66)
	at org.eclipse.m2e.jdt.internal.launch.MavenLaunchConfigurationListener.launchConfigurationChanged(MavenLaunchConfigurationListener.java:52)
	at org.eclipse.debug.internal.core.LaunchManager$ConfigurationNotifier.run(LaunchManager.java:220)
	at org.eclipse.core.runtime.SafeRunner.run(SafeRunner.java:47)
	at org.eclipse.debug.internal.core.LaunchManager$ConfigurationNotifier.notify(LaunchManager.java:204)
	at org.eclipse.debug.internal.core.LaunchConfigurationWorkingCopy.setDirty(LaunchConfigurationWorkingCopy.java:527)
	at org.eclipse.debug.internal.core.LaunchConfigurationWorkingCopy.setAttribute(LaunchConfigurationWorkingCopy.java:415)
	at org.eclipse.jdt.debug.ui.launchConfigurations.JavaMainTab.performApply(JavaMainTab.java:238)
	at org.eclipse.debug.internal.ui.launchConfigurations.LaunchConfigurationTabGroupViewer.refresh(LaunchConfigurationTabGroupViewer.java:528)
	at org.eclipse.debug.internal.ui.launchConfigurations.LaunchConfigurationsDialog.updateButtons(LaunchConfigurationsDialog.java:1643)
	at org.eclipse.debug.internal.ui.launchConfigurations.LaunchConfigurationsDialog.refreshStatus(LaunchConfigurationsDialog.java:1322)
	at org.eclipse.debug.internal.ui.launchConfigurations.LaunchConfigurationTabGroupViewer.refreshStatus(LaunchConfigurationTabGroupViewer.java:1113)
	at org.eclipse.debug.internal.ui.launchConfigurations.LaunchConfigurationTabGroupViewer.lambda$4(LaunchConfigurationTabGroupViewer.java:741)
	at org.eclipse.swt.custom.BusyIndicator.showWhile(BusyIndicator.java:67)
	at org.eclipse.debug.internal.ui.launchConfigurations.LaunchConfigurationTabGroupViewer.inputChanged(LaunchConfigurationTabGroupViewer.java:716)
	at org.eclipse.debug.internal.ui.launchConfigurations.LaunchConfigurationTabGroupViewer.setInput0(LaunchConfigurationTabGroupViewer.java:684)
	at org.eclipse.debug.internal.ui.launchConfigurations.LaunchConfigurationTabGroupViewer.setInput(LaunchConfigurationTabGroupViewer.java:664)
	at org.eclipse.debug.internal.ui.launchConfigurations.LaunchConfigurationsDialog.handleLaunchConfigurationSelectionChanged(LaunchConfigurationsDialog.java:1043)
	at org.eclipse.debug.internal.ui.launchConfigurations.LaunchConfigurationsDialog.lambda$1(LaunchConfigurationsDialog.java:607)
	at org.eclipse.jface.viewers.StructuredViewer$3.run(StructuredViewer.java:819)
	at org.eclipse.core.runtime.SafeRunner.run(SafeRunner.java:47)
	at org.eclipse.jface.util.SafeRunnable.run(SafeRunnable.java:167)
	at org.eclipse.jface.viewers.StructuredViewer.firePostSelectionChanged(StructuredViewer.java:816)
	at org.eclipse.jface.viewers.ColumnViewer.firePostSelectionChanged(ColumnViewer.java:1051)
	at org.eclipse.jface.viewers.StructuredViewer.setSelection(StructuredViewer.java:1664)
	at org.eclipse.jface.viewers.TreeViewer.setSelection(TreeViewer.java:1091)
	at org.eclipse.jface.viewers.Viewer.setSelection(Viewer.java:375)
	at org.eclipse.debug.internal.ui.launchConfigurations.LaunchConfigurationsDialog.doInitialTreeSelection(LaunchConfigurationsDialog.java:653)
	at org.eclipse.debug.internal.ui.launchConfigurations.LaunchConfigurationsDialog.initializeContent(LaunchConfigurationsDialog.java:1176)
	at org.eclipse.debug.internal.ui.launchConfigurations.LaunchConfigurationsDialog.createContents(LaunchConfigurationsDialog.java:468)
	at org.eclipse.jface.window.Window.create(Window.java:431)
	at org.eclipse.jface.dialogs.Dialog.create(Dialog.java:1088)
	at org.eclipse.debug.internal.ui.launchConfigurations.LaunchConfigurationsDialog.create(LaunchConfigurationsDialog.java:377)
	at org.eclipse.jface.window.Window.open(Window.java:788)
	at org.eclipse.debug.internal.ui.launchConfigurations.LaunchConfigurationsDialog.open(LaunchConfigurationsDialog.java:1229)
	at org.eclipse.debug.ui.DebugUITools.lambda$1(DebugUITools.java:628)
	at org.eclipse.swt.custom.BusyIndicator.showWhile(BusyIndicator.java:67)
	at org.eclipse.debug.ui.DebugUITools.openLaunchConfigurationDialogOnGroup(DebugUITools.java:634)
	at org.eclipse.debug.ui.DebugUITools.openLaunchConfigurationDialogOnGroup(DebugUITools.java:572)
	at org.eclipse.debug.ui.actions.OpenLaunchDialogAction.run(OpenLaunchDialogAction.java:85)
	at org.eclipse.debug.ui.actions.OpenLaunchDialogAction.runWithEvent(OpenLaunchDialogAction.java:91)
	at org.eclipse.ui.internal.PluginAction.runWithEvent(PluginAction.java:229)
	at org.eclipse.ui.internal.WWinPluginAction.runWithEvent(WWinPluginAction.java:218)
	at org.eclipse.jface.action.ActionContributionItem.handleWidgetSelection(ActionContributionItem.java:581)
	at org.eclipse.jface.action.ActionContributionItem.lambda$4(ActionContributionItem.java:415)
	at org.eclipse.swt.widgets.EventTable.sendEvent(EventTable.java:91)
	at org.eclipse.swt.widgets.Display.sendEvent(Display.java:4362)
	at org.eclipse.swt.widgets.Widget.sendEvent(Widget.java:1214)
	at org.eclipse.swt.widgets.Display.runDeferredEvents(Display.java:4160)
	at org.eclipse.swt.widgets.Display.readAndDispatch(Display.java:3748)
	at org.eclipse.e4.ui.internal.workbench.swt.PartRenderingEngine$5.run(PartRenderingEngine.java:1151)
	at org.eclipse.core.databinding.observable.Realm.runWithDefault(Realm.java:339)
	at org.eclipse.e4.ui.internal.workbench.swt.PartRenderingEngine.run(PartRenderingEngine.java:1042)
	at org.eclipse.e4.ui.internal.workbench.E4Workbench.createAndRunUI(E4Workbench.java:153)
	at org.eclipse.ui.internal.Workbench.lambda$3(Workbench.java:678)
	at org.eclipse.core.databinding.observable.Realm.runWithDefault(Realm.java:339)
	at org.eclipse.ui.internal.Workbench.createAndRunWorkbench(Workbench.java:583)
	at org.eclipse.ui.PlatformUI.createAndRunWorkbench(PlatformUI.java:173)
	at org.eclipse.ui.internal.ide.application.IDEApplication.start(IDEApplication.java:185)
	at org.eclipse.equinox.internal.app.EclipseAppHandle.run(EclipseAppHandle.java:219)
	at org.eclipse.equinox.internal.app.MainApplicationLauncher.run(MainApplicationLauncher.java:37)
	at org.eclipse.core.runtime.internal.adaptor.EclipseAppLauncher.runApplication(EclipseAppLauncher.java:149)
	at org.eclipse.core.runtime.internal.adaptor.EclipseAppLauncher.start(EclipseAppLauncher.java:115)
	at org.eclipse.core.runtime.adaptor.EclipseStarter.run(EclipseStarter.java:467)
	at org.eclipse.core.runtime.adaptor.EclipseStarter.run(EclipseStarter.java:298)
	at java.base/jdk.internal.reflect.DirectMethodHandleAccessor.invoke(DirectMethodHandleAccessor.java:103)
	at java.base/java.lang.reflect.Method.invoke(Method.java:580)
	at org.eclipse.equinox.launcher.Main.invokeFramework(Main.java:627)
	at org.eclipse.equinox.launcher.Main.basicRun(Main.java:575)
	at org.eclipse.equinox.launcher.Main.run(Main.java:1431)
2026-04-16 20:27:58,155 [main] ERROR o.e.m.j.i.l.MavenLaunchConfigurationListener - Launch configuration AdminLogin (1) references non-existing project Library.
org.eclipse.core.runtime.CoreException: Launch configuration AdminLogin (1) references non-existing project Library.
	at org.eclipse.jdt.launching.JavaRuntime.abort(JavaRuntime.java:1871)
	at org.eclipse.jdt.launching.JavaRuntime.getJavaProject(JavaRuntime.java:1748)
	at org.eclipse.m2e.jdt.internal.launch.MavenLaunchConfigurationListener.updateLaunchConfiguration(MavenLaunchConfigurationListener.java:66)
	at org.eclipse.m2e.jdt.internal.launch.MavenLaunchConfigurationListener.launchConfigurationChanged(MavenLaunchConfigurationListener.java:52)
	at org.eclipse.debug.internal.core.LaunchManager$ConfigurationNotifier.run(LaunchManager.java:220)
	at org.eclipse.core.runtime.SafeRunner.run(SafeRunner.java:47)
	at org.eclipse.debug.internal.core.LaunchManager$ConfigurationNotifier.notify(LaunchManager.java:204)
	at org.eclipse.debug.internal.core.LaunchConfigurationWorkingCopy.setDirty(LaunchConfigurationWorkingCopy.java:527)
	at org.eclipse.debug.internal.core.LaunchConfigurationWorkingCopy.setAttribute(LaunchConfigurationWorkingCopy.java:415)
	at org.eclipse.jdt.debug.ui.launchConfigurations.JavaMainTab.performApply(JavaMainTab.java:246)
	at org.eclipse.debug.internal.ui.launchConfigurations.LaunchConfigurationTabGroupViewer.refresh(LaunchConfigurationTabGroupViewer.java:528)
	at org.eclipse.debug.internal.ui.launchConfigurations.LaunchConfigurationsDialog.updateButtons(LaunchConfigurationsDialog.java:1643)
	at org.eclipse.debug.internal.ui.launchConfigurations.LaunchConfigurationsDialog.refreshStatus(LaunchConfigurationsDialog.java:1322)
	at org.eclipse.debug.internal.ui.launchConfigurations.LaunchConfigurationTabGroupViewer.refreshStatus(LaunchConfigurationTabGroupViewer.java:1113)
	at org.eclipse.debug.internal.ui.launchConfigurations.LaunchConfigurationTabGroupViewer.lambda$4(LaunchConfigurationTabGroupViewer.java:741)
	at org.eclipse.swt.custom.BusyIndicator.showWhile(BusyIndicator.java:67)
	at org.eclipse.debug.internal.ui.launchConfigurations.LaunchConfigurationTabGroupViewer.inputChanged(LaunchConfigurationTabGroupViewer.java:716)
	at org.eclipse.debug.internal.ui.launchConfigurations.LaunchConfigurationTabGroupViewer.setInput0(LaunchConfigurationTabGroupViewer.java:684)
	at org.eclipse.debug.internal.ui.launchConfigurations.LaunchConfigurationTabGroupViewer.setInput(LaunchConfigurationTabGroupViewer.java:664)
	at org.eclipse.debug.internal.ui.launchConfigurations.LaunchConfigurationsDialog.handleLaunchConfigurationSelectionChanged(LaunchConfigurationsDialog.java:1043)
	at org.eclipse.debug.internal.ui.launchConfigurations.LaunchConfigurationsDialog.lambda$1(LaunchConfigurationsDialog.java:607)
	at org.eclipse.jface.viewers.StructuredViewer$3.run(StructuredViewer.java:819)
	at org.eclipse.core.runtime.SafeRunner.run(SafeRunner.java:47)
	at org.eclipse.jface.util.SafeRunnable.run(SafeRunnable.java:167)
	at org.eclipse.jface.viewers.StructuredViewer.firePostSelectionChanged(StructuredViewer.java:816)
	at org.eclipse.jface.viewers.ColumnViewer.firePostSelectionChanged(ColumnViewer.java:1051)
	at org.eclipse.jface.viewers.StructuredViewer.setSelection(StructuredViewer.java:1664)
	at org.eclipse.jface.viewers.TreeViewer.setSelection(TreeViewer.java:1091)
	at org.eclipse.jface.viewers.Viewer.setSelection(Viewer.java:375)
	at org.eclipse.debug.internal.ui.launchConfigurations.LaunchConfigurationsDialog.doInitialTreeSelection(LaunchConfigurationsDialog.java:653)
	at org.eclipse.debug.internal.ui.launchConfigurations.LaunchConfigurationsDialog.initializeContent(LaunchConfigurationsDialog.java:1176)
	at org.eclipse.debug.internal.ui.launchConfigurations.LaunchConfigurationsDialog.createContents(LaunchConfigurationsDialog.java:468)
	at org.eclipse.jface.window.Window.create(Window.java:431)
	at org.eclipse.jface.dialogs.Dialog.create(Dialog.java:1088)
	at org.eclipse.debug.internal.ui.launchConfigurations.LaunchConfigurationsDialog.create(LaunchConfigurationsDialog.java:377)
	at org.eclipse.jface.window.Window.open(Window.java:788)
	at org.eclipse.debug.internal.ui.launchConfigurations.LaunchConfigurationsDialog.open(LaunchConfigurationsDialog.java:1229)
	at org.eclipse.debug.ui.DebugUITools.lambda$1(DebugUITools.java:628)
	at org.eclipse.swt.custom.BusyIndicator.showWhile(BusyIndicator.java:67)
	at org.eclipse.debug.ui.DebugUITools.openLaunchConfigurationDialogOnGroup(DebugUITools.java:634)
	at org.eclipse.debug.ui.DebugUITools.openLaunchConfigurationDialogOnGroup(DebugUITools.java:572)
	at org.eclipse.debug.ui.actions.OpenLaunchDialogAction.run(OpenLaunchDialogAction.java:85)
	at org.eclipse.debug.ui.actions.OpenLaunchDialogAction.runWithEvent(OpenLaunchDialogAction.java:91)
	at org.eclipse.ui.internal.PluginAction.runWithEvent(PluginAction.java:229)
	at org.eclipse.ui.internal.WWinPluginAction.runWithEvent(WWinPluginAction.java:218)
	at org.eclipse.jface.action.ActionContributionItem.handleWidgetSelection(ActionContributionItem.java:581)
	at org.eclipse.jface.action.ActionContributionItem.lambda$4(ActionContributionItem.java:415)
	at org.eclipse.swt.widgets.EventTable.sendEvent(EventTable.java:91)
	at org.eclipse.swt.widgets.Display.sendEvent(Display.java:4362)
	at org.eclipse.swt.widgets.Widget.sendEvent(Widget.java:1214)
	at org.eclipse.swt.widgets.Display.runDeferredEvents(Display.java:4160)
	at org.eclipse.swt.widgets.Display.readAndDispatch(Display.java:3748)
	at org.eclipse.e4.ui.internal.workbench.swt.PartRenderingEngine$5.run(PartRenderingEngine.java:1151)
	at org.eclipse.core.databinding.observable.Realm.runWithDefault(Realm.java:339)
	at org.eclipse.e4.ui.internal.workbench.swt.PartRenderingEngine.run(PartRenderingEngine.java:1042)
	at org.eclipse.e4.ui.internal.workbench.E4Workbench.createAndRunUI(E4Workbench.java:153)
	at org.eclipse.ui.internal.Workbench.lambda$3(Workbench.java:678)
	at org.eclipse.core.databinding.observable.Realm.runWithDefault(Realm.java:339)
	at org.eclipse.ui.internal.Workbench.createAndRunWorkbench(Workbench.java:583)
	at org.eclipse.ui.PlatformUI.createAndRunWorkbench(PlatformUI.java:173)
	at org.eclipse.ui.internal.ide.application.IDEApplication.start(IDEApplication.java:185)
	at org.eclipse.equinox.internal.app.EclipseAppHandle.run(EclipseAppHandle.java:219)
	at org.eclipse.equinox.internal.app.MainApplicationLauncher.run(MainApplicationLauncher.java:37)
	at org.eclipse.core.runtime.internal.adaptor.EclipseAppLauncher.runApplication(EclipseAppLauncher.java:149)
	at org.eclipse.core.runtime.internal.adaptor.EclipseAppLauncher.start(EclipseAppLauncher.java:115)
	at org.eclipse.core.runtime.adaptor.EclipseStarter.run(EclipseStarter.java:467)
	at org.eclipse.core.runtime.adaptor.EclipseStarter.run(EclipseStarter.java:298)
	at java.base/jdk.internal.reflect.DirectMethodHandleAccessor.invoke(DirectMethodHandleAccessor.java:103)
	at java.base/java.lang.reflect.Method.invoke(Method.java:580)
	at org.eclipse.equinox.launcher.Main.invokeFramework(Main.java:627)
	at org.eclipse.equinox.launcher.Main.basicRun(Main.java:575)
	at org.eclipse.equinox.launcher.Main.run(Main.java:1431)
2026-04-16 20:27:58,159 [main] ERROR o.e.m.j.i.l.MavenLaunchConfigurationListener - Launch configuration AdminLogin (1) references non-existing project Library.
org.eclipse.core.runtime.CoreException: Launch configuration AdminLogin (1) references non-existing project Library.
	at org.eclipse.jdt.launching.JavaRuntime.abort(JavaRuntime.java:1871)
	at org.eclipse.jdt.launching.JavaRuntime.getJavaProject(JavaRuntime.java:1748)
	at org.eclipse.m2e.jdt.internal.launch.MavenLaunchConfigurationListener.updateLaunchConfiguration(MavenLaunchConfigurationListener.java:66)
	at org.eclipse.m2e.jdt.internal.launch.MavenLaunchConfigurationListener.launchConfigurationChanged(MavenLaunchConfigurationListener.java:52)
	at org.eclipse.debug.internal.core.LaunchManager$ConfigurationNotifier.run(LaunchManager.java:220)
	at org.eclipse.core.runtime.SafeRunner.run(SafeRunner.java:47)
	at org.eclipse.debug.internal.core.LaunchManager$ConfigurationNotifier.notify(LaunchManager.java:204)
	at org.eclipse.debug.internal.core.LaunchConfigurationWorkingCopy.setDirty(LaunchConfigurationWorkingCopy.java:527)
	at org.eclipse.debug.internal.core.LaunchConfigurationWorkingCopy.setAttribute(LaunchConfigurationWorkingCopy.java:415)
	at org.eclipse.jdt.debug.ui.launchConfigurations.JavaMainTab.performApply(JavaMainTab.java:254)
	at org.eclipse.debug.internal.ui.launchConfigurations.LaunchConfigurationTabGroupViewer.refresh(LaunchConfigurationTabGroupViewer.java:528)
	at org.eclipse.debug.internal.ui.launchConfigurations.LaunchConfigurationsDialog.updateButtons(LaunchConfigurationsDialog.java:1643)
	at org.eclipse.debug.internal.ui.launchConfigurations.LaunchConfigurationsDialog.refreshStatus(LaunchConfigurationsDialog.java:1322)
	at org.eclipse.debug.internal.ui.launchConfigurations.LaunchConfigurationTabGroupViewer.refreshStatus(LaunchConfigurationTabGroupViewer.java:1113)
	at org.eclipse.debug.internal.ui.launchConfigurations.LaunchConfigurationTabGroupViewer.lambda$4(LaunchConfigurationTabGroupViewer.java:741)
	at org.eclipse.swt.custom.BusyIndicator.showWhile(BusyIndicator.java:67)
	at org.eclipse.debug.internal.ui.launchConfigurations.LaunchConfigurationTabGroupViewer.inputChanged(LaunchConfigurationTabGroupViewer.java:716)
	at org.eclipse.debug.internal.ui.launchConfigurations.LaunchConfigurationTabGroupViewer.setInput0(LaunchConfigurationTabGroupViewer.java:684)
	at org.eclipse.debug.internal.ui.launchConfigurations.LaunchConfigurationTabGroupViewer.setInput(LaunchConfigurationTabGroupViewer.java:664)
	at org.eclipse.debug.internal.ui.launchConfigurations.LaunchConfigurationsDialog.handleLaunchConfigurationSelectionChanged(LaunchConfigurationsDialog.java:1043)
	at org.eclipse.debug.internal.ui.launchConfigurations.LaunchConfigurationsDialog.lambda$1(LaunchConfigurationsDialog.java:607)
	at org.eclipse.jface.viewers.StructuredViewer$3.run(StructuredViewer.java:819)
	at org.eclipse.core.runtime.SafeRunner.run(SafeRunner.java:47)
	at org.eclipse.jface.util.SafeRunnable.run(SafeRunnable.java:167)
	at org.eclipse.jface.viewers.StructuredViewer.firePostSelectionChanged(StructuredViewer.java:816)
	at org.eclipse.jface.viewers.ColumnViewer.firePostSelectionChanged(ColumnViewer.java:1051)
	at org.eclipse.jface.viewers.StructuredViewer.setSelection(StructuredViewer.java:1664)
	at org.eclipse.jface.viewers.TreeViewer.setSelection(TreeViewer.java:1091)
	at org.eclipse.jface.viewers.Viewer.setSelection(Viewer.java:375)
	at org.eclipse.debug.internal.ui.launchConfigurations.LaunchConfigurationsDialog.doInitialTreeSelection(LaunchConfigurationsDialog.java:653)
	at org.eclipse.debug.internal.ui.launchConfigurations.LaunchConfigurationsDialog.initializeContent(LaunchConfigurationsDialog.java:1176)
	at org.eclipse.debug.internal.ui.launchConfigurations.LaunchConfigurationsDialog.createContents(LaunchConfigurationsDialog.java:468)
	at org.eclipse.jface.window.Window.create(Window.java:431)
	at org.eclipse.jface.dialogs.Dialog.create(Dialog.java:1088)
	at org.eclipse.debug.internal.ui.launchConfigurations.LaunchConfigurationsDialog.create(LaunchConfigurationsDialog.java:377)
	at org.eclipse.jface.window.Window.open(Window.java:788)
	at org.eclipse.debug.internal.ui.launchConfigurations.LaunchConfigurationsDialog.open(LaunchConfigurationsDialog.java:1229)
	at org.eclipse.debug.ui.DebugUITools.lambda$1(DebugUITools.java:628)
	at org.eclipse.swt.custom.BusyIndicator.showWhile(BusyIndicator.java:67)
	at org.eclipse.debug.ui.DebugUITools.openLaunchConfigurationDialogOnGroup(DebugUITools.java:634)
	at org.eclipse.debug.ui.DebugUITools.openLaunchConfigurationDialogOnGroup(DebugUITools.java:572)
	at org.eclipse.debug.ui.actions.OpenLaunchDialogAction.run(OpenLaunchDialogAction.java:85)
	at org.eclipse.debug.ui.actions.OpenLaunchDialogAction.runWithEvent(OpenLaunchDialogAction.java:91)
	at org.eclipse.ui.internal.PluginAction.runWithEvent(PluginAction.java:229)
	at org.eclipse.ui.internal.WWinPluginAction.runWithEvent(WWinPluginAction.java:218)
	at org.eclipse.jface.action.ActionContributionItem.handleWidgetSelection(ActionContributionItem.java:581)
	at org.eclipse.jface.action.ActionContributionItem.lambda$4(ActionContributionItem.java:415)
	at org.eclipse.swt.widgets.EventTable.sendEvent(EventTable.java:91)
	at org.eclipse.swt.widgets.Display.sendEvent(Display.java:4362)
	at org.eclipse.swt.widgets.Widget.sendEvent(Widget.java:1214)
	at org.eclipse.swt.widgets.Display.runDeferredEvents(Display.java:4160)
	at org.eclipse.swt.widgets.Display.readAndDispatch(Display.java:3748)
	at org.eclipse.e4.ui.internal.workbench.swt.PartRenderingEngine$5.run(PartRenderingEngine.java:1151)
	at org.eclipse.core.databinding.observable.Realm.runWithDefault(Realm.java:339)
	at org.eclipse.e4.ui.internal.workbench.swt.PartRenderingEngine.run(PartRenderingEngine.java:1042)
	at org.eclipse.e4.ui.internal.workbench.E4Workbench.createAndRunUI(E4Workbench.java:153)
	at org.eclipse.ui.internal.Workbench.lambda$3(Workbench.java:678)
	at org.eclipse.core.databinding.observable.Realm.runWithDefault(Realm.java:339)
	at org.eclipse.ui.internal.Workbench.createAndRunWorkbench(Workbench.java:583)
	at org.eclipse.ui.PlatformUI.createAndRunWorkbench(PlatformUI.java:173)
	at org.eclipse.ui.internal.ide.application.IDEApplication.start(IDEApplication.java:185)
	at org.eclipse.equinox.internal.app.EclipseAppHandle.run(EclipseAppHandle.java:219)
	at org.eclipse.equinox.internal.app.MainApplicationLauncher.run(MainApplicationLauncher.java:37)
	at org.eclipse.core.runtime.internal.adaptor.EclipseAppLauncher.runApplication(EclipseAppLauncher.java:149)
	at org.eclipse.core.runtime.internal.adaptor.EclipseAppLauncher.start(EclipseAppLauncher.java:115)
	at org.eclipse.core.runtime.adaptor.EclipseStarter.run(EclipseStarter.java:467)
	at org.eclipse.core.runtime.adaptor.EclipseStarter.run(EclipseStarter.java:298)
	at java.base/jdk.internal.reflect.DirectMethodHandleAccessor.invoke(DirectMethodHandleAccessor.java:103)
	at java.base/java.lang.reflect.Method.invoke(Method.java:580)
	at org.eclipse.equinox.launcher.Main.invokeFramework(Main.java:627)
	at org.eclipse.equinox.launcher.Main.basicRun(Main.java:575)
	at org.eclipse.equinox.launcher.Main.run(Main.java:1431)
2026-04-16 20:27:58,165 [main] ERROR o.e.m.j.i.l.MavenLaunchConfigurationListener - Launch configuration AdminLogin (1) references non-existing project Library.
org.eclipse.core.runtime.CoreException: Launch configuration AdminLogin (1) references non-existing project Library.
	at org.eclipse.jdt.launching.JavaRuntime.abort(JavaRuntime.java:1871)
	at org.eclipse.jdt.launching.JavaRuntime.getJavaProject(JavaRuntime.java:1748)
	at org.eclipse.m2e.jdt.internal.launch.MavenLaunchConfigurationListener.updateLaunchConfiguration(MavenLaunchConfigurationListener.java:66)
	at org.eclipse.m2e.jdt.internal.launch.MavenLaunchConfigurationListener.launchConfigurationChanged(MavenLaunchConfigurationListener.java:52)
	at org.eclipse.debug.internal.core.LaunchManager$ConfigurationNotifier.run(LaunchManager.java:220)
	at org.eclipse.core.runtime.SafeRunner.run(SafeRunner.java:47)
	at org.eclipse.debug.internal.core.LaunchManager$ConfigurationNotifier.notify(LaunchManager.java:204)
	at org.eclipse.debug.internal.core.LaunchConfigurationWorkingCopy.setDirty(LaunchConfigurationWorkingCopy.java:527)
	at org.eclipse.debug.internal.core.LaunchConfigurationWorkingCopy.setAttribute(LaunchConfigurationWorkingCopy.java:415)
	at org.eclipse.jdt.debug.ui.launchConfigurations.JavaMainTab.performApply(JavaMainTab.java:228)
	at org.eclipse.debug.ui.AbstractLaunchConfigurationTabGroup.performApply(AbstractLaunchConfigurationTabGroup.java:106)
	at org.eclipse.debug.internal.ui.launchConfigurations.LaunchConfigurationTabGroupWrapper.performApply(LaunchConfigurationTabGroupWrapper.java:205)
	at org.eclipse.debug.internal.ui.launchConfigurations.LaunchConfigurationTabGroupViewer.handleApplyPressed(LaunchConfigurationTabGroupViewer.java:1518)
	at org.eclipse.debug.internal.ui.launchConfigurations.LaunchConfigurationsDialog.handleLaunchConfigurationSelectionChanged(LaunchConfigurationsDialog.java:1045)
	at org.eclipse.debug.internal.ui.launchConfigurations.LaunchConfigurationsDialog.lambda$1(LaunchConfigurationsDialog.java:607)
	at org.eclipse.jface.viewers.StructuredViewer$3.run(StructuredViewer.java:819)
	at org.eclipse.core.runtime.SafeRunner.run(SafeRunner.java:47)
	at org.eclipse.jface.util.SafeRunnable.run(SafeRunnable.java:167)
	at org.eclipse.jface.viewers.StructuredViewer.firePostSelectionChanged(StructuredViewer.java:816)
	at org.eclipse.jface.viewers.ColumnViewer.firePostSelectionChanged(ColumnViewer.java:1051)
	at org.eclipse.jface.viewers.StructuredViewer.setSelection(StructuredViewer.java:1664)
	at org.eclipse.jface.viewers.TreeViewer.setSelection(TreeViewer.java:1091)
	at org.eclipse.jface.viewers.Viewer.setSelection(Viewer.java:375)
	at org.eclipse.debug.internal.ui.launchConfigurations.LaunchConfigurationsDialog.doInitialTreeSelection(LaunchConfigurationsDialog.java:653)
	at org.eclipse.debug.internal.ui.launchConfigurations.LaunchConfigurationsDialog.initializeContent(LaunchConfigurationsDialog.java:1176)
	at org.eclipse.debug.internal.ui.launchConfigurations.LaunchConfigurationsDialog.createContents(LaunchConfigurationsDialog.java:468)
	at org.eclipse.jface.window.Window.create(Window.java:431)
	at org.eclipse.jface.dialogs.Dialog.create(Dialog.java:1088)
	at org.eclipse.debug.internal.ui.launchConfigurations.LaunchConfigurationsDialog.create(LaunchConfigurationsDialog.java:377)
	at org.eclipse.jface.window.Window.open(Window.java:788)
	at org.eclipse.debug.internal.ui.launchConfigurations.LaunchConfigurationsDialog.open(LaunchConfigurationsDialog.java:1229)
	at org.eclipse.debug.ui.DebugUITools.lambda$1(DebugUITools.java:628)
	at org.eclipse.swt.custom.BusyIndicator.showWhile(BusyIndicator.java:67)
	at org.eclipse.debug.ui.DebugUITools.openLaunchConfigurationDialogOnGroup(DebugUITools.java:634)
	at org.eclipse.debug.ui.DebugUITools.openLaunchConfigurationDialogOnGroup(DebugUITools.java:572)
	at org.eclipse.debug.ui.actions.OpenLaunchDialogAction.run(OpenLaunchDialogAction.java:85)
	at org.eclipse.debug.ui.actions.OpenLaunchDialogAction.runWithEvent(OpenLaunchDialogAction.java:91)
	at org.eclipse.ui.internal.PluginAction.runWithEvent(PluginAction.java:229)
	at org.eclipse.ui.internal.WWinPluginAction.runWithEvent(WWinPluginAction.java:218)
	at org.eclipse.jface.action.ActionContributionItem.handleWidgetSelection(ActionContributionItem.java:581)
	at org.eclipse.jface.action.ActionContributionItem.lambda$4(ActionContributionItem.java:415)
	at org.eclipse.swt.widgets.EventTable.sendEvent(EventTable.java:91)
	at org.eclipse.swt.widgets.Display.sendEvent(Display.java:4362)
	at org.eclipse.swt.widgets.Widget.sendEvent(Widget.java:1214)
	at org.eclipse.swt.widgets.Display.runDeferredEvents(Display.java:4160)
	at org.eclipse.swt.widgets.Display.readAndDispatch(Display.java:3748)
	at org.eclipse.e4.ui.internal.workbench.swt.PartRenderingEngine$5.run(PartRenderingEngine.java:1151)
	at org.eclipse.core.databinding.observable.Realm.runWithDefault(Realm.java:339)
	at org.eclipse.e4.ui.internal.workbench.swt.PartRenderingEngine.run(PartRenderingEngine.java:1042)
	at org.eclipse.e4.ui.internal.workbench.E4Workbench.createAndRunUI(E4Workbench.java:153)
	at org.eclipse.ui.internal.Workbench.lambda$3(Workbench.java:678)
	at org.eclipse.core.databinding.observable.Realm.runWithDefault(Realm.java:339)
	at org.eclipse.ui.internal.Workbench.createAndRunWorkbench(Workbench.java:583)
	at org.eclipse.ui.PlatformUI.createAndRunWorkbench(PlatformUI.java:173)
	at org.eclipse.ui.internal.ide.application.IDEApplication.start(IDEApplication.java:185)
	at org.eclipse.equinox.internal.app.EclipseAppHandle.run(EclipseAppHandle.java:219)
	at org.eclipse.equinox.internal.app.MainApplicationLauncher.run(MainApplicationLauncher.java:37)
	at org.eclipse.core.runtime.internal.adaptor.EclipseAppLauncher.runApplication(EclipseAppLauncher.java:149)
	at org.eclipse.core.runtime.internal.adaptor.EclipseAppLauncher.start(EclipseAppLauncher.java:115)
	at org.eclipse.core.runtime.adaptor.EclipseStarter.run(EclipseStarter.java:467)
	at org.eclipse.core.runtime.adaptor.EclipseStarter.run(EclipseStarter.java:298)
	at java.base/jdk.internal.reflect.DirectMethodHandleAccessor.invoke(DirectMethodHandleAccessor.java:103)
	at java.base/java.lang.reflect.Method.invoke(Method.java:580)
	at org.eclipse.equinox.launcher.Main.invokeFramework(Main.java:627)
	at org.eclipse.equinox.launcher.Main.basicRun(Main.java:575)
	at org.eclipse.equinox.launcher.Main.run(Main.java:1431)
2026-04-16 20:27:58,168 [main] ERROR o.e.m.j.i.l.MavenLaunchConfigurationListener - Launch configuration AdminLogin (1) references non-existing project Library.
org.eclipse.core.runtime.CoreException: Launch configuration AdminLogin (1) references non-existing project Library.
	at org.eclipse.jdt.launching.JavaRuntime.abort(JavaRuntime.java:1871)
	at org.eclipse.jdt.launching.JavaRuntime.getJavaProject(JavaRuntime.java:1748)
	at org.eclipse.m2e.jdt.internal.launch.MavenLaunchConfigurationListener.updateLaunchConfiguration(MavenLaunchConfigurationListener.java:66)
	at org.eclipse.m2e.jdt.internal.launch.MavenLaunchConfigurationListener.launchConfigurationChanged(MavenLaunchConfigurationListener.java:52)
	at org.eclipse.debug.internal.core.LaunchManager$ConfigurationNotifier.run(LaunchManager.java:220)
	at org.eclipse.core.runtime.SafeRunner.run(SafeRunner.java:47)
	at org.eclipse.debug.internal.core.LaunchManager$ConfigurationNotifier.notify(LaunchManager.java:204)
	at org.eclipse.debug.internal.core.LaunchConfigurationWorkingCopy.setDirty(LaunchConfigurationWorkingCopy.java:527)
	at org.eclipse.debug.internal.core.LaunchConfigurationWorkingCopy.setAttribute(LaunchConfigurationWorkingCopy.java:415)
	at org.eclipse.jdt.debug.ui.launchConfigurations.JavaMainTab.performApply(JavaMainTab.java:229)
	at org.eclipse.debug.ui.AbstractLaunchConfigurationTabGroup.performApply(AbstractLaunchConfigurationTabGroup.java:106)
	at org.eclipse.debug.internal.ui.launchConfigurations.LaunchConfigurationTabGroupWrapper.performApply(LaunchConfigurationTabGroupWrapper.java:205)
	at org.eclipse.debug.internal.ui.launchConfigurations.LaunchConfigurationTabGroupViewer.handleApplyPressed(LaunchConfigurationTabGroupViewer.java:1518)
	at org.eclipse.debug.internal.ui.launchConfigurations.LaunchConfigurationsDialog.handleLaunchConfigurationSelectionChanged(LaunchConfigurationsDialog.java:1045)
	at org.eclipse.debug.internal.ui.launchConfigurations.LaunchConfigurationsDialog.lambda$1(LaunchConfigurationsDialog.java:607)
	at org.eclipse.jface.viewers.StructuredViewer$3.run(StructuredViewer.java:819)
	at org.eclipse.core.runtime.SafeRunner.run(SafeRunner.java:47)
	at org.eclipse.jface.util.SafeRunnable.run(SafeRunnable.java:167)
	at org.eclipse.jface.viewers.StructuredViewer.firePostSelectionChanged(StructuredViewer.java:816)
	at org.eclipse.jface.viewers.ColumnViewer.firePostSelectionChanged(ColumnViewer.java:1051)
	at org.eclipse.jface.viewers.StructuredViewer.setSelection(StructuredViewer.java:1664)
	at org.eclipse.jface.viewers.TreeViewer.setSelection(TreeViewer.java:1091)
	at org.eclipse.jface.viewers.Viewer.setSelection(Viewer.java:375)
	at org.eclipse.debug.internal.ui.launchConfigurations.LaunchConfigurationsDialog.doInitialTreeSelection(LaunchConfigurationsDialog.java:653)
	at org.eclipse.debug.internal.ui.launchConfigurations.LaunchConfigurationsDialog.initializeContent(LaunchConfigurationsDialog.java:1176)
	at org.eclipse.debug.internal.ui.launchConfigurations.LaunchConfigurationsDialog.createContents(LaunchConfigurationsDialog.java:468)
	at org.eclipse.jface.window.Window.create(Window.java:431)
	at org.eclipse.jface.dialogs.Dialog.create(Dialog.java:1088)
	at org.eclipse.debug.internal.ui.launchConfigurations.LaunchConfigurationsDialog.create(LaunchConfigurationsDialog.java:377)
	at org.eclipse.jface.window.Window.open(Window.java:788)
	at org.eclipse.debug.internal.ui.launchConfigurations.LaunchConfigurationsDialog.open(LaunchConfigurationsDialog.java:1229)
	at org.eclipse.debug.ui.DebugUITools.lambda$1(DebugUITools.java:628)
	at org.eclipse.swt.custom.BusyIndicator.showWhile(BusyIndicator.java:67)
	at org.eclipse.debug.ui.DebugUITools.openLaunchConfigurationDialogOnGroup(DebugUITools.java:634)
	at org.eclipse.debug.ui.DebugUITools.openLaunchConfigurationDialogOnGroup(DebugUITools.java:572)
	at org.eclipse.debug.ui.actions.OpenLaunchDialogAction.run(OpenLaunchDialogAction.java:85)
	at org.eclipse.debug.ui.actions.OpenLaunchDialogAction.runWithEvent(OpenLaunchDialogAction.java:91)
	at org.eclipse.ui.internal.PluginAction.runWithEvent(PluginAction.java:229)
	at org.eclipse.ui.internal.WWinPluginAction.runWithEvent(WWinPluginAction.java:218)
	at org.eclipse.jface.action.ActionContributionItem.handleWidgetSelection(ActionContributionItem.java:581)
	at org.eclipse.jface.action.ActionContributionItem.lambda$4(ActionContributionItem.java:415)
	at org.eclipse.swt.widgets.EventTable.sendEvent(EventTable.java:91)
	at org.eclipse.swt.widgets.Display.sendEvent(Display.java:4362)
	at org.eclipse.swt.widgets.Widget.sendEvent(Widget.java:1214)
	at org.eclipse.swt.widgets.Display.runDeferredEvents(Display.java:4160)
	at org.eclipse.swt.widgets.Display.readAndDispatch(Display.java:3748)
	at org.eclipse.e4.ui.internal.workbench.swt.PartRenderingEngine$5.run(PartRenderingEngine.java:1151)
	at org.eclipse.core.databinding.observable.Realm.runWithDefault(Realm.java:339)
	at org.eclipse.e4.ui.internal.workbench.swt.PartRenderingEngine.run(PartRenderingEngine.java:1042)
	at org.eclipse.e4.ui.internal.workbench.E4Workbench.createAndRunUI(E4Workbench.java:153)
	at org.eclipse.ui.internal.Workbench.lambda$3(Workbench.java:678)
	at org.eclipse.core.databinding.observable.Realm.runWithDefault(Realm.java:339)
	at org.eclipse.ui.internal.Workbench.createAndRunWorkbench(Workbench.java:583)
	at org.eclipse.ui.PlatformUI.createAndRunWorkbench(PlatformUI.java:173)
	at org.eclipse.ui.internal.ide.application.IDEApplication.start(IDEApplication.java:185)
	at org.eclipse.equinox.internal.app.EclipseAppHandle.run(EclipseAppHandle.java:219)
	at org.eclipse.equinox.internal.app.MainApplicationLauncher.run(MainApplicationLauncher.java:37)
	at org.eclipse.core.runtime.internal.adaptor.EclipseAppLauncher.runApplication(EclipseAppLauncher.java:149)
	at org.eclipse.core.runtime.internal.adaptor.EclipseAppLauncher.start(EclipseAppLauncher.java:115)
	at org.eclipse.core.runtime.adaptor.EclipseStarter.run(EclipseStarter.java:467)
	at org.eclipse.core.runtime.adaptor.EclipseStarter.run(EclipseStarter.java:298)
	at java.base/jdk.internal.reflect.DirectMethodHandleAccessor.invoke(DirectMethodHandleAccessor.java:103)
	at java.base/java.lang.reflect.Method.invoke(Method.java:580)
	at org.eclipse.equinox.launcher.Main.invokeFramework(Main.java:627)
	at org.eclipse.equinox.launcher.Main.basicRun(Main.java:575)
	at org.eclipse.equinox.launcher.Main.run(Main.java:1431)
2026-04-16 20:27:58,171 [main] ERROR o.e.m.j.i.l.MavenLaunchConfigurationListener - Launch configuration AdminLogin (1) references non-existing project Library.
org.eclipse.core.runtime.CoreException: Launch configuration AdminLogin (1) references non-existing project Library.
	at org.eclipse.jdt.launching.JavaRuntime.abort(JavaRuntime.java:1871)
	at org.eclipse.jdt.launching.JavaRuntime.getJavaProject(JavaRuntime.java:1748)
	at org.eclipse.m2e.jdt.internal.launch.MavenLaunchConfigurationListener.updateLaunchConfiguration(MavenLaunchConfigurationListener.java:66)
	at org.eclipse.m2e.jdt.internal.launch.MavenLaunchConfigurationListener.launchConfigurationChanged(MavenLaunchConfigurationListener.java:52)
	at org.eclipse.debug.internal.core.LaunchManager$ConfigurationNotifier.run(LaunchManager.java:220)
	at org.eclipse.core.runtime.SafeRunner.run(SafeRunner.java:47)
	at org.eclipse.debug.internal.core.LaunchManager$ConfigurationNotifier.notify(LaunchManager.java:204)
	at org.eclipse.debug.internal.core.LaunchConfigurationWorkingCopy.setDirty(LaunchConfigurationWorkingCopy.java:527)
	at org.eclipse.debug.internal.core.LaunchConfigurationWorkingCopy.setAttribute(LaunchConfigurationWorkingCopy.java:415)
	at org.eclipse.jdt.debug.ui.launchConfigurations.JavaMainTab.performApply(JavaMainTab.java:230)
	at org.eclipse.debug.ui.AbstractLaunchConfigurationTabGroup.performApply(AbstractLaunchConfigurationTabGroup.java:106)
	at org.eclipse.debug.internal.ui.launchConfigurations.LaunchConfigurationTabGroupWrapper.performApply(LaunchConfigurationTabGroupWrapper.java:205)
	at org.eclipse.debug.internal.ui.launchConfigurations.LaunchConfigurationTabGroupViewer.handleApplyPressed(LaunchConfigurationTabGroupViewer.java:1518)
	at org.eclipse.debug.internal.ui.launchConfigurations.LaunchConfigurationsDialog.handleLaunchConfigurationSelectionChanged(LaunchConfigurationsDialog.java:1045)
	at org.eclipse.debug.internal.ui.launchConfigurations.LaunchConfigurationsDialog.lambda$1(LaunchConfigurationsDialog.java:607)
	at org.eclipse.jface.viewers.StructuredViewer$3.run(StructuredViewer.java:819)
	at org.eclipse.core.runtime.SafeRunner.run(SafeRunner.java:47)
	at org.eclipse.jface.util.SafeRunnable.run(SafeRunnable.java:167)
	at org.eclipse.jface.viewers.StructuredViewer.firePostSelectionChanged(StructuredViewer.java:816)
	at org.eclipse.jface.viewers.ColumnViewer.firePostSelectionChanged(ColumnViewer.java:1051)
	at org.eclipse.jface.viewers.StructuredViewer.setSelection(StructuredViewer.java:1664)
	at org.eclipse.jface.viewers.TreeViewer.setSelection(TreeViewer.java:1091)
	at org.eclipse.jface.viewers.Viewer.setSelection(Viewer.java:375)
	at org.eclipse.debug.internal.ui.launchConfigurations.LaunchConfigurationsDialog.doInitialTreeSelection(LaunchConfigurationsDialog.java:653)
	at org.eclipse.debug.internal.ui.launchConfigurations.LaunchConfigurationsDialog.initializeContent(LaunchConfigurationsDialog.java:1176)
	at org.eclipse.debug.internal.ui.launchConfigurations.LaunchConfigurationsDialog.createContents(LaunchConfigurationsDialog.java:468)
	at org.eclipse.jface.window.Window.create(Window.java:431)
	at org.eclipse.jface.dialogs.Dialog.create(Dialog.java:1088)
	at org.eclipse.debug.internal.ui.launchConfigurations.LaunchConfigurationsDialog.create(LaunchConfigurationsDialog.java:377)
	at org.eclipse.jface.window.Window.open(Window.java:788)
	at org.eclipse.debug.internal.ui.launchConfigurations.LaunchConfigurationsDialog.open(LaunchConfigurationsDialog.java:1229)
	at org.eclipse.debug.ui.DebugUITools.lambda$1(DebugUITools.java:628)
	at org.eclipse.swt.custom.BusyIndicator.showWhile(BusyIndicator.java:67)
	at org.eclipse.debug.ui.DebugUITools.openLaunchConfigurationDialogOnGroup(DebugUITools.java:634)
	at org.eclipse.debug.ui.DebugUITools.openLaunchConfigurationDialogOnGroup(DebugUITools.java:572)
	at org.eclipse.debug.ui.actions.OpenLaunchDialogAction.run(OpenLaunchDialogAction.java:85)
	at org.eclipse.debug.ui.actions.OpenLaunchDialogAction.runWithEvent(OpenLaunchDialogAction.java:91)
	at org.eclipse.ui.internal.PluginAction.runWithEvent(PluginAction.java:229)
	at org.eclipse.ui.internal.WWinPluginAction.runWithEvent(WWinPluginAction.java:218)
	at org.eclipse.jface.action.ActionContributionItem.handleWidgetSelection(ActionContributionItem.java:581)
	at org.eclipse.jface.action.ActionContributionItem.lambda$4(ActionContributionItem.java:415)
	at org.eclipse.swt.widgets.EventTable.sendEvent(EventTable.java:91)
	at org.eclipse.swt.widgets.Display.sendEvent(Display.java:4362)
	at org.eclipse.swt.widgets.Widget.sendEvent(Widget.java:1214)
	at org.eclipse.swt.widgets.Display.runDeferredEvents(Display.java:4160)
	at org.eclipse.swt.widgets.Display.readAndDispatch(Display.java:3748)
	at org.eclipse.e4.ui.internal.workbench.swt.PartRenderingEngine$5.run(PartRenderingEngine.java:1151)
	at org.eclipse.core.databinding.observable.Realm.runWithDefault(Realm.java:339)
	at org.eclipse.e4.ui.internal.workbench.swt.PartRenderingEngine.run(PartRenderingEngine.java:1042)
	at org.eclipse.e4.ui.internal.workbench.E4Workbench.createAndRunUI(E4Workbench.java:153)
	at org.eclipse.ui.internal.Workbench.lambda$3(Workbench.java:678)
	at org.eclipse.core.databinding.observable.Realm.runWithDefault(Realm.java:339)
	at org.eclipse.ui.internal.Workbench.createAndRunWorkbench(Workbench.java:583)
	at org.eclipse.ui.PlatformUI.createAndRunWorkbench(PlatformUI.java:173)
	at org.eclipse.ui.internal.ide.application.IDEApplication.start(IDEApplication.java:185)
	at org.eclipse.equinox.internal.app.EclipseAppHandle.run(EclipseAppHandle.java:219)
	at org.eclipse.equinox.internal.app.MainApplicationLauncher.run(MainApplicationLauncher.java:37)
	at org.eclipse.core.runtime.internal.adaptor.EclipseAppLauncher.runApplication(EclipseAppLauncher.java:149)
	at org.eclipse.core.runtime.internal.adaptor.EclipseAppLauncher.start(EclipseAppLauncher.java:115)
	at org.eclipse.core.runtime.adaptor.EclipseStarter.run(EclipseStarter.java:467)
	at org.eclipse.core.runtime.adaptor.EclipseStarter.run(EclipseStarter.java:298)
	at java.base/jdk.internal.reflect.DirectMethodHandleAccessor.invoke(DirectMethodHandleAccessor.java:103)
	at java.base/java.lang.reflect.Method.invoke(Method.java:580)
	at org.eclipse.equinox.launcher.Main.invokeFramework(Main.java:627)
	at org.eclipse.equinox.launcher.Main.basicRun(Main.java:575)
	at org.eclipse.equinox.launcher.Main.run(Main.java:1431)
2026-04-16 20:27:58,174 [main] ERROR o.e.m.j.i.l.MavenLaunchConfigurationListener - Launch configuration AdminLogin (1) references non-existing project Library.
org.eclipse.core.runtime.CoreException: Launch configuration AdminLogin (1) references non-existing project Library.
	at org.eclipse.jdt.launching.JavaRuntime.abort(JavaRuntime.java:1871)
	at org.eclipse.jdt.launching.JavaRuntime.getJavaProject(JavaRuntime.java:1748)
	at org.eclipse.m2e.jdt.internal.launch.MavenLaunchConfigurationListener.updateLaunchConfiguration(MavenLaunchConfigurationListener.java:66)
	at org.eclipse.m2e.jdt.internal.launch.MavenLaunchConfigurationListener.launchConfigurationChanged(MavenLaunchConfigurationListener.java:52)
	at org.eclipse.debug.internal.core.LaunchManager$ConfigurationNotifier.run(LaunchManager.java:220)
	at org.eclipse.core.runtime.SafeRunner.run(SafeRunner.java:47)
	at org.eclipse.debug.internal.core.LaunchManager$ConfigurationNotifier.notify(LaunchManager.java:204)
	at org.eclipse.debug.internal.core.LaunchConfigurationWorkingCopy.setDirty(LaunchConfigurationWorkingCopy.java:527)
	at org.eclipse.debug.internal.core.LaunchConfigurationWorkingCopy.setAttribute(LaunchConfigurationWorkingCopy.java:415)
	at org.eclipse.jdt.debug.ui.launchConfigurations.JavaMainTab.performApply(JavaMainTab.java:238)
	at org.eclipse.debug.ui.AbstractLaunchConfigurationTabGroup.performApply(AbstractLaunchConfigurationTabGroup.java:106)
	at org.eclipse.debug.internal.ui.launchConfigurations.LaunchConfigurationTabGroupWrapper.performApply(LaunchConfigurationTabGroupWrapper.java:205)
	at org.eclipse.debug.internal.ui.launchConfigurations.LaunchConfigurationTabGroupViewer.handleApplyPressed(LaunchConfigurationTabGroupViewer.java:1518)
	at org.eclipse.debug.internal.ui.launchConfigurations.LaunchConfigurationsDialog.handleLaunchConfigurationSelectionChanged(LaunchConfigurationsDialog.java:1045)
	at org.eclipse.debug.internal.ui.launchConfigurations.LaunchConfigurationsDialog.lambda$1(LaunchConfigurationsDialog.java:607)
	at org.eclipse.jface.viewers.StructuredViewer$3.run(StructuredViewer.java:819)
	at org.eclipse.core.runtime.SafeRunner.run(SafeRunner.java:47)
	at org.eclipse.jface.util.SafeRunnable.run(SafeRunnable.java:167)
	at org.eclipse.jface.viewers.StructuredViewer.firePostSelectionChanged(StructuredViewer.java:816)
	at org.eclipse.jface.viewers.ColumnViewer.firePostSelectionChanged(ColumnViewer.java:1051)
	at org.eclipse.jface.viewers.StructuredViewer.setSelection(StructuredViewer.java:1664)
	at org.eclipse.jface.viewers.TreeViewer.setSelection(TreeViewer.java:1091)
	at org.eclipse.jface.viewers.Viewer.setSelection(Viewer.java:375)
	at org.eclipse.debug.internal.ui.launchConfigurations.LaunchConfigurationsDialog.doInitialTreeSelection(LaunchConfigurationsDialog.java:653)
	at org.eclipse.debug.internal.ui.launchConfigurations.LaunchConfigurationsDialog.initializeContent(LaunchConfigurationsDialog.java:1176)
	at org.eclipse.debug.internal.ui.launchConfigurations.LaunchConfigurationsDialog.createContents(LaunchConfigurationsDialog.java:468)
	at org.eclipse.jface.window.Window.create(Window.java:431)
	at org.eclipse.jface.dialogs.Dialog.create(Dialog.java:1088)
	at org.eclipse.debug.internal.ui.launchConfigurations.LaunchConfigurationsDialog.create(LaunchConfigurationsDialog.java:377)
	at org.eclipse.jface.window.Window.open(Window.java:788)
	at org.eclipse.debug.internal.ui.launchConfigurations.LaunchConfigurationsDialog.open(LaunchConfigurationsDialog.java:1229)
	at org.eclipse.debug.ui.DebugUITools.lambda$1(DebugUITools.java:628)
	at org.eclipse.swt.custom.BusyIndicator.showWhile(BusyIndicator.java:67)
	at org.eclipse.debug.ui.DebugUITools.openLaunchConfigurationDialogOnGroup(DebugUITools.java:634)
	at org.eclipse.debug.ui.DebugUITools.openLaunchConfigurationDialogOnGroup(DebugUITools.java:572)
	at org.eclipse.debug.ui.actions.OpenLaunchDialogAction.run(OpenLaunchDialogAction.java:85)
	at org.eclipse.debug.ui.actions.OpenLaunchDialogAction.runWithEvent(OpenLaunchDialogAction.java:91)
	at org.eclipse.ui.internal.PluginAction.runWithEvent(PluginAction.java:229)
	at org.eclipse.ui.internal.WWinPluginAction.runWithEvent(WWinPluginAction.java:218)
	at org.eclipse.jface.action.ActionContributionItem.handleWidgetSelection(ActionContributionItem.java:581)
	at org.eclipse.jface.action.ActionContributionItem.lambda$4(ActionContributionItem.java:415)
	at org.eclipse.swt.widgets.EventTable.sendEvent(EventTable.java:91)
	at org.eclipse.swt.widgets.Display.sendEvent(Display.java:4362)
	at org.eclipse.swt.widgets.Widget.sendEvent(Widget.java:1214)
	at org.eclipse.swt.widgets.Display.runDeferredEvents(Display.java:4160)
	at org.eclipse.swt.widgets.Display.readAndDispatch(Display.java:3748)
	at org.eclipse.e4.ui.internal.workbench.swt.PartRenderingEngine$5.run(PartRenderingEngine.java:1151)
	at org.eclipse.core.databinding.observable.Realm.runWithDefault(Realm.java:339)
	at org.eclipse.e4.ui.internal.workbench.swt.PartRenderingEngine.run(PartRenderingEngine.java:1042)
	at org.eclipse.e4.ui.internal.workbench.E4Workbench.createAndRunUI(E4Workbench.java:153)
	at org.eclipse.ui.internal.Workbench.lambda$3(Workbench.java:678)
	at org.eclipse.core.databinding.observable.Realm.runWithDefault(Realm.java:339)
	at org.eclipse.ui.internal.Workbench.createAndRunWorkbench(Workbench.java:583)
	at org.eclipse.ui.PlatformUI.createAndRunWorkbench(PlatformUI.java:173)
	at org.eclipse.ui.internal.ide.application.IDEApplication.start(IDEApplication.java:185)
	at org.eclipse.equinox.internal.app.EclipseAppHandle.run(EclipseAppHandle.java:219)
	at org.eclipse.equinox.internal.app.MainApplicationLauncher.run(MainApplicationLauncher.java:37)
	at org.eclipse.core.runtime.internal.adaptor.EclipseAppLauncher.runApplication(EclipseAppLauncher.java:149)
	at org.eclipse.core.runtime.internal.adaptor.EclipseAppLauncher.start(EclipseAppLauncher.java:115)
	at org.eclipse.core.runtime.adaptor.EclipseStarter.run(EclipseStarter.java:467)
	at org.eclipse.core.runtime.adaptor.EclipseStarter.run(EclipseStarter.java:298)
	at java.base/jdk.internal.reflect.DirectMethodHandleAccessor.invoke(DirectMethodHandleAccessor.java:103)
	at java.base/java.lang.reflect.Method.invoke(Method.java:580)
	at org.eclipse.equinox.launcher.Main.invokeFramework(Main.java:627)
	at org.eclipse.equinox.launcher.Main.basicRun(Main.java:575)
	at org.eclipse.equinox.launcher.Main.run(Main.java:1431)
2026-04-16 20:27:58,177 [main] ERROR o.e.m.j.i.l.MavenLaunchConfigurationListener - Launch configuration AdminLogin (1) references non-existing project Library.
org.eclipse.core.runtime.CoreException: Launch configuration AdminLogin (1) references non-existing project Library.
	at org.eclipse.jdt.launching.JavaRuntime.abort(JavaRuntime.java:1871)
	at org.eclipse.jdt.launching.JavaRuntime.getJavaProject(JavaRuntime.java:1748)
	at org.eclipse.m2e.jdt.internal.launch.MavenLaunchConfigurationListener.updateLaunchConfiguration(MavenLaunchConfigurationListener.java:66)
	at org.eclipse.m2e.jdt.internal.launch.MavenLaunchConfigurationListener.launchConfigurationChanged(MavenLaunchConfigurationListener.java:52)
	at org.eclipse.debug.internal.core.LaunchManager$ConfigurationNotifier.run(LaunchManager.java:220)
	at org.eclipse.core.runtime.SafeRunner.run(SafeRunner.java:47)
	at org.eclipse.debug.internal.core.LaunchManager$ConfigurationNotifier.notify(LaunchManager.java:204)
	at org.eclipse.debug.internal.core.LaunchConfigurationWorkingCopy.setDirty(LaunchConfigurationWorkingCopy.java:527)
	at org.eclipse.debug.internal.core.LaunchConfigurationWorkingCopy.setAttribute(LaunchConfigurationWorkingCopy.java:415)
	at org.eclipse.jdt.debug.ui.launchConfigurations.JavaMainTab.performApply(JavaMainTab.java:246)
	at org.eclipse.debug.ui.AbstractLaunchConfigurationTabGroup.performApply(AbstractLaunchConfigurationTabGroup.java:106)
	at org.eclipse.debug.internal.ui.launchConfigurations.LaunchConfigurationTabGroupWrapper.performApply(LaunchConfigurationTabGroupWrapper.java:205)
	at org.eclipse.debug.internal.ui.launchConfigurations.LaunchConfigurationTabGroupViewer.handleApplyPressed(LaunchConfigurationTabGroupViewer.java:1518)
	at org.eclipse.debug.internal.ui.launchConfigurations.LaunchConfigurationsDialog.handleLaunchConfigurationSelectionChanged(LaunchConfigurationsDialog.java:1045)
	at org.eclipse.debug.internal.ui.launchConfigurations.LaunchConfigurationsDialog.lambda$1(LaunchConfigurationsDialog.java:607)
	at org.eclipse.jface.viewers.StructuredViewer$3.run(StructuredViewer.java:819)
	at org.eclipse.core.runtime.SafeRunner.run(SafeRunner.java:47)
	at org.eclipse.jface.util.SafeRunnable.run(SafeRunnable.java:167)
	at org.eclipse.jface.viewers.StructuredViewer.firePostSelectionChanged(StructuredViewer.java:816)
	at org.eclipse.jface.viewers.ColumnViewer.firePostSelectionChanged(ColumnViewer.java:1051)
	at org.eclipse.jface.viewers.StructuredViewer.setSelection(StructuredViewer.java:1664)
	at org.eclipse.jface.viewers.TreeViewer.setSelection(TreeViewer.java:1091)
	at org.eclipse.jface.viewers.Viewer.setSelection(Viewer.java:375)
	at org.eclipse.debug.internal.ui.launchConfigurations.LaunchConfigurationsDialog.doInitialTreeSelection(LaunchConfigurationsDialog.java:653)
	at org.eclipse.debug.internal.ui.launchConfigurations.LaunchConfigurationsDialog.initializeContent(LaunchConfigurationsDialog.java:1176)
	at org.eclipse.debug.internal.ui.launchConfigurations.LaunchConfigurationsDialog.createContents(LaunchConfigurationsDialog.java:468)
	at org.eclipse.jface.window.Window.create(Window.java:431)
	at org.eclipse.jface.dialogs.Dialog.create(Dialog.java:1088)
	at org.eclipse.debug.internal.ui.launchConfigurations.LaunchConfigurationsDialog.create(LaunchConfigurationsDialog.java:377)
	at org.eclipse.jface.window.Window.open(Window.java:788)
	at org.eclipse.debug.internal.ui.launchConfigurations.LaunchConfigurationsDialog.open(LaunchConfigurationsDialog.java:1229)
	at org.eclipse.debug.ui.DebugUITools.lambda$1(DebugUITools.java:628)
	at org.eclipse.swt.custom.BusyIndicator.showWhile(BusyIndicator.java:67)
	at org.eclipse.debug.ui.DebugUITools.openLaunchConfigurationDialogOnGroup(DebugUITools.java:634)
	at org.eclipse.debug.ui.DebugUITools.openLaunchConfigurationDialogOnGroup(DebugUITools.java:572)
	at org.eclipse.debug.ui.actions.OpenLaunchDialogAction.run(OpenLaunchDialogAction.java:85)
	at org.eclipse.debug.ui.actions.OpenLaunchDialogAction.runWithEvent(OpenLaunchDialogAction.java:91)
	at org.eclipse.ui.internal.PluginAction.runWithEvent(PluginAction.java:229)
	at org.eclipse.ui.internal.WWinPluginAction.runWithEvent(WWinPluginAction.java:218)
	at org.eclipse.jface.action.ActionContributionItem.handleWidgetSelection(ActionContributionItem.java:581)
	at org.eclipse.jface.action.ActionContributionItem.lambda$4(ActionContributionItem.java:415)
	at org.eclipse.swt.widgets.EventTable.sendEvent(EventTable.java:91)
	at org.eclipse.swt.widgets.Display.sendEvent(Display.java:4362)
	at org.eclipse.swt.widgets.Widget.sendEvent(Widget.java:1214)
	at org.eclipse.swt.widgets.Display.runDeferredEvents(Display.java:4160)
	at org.eclipse.swt.widgets.Display.readAndDispatch(Display.java:3748)
	at org.eclipse.e4.ui.internal.workbench.swt.PartRenderingEngine$5.run(PartRenderingEngine.java:1151)
	at org.eclipse.core.databinding.observable.Realm.runWithDefault(Realm.java:339)
	at org.eclipse.e4.ui.internal.workbench.swt.PartRenderingEngine.run(PartRenderingEngine.java:1042)
	at org.eclipse.e4.ui.internal.workbench.E4Workbench.createAndRunUI(E4Workbench.java:153)
	at org.eclipse.ui.internal.Workbench.lambda$3(Workbench.java:678)
	at org.eclipse.core.databinding.observable.Realm.runWithDefault(Realm.java:339)
	at org.eclipse.ui.internal.Workbench.createAndRunWorkbench(Workbench.java:583)
	at org.eclipse.ui.PlatformUI.createAndRunWorkbench(PlatformUI.java:173)
	at org.eclipse.ui.internal.ide.application.IDEApplication.start(IDEApplication.java:185)
	at org.eclipse.equinox.internal.app.EclipseAppHandle.run(EclipseAppHandle.java:219)
	at org.eclipse.equinox.internal.app.MainApplicationLauncher.run(MainApplicationLauncher.java:37)
	at org.eclipse.core.runtime.internal.adaptor.EclipseAppLauncher.runApplication(EclipseAppLauncher.java:149)
	at org.eclipse.core.runtime.internal.adaptor.EclipseAppLauncher.start(EclipseAppLauncher.java:115)
	at org.eclipse.core.runtime.adaptor.EclipseStarter.run(EclipseStarter.java:467)
	at org.eclipse.core.runtime.adaptor.EclipseStarter.run(EclipseStarter.java:298)
	at java.base/jdk.internal.reflect.DirectMethodHandleAccessor.invoke(DirectMethodHandleAccessor.java:103)
	at java.base/java.lang.reflect.Method.invoke(Method.java:580)
	at org.eclipse.equinox.launcher.Main.invokeFramework(Main.java:627)
	at org.eclipse.equinox.launcher.Main.basicRun(Main.java:575)
	at org.eclipse.equinox.launcher.Main.run(Main.java:1431)
2026-04-16 20:27:58,180 [main] ERROR o.e.m.j.i.l.MavenLaunchConfigurationListener - Launch configuration AdminLogin (1) references non-existing project Library.
org.eclipse.core.runtime.CoreException: Launch configuration AdminLogin (1) references non-existing project Library.
	at org.eclipse.jdt.launching.JavaRuntime.abort(JavaRuntime.java:1871)
	at org.eclipse.jdt.launching.JavaRuntime.getJavaProject(JavaRuntime.java:1748)
	at org.eclipse.m2e.jdt.internal.launch.MavenLaunchConfigurationListener.updateLaunchConfiguration(MavenLaunchConfigurationListener.java:66)
	at org.eclipse.m2e.jdt.internal.launch.MavenLaunchConfigurationListener.launchConfigurationChanged(MavenLaunchConfigurationListener.java:52)
	at org.eclipse.debug.internal.core.LaunchManager$ConfigurationNotifier.run(LaunchManager.java:220)
	at org.eclipse.core.runtime.SafeRunner.run(SafeRunner.java:47)
	at org.eclipse.debug.internal.core.LaunchManager$ConfigurationNotifier.notify(LaunchManager.java:204)
	at org.eclipse.debug.internal.core.LaunchConfigurationWorkingCopy.setDirty(LaunchConfigurationWorkingCopy.java:527)
	at org.eclipse.debug.internal.core.LaunchConfigurationWorkingCopy.setAttribute(LaunchConfigurationWorkingCopy.java:415)
	at org.eclipse.jdt.debug.ui.launchConfigurations.JavaMainTab.performApply(JavaMainTab.java:254)
	at org.eclipse.debug.ui.AbstractLaunchConfigurationTabGroup.performApply(AbstractLaunchConfigurationTabGroup.java:106)
	at org.eclipse.debug.internal.ui.launchConfigurations.LaunchConfigurationTabGroupWrapper.performApply(LaunchConfigurationTabGroupWrapper.java:205)
	at org.eclipse.debug.internal.ui.launchConfigurations.LaunchConfigurationTabGroupViewer.handleApplyPressed(LaunchConfigurationTabGroupViewer.java:1518)
	at org.eclipse.debug.internal.ui.launchConfigurations.LaunchConfigurationsDialog.handleLaunchConfigurationSelectionChanged(LaunchConfigurationsDialog.java:1045)
	at org.eclipse.debug.internal.ui.launchConfigurations.LaunchConfigurationsDialog.lambda$1(LaunchConfigurationsDialog.java:607)
	at org.eclipse.jface.viewers.StructuredViewer$3.run(StructuredViewer.java:819)
	at org.eclipse.core.runtime.SafeRunner.run(SafeRunner.java:47)
	at org.eclipse.jface.util.SafeRunnable.run(SafeRunnable.java:167)
	at org.eclipse.jface.viewers.StructuredViewer.firePostSelectionChanged(StructuredViewer.java:816)
	at org.eclipse.jface.viewers.ColumnViewer.firePostSelectionChanged(ColumnViewer.java:1051)
	at org.eclipse.jface.viewers.StructuredViewer.setSelection(StructuredViewer.java:1664)
	at org.eclipse.jface.viewers.TreeViewer.setSelection(TreeViewer.java:1091)
	at org.eclipse.jface.viewers.Viewer.setSelection(Viewer.java:375)
	at org.eclipse.debug.internal.ui.launchConfigurations.LaunchConfigurationsDialog.doInitialTreeSelection(LaunchConfigurationsDialog.java:653)
	at org.eclipse.debug.internal.ui.launchConfigurations.LaunchConfigurationsDialog.initializeContent(LaunchConfigurationsDialog.java:1176)
	at org.eclipse.debug.internal.ui.launchConfigurations.LaunchConfigurationsDialog.createContents(LaunchConfigurationsDialog.java:468)
	at org.eclipse.jface.window.Window.create(Window.java:431)
	at org.eclipse.jface.dialogs.Dialog.create(Dialog.java:1088)
	at org.eclipse.debug.internal.ui.launchConfigurations.LaunchConfigurationsDialog.create(LaunchConfigurationsDialog.java:377)
	at org.eclipse.jface.window.Window.open(Window.java:788)
	at org.eclipse.debug.internal.ui.launchConfigurations.LaunchConfigurationsDialog.open(LaunchConfigurationsDialog.java:1229)
	at org.eclipse.debug.ui.DebugUITools.lambda$1(DebugUITools.java:628)
	at org.eclipse.swt.custom.BusyIndicator.showWhile(BusyIndicator.java:67)
	at org.eclipse.debug.ui.DebugUITools.openLaunchConfigurationDialogOnGroup(DebugUITools.java:634)
	at org.eclipse.debug.ui.DebugUITools.openLaunchConfigurationDialogOnGroup(DebugUITools.java:572)
	at org.eclipse.debug.ui.actions.OpenLaunchDialogAction.run(OpenLaunchDialogAction.java:85)
	at org.eclipse.debug.ui.actions.OpenLaunchDialogAction.runWithEvent(OpenLaunchDialogAction.java:91)
	at org.eclipse.ui.internal.PluginAction.runWithEvent(PluginAction.java:229)
	at org.eclipse.ui.internal.WWinPluginAction.runWithEvent(WWinPluginAction.java:218)
	at org.eclipse.jface.action.ActionContributionItem.handleWidgetSelection(ActionContributionItem.java:581)
	at org.eclipse.jface.action.ActionContributionItem.lambda$4(ActionContributionItem.java:415)
	at org.eclipse.swt.widgets.EventTable.sendEvent(EventTable.java:91)
	at org.eclipse.swt.widgets.Display.sendEvent(Display.java:4362)
	at org.eclipse.swt.widgets.Widget.sendEvent(Widget.java:1214)
	at org.eclipse.swt.widgets.Display.runDeferredEvents(Display.java:4160)
	at org.eclipse.swt.widgets.Display.readAndDispatch(Display.java:3748)
	at org.eclipse.e4.ui.internal.workbench.swt.PartRenderingEngine$5.run(PartRenderingEngine.java:1151)
	at org.eclipse.core.databinding.observable.Realm.runWithDefault(Realm.java:339)
	at org.eclipse.e4.ui.internal.workbench.swt.PartRenderingEngine.run(PartRenderingEngine.java:1042)
	at org.eclipse.e4.ui.internal.workbench.E4Workbench.createAndRunUI(E4Workbench.java:153)
	at org.eclipse.ui.internal.Workbench.lambda$3(Workbench.java:678)
	at org.eclipse.core.databinding.observable.Realm.runWithDefault(Realm.java:339)
	at org.eclipse.ui.internal.Workbench.createAndRunWorkbench(Workbench.java:583)
	at org.eclipse.ui.PlatformUI.createAndRunWorkbench(PlatformUI.java:173)
	at org.eclipse.ui.internal.ide.application.IDEApplication.start(IDEApplication.java:185)
	at org.eclipse.equinox.internal.app.EclipseAppHandle.run(EclipseAppHandle.java:219)
	at org.eclipse.equinox.internal.app.MainApplicationLauncher.run(MainApplicationLauncher.java:37)
	at org.eclipse.core.runtime.internal.adaptor.EclipseAppLauncher.runApplication(EclipseAppLauncher.java:149)
	at org.eclipse.core.runtime.internal.adaptor.EclipseAppLauncher.start(EclipseAppLauncher.java:115)
	at org.eclipse.core.runtime.adaptor.EclipseStarter.run(EclipseStarter.java:467)
	at org.eclipse.core.runtime.adaptor.EclipseStarter.run(EclipseStarter.java:298)
	at java.base/jdk.internal.reflect.DirectMethodHandleAccessor.invoke(DirectMethodHandleAccessor.java:103)
	at java.base/java.lang.reflect.Method.invoke(Method.java:580)
	at org.eclipse.equinox.launcher.Main.invokeFramework(Main.java:627)
	at org.eclipse.equinox.launcher.Main.basicRun(Main.java:575)
	at org.eclipse.equinox.launcher.Main.run(Main.java:1431)
2026-04-16 20:27:58,183 [main] ERROR o.e.m.j.i.l.MavenLaunchConfigurationListener - Launch configuration AdminLogin (1) references non-existing project Library.
org.eclipse.core.runtime.CoreException: Launch configuration AdminLogin (1) references non-existing project Library.
	at org.eclipse.jdt.launching.JavaRuntime.abort(JavaRuntime.java:1871)
	at org.eclipse.jdt.launching.JavaRuntime.getJavaProject(JavaRuntime.java:1748)
	at org.eclipse.m2e.jdt.internal.launch.MavenLaunchConfigurationListener.updateLaunchConfiguration(MavenLaunchConfigurationListener.java:66)
	at org.eclipse.m2e.jdt.internal.launch.MavenLaunchConfigurationListener.launchConfigurationChanged(MavenLaunchConfigurationListener.java:52)
	at org.eclipse.debug.internal.core.LaunchManager$ConfigurationNotifier.run(LaunchManager.java:220)
	at org.eclipse.core.runtime.SafeRunner.run(SafeRunner.java:47)
	at org.eclipse.debug.internal.core.LaunchManager$ConfigurationNotifier.notify(LaunchManager.java:204)
	at org.eclipse.debug.internal.core.LaunchConfigurationWorkingCopy.setDirty(LaunchConfigurationWorkingCopy.java:527)
	at org.eclipse.debug.internal.core.LaunchConfigurationWorkingCopy.setAttribute(LaunchConfigurationWorkingCopy.java:415)
	at org.eclipse.jdt.debug.ui.launchConfigurations.JavaArgumentsTab.performApply(JavaArgumentsTab.java:217)
	at org.eclipse.debug.ui.AbstractLaunchConfigurationTabGroup.performApply(AbstractLaunchConfigurationTabGroup.java:106)
	at org.eclipse.debug.internal.ui.launchConfigurations.LaunchConfigurationTabGroupWrapper.performApply(LaunchConfigurationTabGroupWrapper.java:205)
	at org.eclipse.debug.internal.ui.launchConfigurations.LaunchConfigurationTabGroupViewer.handleApplyPressed(LaunchConfigurationTabGroupViewer.java:1518)
	at org.eclipse.debug.internal.ui.launchConfigurations.LaunchConfigurationsDialog.handleLaunchConfigurationSelectionChanged(LaunchConfigurationsDialog.java:1045)
	at org.eclipse.debug.internal.ui.launchConfigurations.LaunchConfigurationsDialog.lambda$1(LaunchConfigurationsDialog.java:607)
	at org.eclipse.jface.viewers.StructuredViewer$3.run(StructuredViewer.java:819)
	at org.eclipse.core.runtime.SafeRunner.run(SafeRunner.java:47)
	at org.eclipse.jface.util.SafeRunnable.run(SafeRunnable.java:167)
	at org.eclipse.jface.viewers.StructuredViewer.firePostSelectionChanged(StructuredViewer.java:816)
	at org.eclipse.jface.viewers.ColumnViewer.firePostSelectionChanged(ColumnViewer.java:1051)
	at org.eclipse.jface.viewers.StructuredViewer.setSelection(StructuredViewer.java:1664)
	at org.eclipse.jface.viewers.TreeViewer.setSelection(TreeViewer.java:1091)
	at org.eclipse.jface.viewers.Viewer.setSelection(Viewer.java:375)
	at org.eclipse.debug.internal.ui.launchConfigurations.LaunchConfigurationsDialog.doInitialTreeSelection(LaunchConfigurationsDialog.java:653)
	at org.eclipse.debug.internal.ui.launchConfigurations.LaunchConfigurationsDialog.initializeContent(LaunchConfigurationsDialog.java:1176)
	at org.eclipse.debug.internal.ui.launchConfigurations.LaunchConfigurationsDialog.createContents(LaunchConfigurationsDialog.java:468)
	at org.eclipse.jface.window.Window.create(Window.java:431)
	at org.eclipse.jface.dialogs.Dialog.create(Dialog.java:1088)
	at org.eclipse.debug.internal.ui.launchConfigurations.LaunchConfigurationsDialog.create(LaunchConfigurationsDialog.java:377)
	at org.eclipse.jface.window.Window.open(Window.java:788)
	at org.eclipse.debug.internal.ui.launchConfigurations.LaunchConfigurationsDialog.open(LaunchConfigurationsDialog.java:1229)
	at org.eclipse.debug.ui.DebugUITools.lambda$1(DebugUITools.java:628)
	at org.eclipse.swt.custom.BusyIndicator.showWhile(BusyIndicator.java:67)
	at org.eclipse.debug.ui.DebugUITools.openLaunchConfigurationDialogOnGroup(DebugUITools.java:634)
	at org.eclipse.debug.ui.DebugUITools.openLaunchConfigurationDialogOnGroup(DebugUITools.java:572)
	at org.eclipse.debug.ui.actions.OpenLaunchDialogAction.run(OpenLaunchDialogAction.java:85)
	at org.eclipse.debug.ui.actions.OpenLaunchDialogAction.runWithEvent(OpenLaunchDialogAction.java:91)
	at org.eclipse.ui.internal.PluginAction.runWithEvent(PluginAction.java:229)
	at org.eclipse.ui.internal.WWinPluginAction.runWithEvent(WWinPluginAction.java:218)
	at org.eclipse.jface.action.ActionContributionItem.handleWidgetSelection(ActionContributionItem.java:581)
	at org.eclipse.jface.action.ActionContributionItem.lambda$4(ActionContributionItem.java:415)
	at org.eclipse.swt.widgets.EventTable.sendEvent(EventTable.java:91)
	at org.eclipse.swt.widgets.Display.sendEvent(Display.java:4362)
	at org.eclipse.swt.widgets.Widget.sendEvent(Widget.java:1214)
	at org.eclipse.swt.widgets.Display.runDeferredEvents(Display.java:4160)
	at org.eclipse.swt.widgets.Display.readAndDispatch(Display.java:3748)
	at org.eclipse.e4.ui.internal.workbench.swt.PartRenderingEngine$5.run(PartRenderingEngine.java:1151)
	at org.eclipse.core.databinding.observable.Realm.runWithDefault(Realm.java:339)
	at org.eclipse.e4.ui.internal.workbench.swt.PartRenderingEngine.run(PartRenderingEngine.java:1042)
	at org.eclipse.e4.ui.internal.workbench.E4Workbench.createAndRunUI(E4Workbench.java:153)
	at org.eclipse.ui.internal.Workbench.lambda$3(Workbench.java:678)
	at org.eclipse.core.databinding.observable.Realm.runWithDefault(Realm.java:339)
	at org.eclipse.ui.internal.Workbench.createAndRunWorkbench(Workbench.java:583)
	at org.eclipse.ui.PlatformUI.createAndRunWorkbench(PlatformUI.java:173)
	at org.eclipse.ui.internal.ide.application.IDEApplication.start(IDEApplication.java:185)
	at org.eclipse.equinox.internal.app.EclipseAppHandle.run(EclipseAppHandle.java:219)
	at org.eclipse.equinox.internal.app.MainApplicationLauncher.run(MainApplicationLauncher.java:37)
	at org.eclipse.core.runtime.internal.adaptor.EclipseAppLauncher.runApplication(EclipseAppLauncher.java:149)
	at org.eclipse.core.runtime.internal.adaptor.EclipseAppLauncher.start(EclipseAppLauncher.java:115)
	at org.eclipse.core.runtime.adaptor.EclipseStarter.run(EclipseStarter.java:467)
	at org.eclipse.core.runtime.adaptor.EclipseStarter.run(EclipseStarter.java:298)
	at java.base/jdk.internal.reflect.DirectMethodHandleAccessor.invoke(DirectMethodHandleAccessor.java:103)
	at java.base/java.lang.reflect.Method.invoke(Method.java:580)
	at org.eclipse.equinox.launcher.Main.invokeFramework(Main.java:627)
	at org.eclipse.equinox.launcher.Main.basicRun(Main.java:575)
	at org.eclipse.equinox.launcher.Main.run(Main.java:1431)
2026-04-16 20:27:58,187 [main] ERROR o.e.m.j.i.l.MavenLaunchConfigurationListener - Launch configuration AdminLogin (1) references non-existing project Library.
org.eclipse.core.runtime.CoreException: Launch configuration AdminLogin (1) references non-existing project Library.
	at org.eclipse.jdt.launching.JavaRuntime.abort(JavaRuntime.java:1871)
	at org.eclipse.jdt.launching.JavaRuntime.getJavaProject(JavaRuntime.java:1748)
	at org.eclipse.m2e.jdt.internal.launch.MavenLaunchConfigurationListener.updateLaunchConfiguration(MavenLaunchConfigurationListener.java:66)
	at org.eclipse.m2e.jdt.internal.launch.MavenLaunchConfigurationListener.launchConfigurationChanged(MavenLaunchConfigurationListener.java:52)
	at org.eclipse.debug.internal.core.LaunchManager$ConfigurationNotifier.run(LaunchManager.java:220)
	at org.eclipse.core.runtime.SafeRunner.run(SafeRunner.java:47)
	at org.eclipse.debug.internal.core.LaunchManager$ConfigurationNotifier.notify(LaunchManager.java:204)
	at org.eclipse.debug.internal.core.LaunchConfigurationWorkingCopy.setDirty(LaunchConfigurationWorkingCopy.java:527)
	at org.eclipse.debug.internal.core.LaunchConfigurationWorkingCopy.setAttribute(LaunchConfigurationWorkingCopy.java:415)
	at org.eclipse.jdt.internal.debug.ui.launcher.VMArgumentsBlock.performApply(VMArgumentsBlock.java:175)
	at org.eclipse.jdt.debug.ui.launchConfigurations.JavaArgumentsTab.performApply(JavaArgumentsTab.java:218)
	at org.eclipse.debug.ui.AbstractLaunchConfigurationTabGroup.performApply(AbstractLaunchConfigurationTabGroup.java:106)
	at org.eclipse.debug.internal.ui.launchConfigurations.LaunchConfigurationTabGroupWrapper.performApply(LaunchConfigurationTabGroupWrapper.java:205)
	at org.eclipse.debug.internal.ui.launchConfigurations.LaunchConfigurationTabGroupViewer.handleApplyPressed(LaunchConfigurationTabGroupViewer.java:1518)
	at org.eclipse.debug.internal.ui.launchConfigurations.LaunchConfigurationsDialog.handleLaunchConfigurationSelectionChanged(LaunchConfigurationsDialog.java:1045)
	at org.eclipse.debug.internal.ui.launchConfigurations.LaunchConfigurationsDialog.lambda$1(LaunchConfigurationsDialog.java:607)
	at org.eclipse.jface.viewers.StructuredViewer$3.run(StructuredViewer.java:819)
	at org.eclipse.core.runtime.SafeRunner.run(SafeRunner.java:47)
	at org.eclipse.jface.util.SafeRunnable.run(SafeRunnable.java:167)
	at org.eclipse.jface.viewers.StructuredViewer.firePostSelectionChanged(StructuredViewer.java:816)
	at org.eclipse.jface.viewers.ColumnViewer.firePostSelectionChanged(ColumnViewer.java:1051)
	at org.eclipse.jface.viewers.StructuredViewer.setSelection(StructuredViewer.java:1664)
	at org.eclipse.jface.viewers.TreeViewer.setSelection(TreeViewer.java:1091)
	at org.eclipse.jface.viewers.Viewer.setSelection(Viewer.java:375)
	at org.eclipse.debug.internal.ui.launchConfigurations.LaunchConfigurationsDialog.doInitialTreeSelection(LaunchConfigurationsDialog.java:653)
	at org.eclipse.debug.internal.ui.launchConfigurations.LaunchConfigurationsDialog.initializeContent(LaunchConfigurationsDialog.java:1176)
	at org.eclipse.debug.internal.ui.launchConfigurations.LaunchConfigurationsDialog.createContents(LaunchConfigurationsDialog.java:468)
	at org.eclipse.jface.window.Window.create(Window.java:431)
	at org.eclipse.jface.dialogs.Dialog.create(Dialog.java:1088)
	at org.eclipse.debug.internal.ui.launchConfigurations.LaunchConfigurationsDialog.create(LaunchConfigurationsDialog.java:377)
	at org.eclipse.jface.window.Window.open(Window.java:788)
	at org.eclipse.debug.internal.ui.launchConfigurations.LaunchConfigurationsDialog.open(LaunchConfigurationsDialog.java:1229)
	at org.eclipse.debug.ui.DebugUITools.lambda$1(DebugUITools.java:628)
	at org.eclipse.swt.custom.BusyIndicator.showWhile(BusyIndicator.java:67)
	at org.eclipse.debug.ui.DebugUITools.openLaunchConfigurationDialogOnGroup(DebugUITools.java:634)
	at org.eclipse.debug.ui.DebugUITools.openLaunchConfigurationDialogOnGroup(DebugUITools.java:572)
	at org.eclipse.debug.ui.actions.OpenLaunchDialogAction.run(OpenLaunchDialogAction.java:85)
	at org.eclipse.debug.ui.actions.OpenLaunchDialogAction.runWithEvent(OpenLaunchDialogAction.java:91)
	at org.eclipse.ui.internal.PluginAction.runWithEvent(PluginAction.java:229)
	at org.eclipse.ui.internal.WWinPluginAction.runWithEvent(WWinPluginAction.java:218)
	at org.eclipse.jface.action.ActionContributionItem.handleWidgetSelection(ActionContributionItem.java:581)
	at org.eclipse.jface.action.ActionContributionItem.lambda$4(ActionContributionItem.java:415)
	at org.eclipse.swt.widgets.EventTable.sendEvent(EventTable.java:91)
	at org.eclipse.swt.widgets.Display.sendEvent(Display.java:4362)
	at org.eclipse.swt.widgets.Widget.sendEvent(Widget.java:1214)
	at org.eclipse.swt.widgets.Display.runDeferredEvents(Display.java:4160)
	at org.eclipse.swt.widgets.Display.readAndDispatch(Display.java:3748)
	at org.eclipse.e4.ui.internal.workbench.swt.PartRenderingEngine$5.run(PartRenderingEngine.java:1151)
	at org.eclipse.core.databinding.observable.Realm.runWithDefault(Realm.java:339)
	at org.eclipse.e4.ui.internal.workbench.swt.PartRenderingEngine.run(PartRenderingEngine.java:1042)
	at org.eclipse.e4.ui.internal.workbench.E4Workbench.createAndRunUI(E4Workbench.java:153)
	at org.eclipse.ui.internal.Workbench.lambda$3(Workbench.java:678)
	at org.eclipse.core.databinding.observable.Realm.runWithDefault(Realm.java:339)
	at org.eclipse.ui.internal.Workbench.createAndRunWorkbench(Workbench.java:583)
	at org.eclipse.ui.PlatformUI.createAndRunWorkbench(PlatformUI.java:173)
	at org.eclipse.ui.internal.ide.application.IDEApplication.start(IDEApplication.java:185)
	at org.eclipse.equinox.internal.app.EclipseAppHandle.run(EclipseAppHandle.java:219)
	at org.eclipse.equinox.internal.app.MainApplicationLauncher.run(MainApplicationLauncher.java:37)
	at org.eclipse.core.runtime.internal.adaptor.EclipseAppLauncher.runApplication(EclipseAppLauncher.java:149)
	at org.eclipse.core.runtime.internal.adaptor.EclipseAppLauncher.start(EclipseAppLauncher.java:115)
	at org.eclipse.core.runtime.adaptor.EclipseStarter.run(EclipseStarter.java:467)
	at org.eclipse.core.runtime.adaptor.EclipseStarter.run(EclipseStarter.java:298)
	at java.base/jdk.internal.reflect.DirectMethodHandleAccessor.invoke(DirectMethodHandleAccessor.java:103)
	at java.base/java.lang.reflect.Method.invoke(Method.java:580)
	at org.eclipse.equinox.launcher.Main.invokeFramework(Main.java:627)
	at org.eclipse.equinox.launcher.Main.basicRun(Main.java:575)
	at org.eclipse.equinox.launcher.Main.run(Main.java:1431)
2026-04-16 20:27:58,190 [main] ERROR o.e.m.j.i.l.MavenLaunchConfigurationListener - Launch configuration AdminLogin (1) references non-existing project Library.
org.eclipse.core.runtime.CoreException: Launch configuration AdminLogin (1) references non-existing project Library.
	at org.eclipse.jdt.launching.JavaRuntime.abort(JavaRuntime.java:1871)
	at org.eclipse.jdt.launching.JavaRuntime.getJavaProject(JavaRuntime.java:1748)
	at org.eclipse.m2e.jdt.internal.launch.MavenLaunchConfigurationListener.updateLaunchConfiguration(MavenLaunchConfigurationListener.java:66)
	at org.eclipse.m2e.jdt.internal.launch.MavenLaunchConfigurationListener.launchConfigurationChanged(MavenLaunchConfigurationListener.java:52)
	at org.eclipse.debug.internal.core.LaunchManager$ConfigurationNotifier.run(LaunchManager.java:220)
	at org.eclipse.core.runtime.SafeRunner.run(SafeRunner.java:47)
	at org.eclipse.debug.internal.core.LaunchManager$ConfigurationNotifier.notify(LaunchManager.java:204)
	at org.eclipse.debug.internal.core.LaunchConfigurationWorkingCopy.setDirty(LaunchConfigurationWorkingCopy.java:527)
	at org.eclipse.debug.internal.core.LaunchConfigurationWorkingCopy.setAttribute(LaunchConfigurationWorkingCopy.java:415)
	at org.eclipse.debug.ui.WorkingDirectoryBlock.performApply(WorkingDirectoryBlock.java:387)
	at org.eclipse.jdt.debug.ui.launchConfigurations.JavaArgumentsTab.performApply(JavaArgumentsTab.java:219)
	at org.eclipse.debug.ui.AbstractLaunchConfigurationTabGroup.performApply(AbstractLaunchConfigurationTabGroup.java:106)
	at org.eclipse.debug.internal.ui.launchConfigurations.LaunchConfigurationTabGroupWrapper.performApply(LaunchConfigurationTabGroupWrapper.java:205)
	at org.eclipse.debug.internal.ui.launchConfigurations.LaunchConfigurationTabGroupViewer.handleApplyPressed(LaunchConfigurationTabGroupViewer.java:1518)
	at org.eclipse.debug.internal.ui.launchConfigurations.LaunchConfigurationsDialog.handleLaunchConfigurationSelectionChanged(LaunchConfigurationsDialog.java:1045)
	at org.eclipse.debug.internal.ui.launchConfigurations.LaunchConfigurationsDialog.lambda$1(LaunchConfigurationsDialog.java:607)
	at org.eclipse.jface.viewers.StructuredViewer$3.run(StructuredViewer.java:819)
	at org.eclipse.core.runtime.SafeRunner.run(SafeRunner.java:47)
	at org.eclipse.jface.util.SafeRunnable.run(SafeRunnable.java:167)
	at org.eclipse.jface.viewers.StructuredViewer.firePostSelectionChanged(StructuredViewer.java:816)
	at org.eclipse.jface.viewers.ColumnViewer.firePostSelectionChanged(ColumnViewer.java:1051)
	at org.eclipse.jface.viewers.StructuredViewer.setSelection(StructuredViewer.java:1664)
	at org.eclipse.jface.viewers.TreeViewer.setSelection(TreeViewer.java:1091)
	at org.eclipse.jface.viewers.Viewer.setSelection(Viewer.java:375)
	at org.eclipse.debug.internal.ui.launchConfigurations.LaunchConfigurationsDialog.doInitialTreeSelection(LaunchConfigurationsDialog.java:653)
	at org.eclipse.debug.internal.ui.launchConfigurations.LaunchConfigurationsDialog.initializeContent(LaunchConfigurationsDialog.java:1176)
	at org.eclipse.debug.internal.ui.launchConfigurations.LaunchConfigurationsDialog.createContents(LaunchConfigurationsDialog.java:468)
	at org.eclipse.jface.window.Window.create(Window.java:431)
	at org.eclipse.jface.dialogs.Dialog.create(Dialog.java:1088)
	at org.eclipse.debug.internal.ui.launchConfigurations.LaunchConfigurationsDialog.create(LaunchConfigurationsDialog.java:377)
	at org.eclipse.jface.window.Window.open(Window.java:788)
	at org.eclipse.debug.internal.ui.launchConfigurations.LaunchConfigurationsDialog.open(LaunchConfigurationsDialog.java:1229)
	at org.eclipse.debug.ui.DebugUITools.lambda$1(DebugUITools.java:628)
	at org.eclipse.swt.custom.BusyIndicator.showWhile(BusyIndicator.java:67)
	at org.eclipse.debug.ui.DebugUITools.openLaunchConfigurationDialogOnGroup(DebugUITools.java:634)
	at org.eclipse.debug.ui.DebugUITools.openLaunchConfigurationDialogOnGroup(DebugUITools.java:572)
	at org.eclipse.debug.ui.actions.OpenLaunchDialogAction.run(OpenLaunchDialogAction.java:85)
	at org.eclipse.debug.ui.actions.OpenLaunchDialogAction.runWithEvent(OpenLaunchDialogAction.java:91)
	at org.eclipse.ui.internal.PluginAction.runWithEvent(PluginAction.java:229)
	at org.eclipse.ui.internal.WWinPluginAction.runWithEvent(WWinPluginAction.java:218)
	at org.eclipse.jface.action.ActionContributionItem.handleWidgetSelection(ActionContributionItem.java:581)
	at org.eclipse.jface.action.ActionContributionItem.lambda$4(ActionContributionItem.java:415)
	at org.eclipse.swt.widgets.EventTable.sendEvent(EventTable.java:91)
	at org.eclipse.swt.widgets.Display.sendEvent(Display.java:4362)
	at org.eclipse.swt.widgets.Widget.sendEvent(Widget.java:1214)
	at org.eclipse.swt.widgets.Display.runDeferredEvents(Display.java:4160)
	at org.eclipse.swt.widgets.Display.readAndDispatch(Display.java:3748)
	at org.eclipse.e4.ui.internal.workbench.swt.PartRenderingEngine$5.run(PartRenderingEngine.java:1151)
	at org.eclipse.core.databinding.observable.Realm.runWithDefault(Realm.java:339)
	at org.eclipse.e4.ui.internal.workbench.swt.PartRenderingEngine.run(PartRenderingEngine.java:1042)
	at org.eclipse.e4.ui.internal.workbench.E4Workbench.createAndRunUI(E4Workbench.java:153)
	at org.eclipse.ui.internal.Workbench.lambda$3(Workbench.java:678)
	at org.eclipse.core.databinding.observable.Realm.runWithDefault(Realm.java:339)
	at org.eclipse.ui.internal.Workbench.createAndRunWorkbench(Workbench.java:583)
	at org.eclipse.ui.PlatformUI.createAndRunWorkbench(PlatformUI.java:173)
	at org.eclipse.ui.internal.ide.application.IDEApplication.start(IDEApplication.java:185)
	at org.eclipse.equinox.internal.app.EclipseAppHandle.run(EclipseAppHandle.java:219)
	at org.eclipse.equinox.internal.app.MainApplicationLauncher.run(MainApplicationLauncher.java:37)
	at org.eclipse.core.runtime.internal.adaptor.EclipseAppLauncher.runApplication(EclipseAppLauncher.java:149)
	at org.eclipse.core.runtime.internal.adaptor.EclipseAppLauncher.start(EclipseAppLauncher.java:115)
	at org.eclipse.core.runtime.adaptor.EclipseStarter.run(EclipseStarter.java:467)
	at org.eclipse.core.runtime.adaptor.EclipseStarter.run(EclipseStarter.java:298)
	at java.base/jdk.internal.reflect.DirectMethodHandleAccessor.invoke(DirectMethodHandleAccessor.java:103)
	at java.base/java.lang.reflect.Method.invoke(Method.java:580)
	at org.eclipse.equinox.launcher.Main.invokeFramework(Main.java:627)
	at org.eclipse.equinox.launcher.Main.basicRun(Main.java:575)
	at org.eclipse.equinox.launcher.Main.run(Main.java:1431)
2026-04-16 20:27:58,194 [main] ERROR o.e.m.j.i.l.MavenLaunchConfigurationListener - Launch configuration AdminLogin (1) references non-existing project Library.
org.eclipse.core.runtime.CoreException: Launch configuration AdminLogin (1) references non-existing project Library.
	at org.eclipse.jdt.launching.JavaRuntime.abort(JavaRuntime.java:1871)
	at org.eclipse.jdt.launching.JavaRuntime.getJavaProject(JavaRuntime.java:1748)
	at org.eclipse.m2e.jdt.internal.launch.MavenLaunchConfigurationListener.updateLaunchConfiguration(MavenLaunchConfigurationListener.java:66)
	at org.eclipse.m2e.jdt.internal.launch.MavenLaunchConfigurationListener.launchConfigurationChanged(MavenLaunchConfigurationListener.java:52)
	at org.eclipse.debug.internal.core.LaunchManager$ConfigurationNotifier.run(LaunchManager.java:220)
	at org.eclipse.core.runtime.SafeRunner.run(SafeRunner.java:47)
	at org.eclipse.debug.internal.core.LaunchManager$ConfigurationNotifier.notify(LaunchManager.java:204)
	at org.eclipse.debug.internal.core.LaunchConfigurationWorkingCopy.setDirty(LaunchConfigurationWorkingCopy.java:527)
	at org.eclipse.debug.internal.core.LaunchConfigurationWorkingCopy.setAttribute(LaunchConfigurationWorkingCopy.java:415)
	at org.eclipse.jdt.debug.ui.launchConfigurations.JavaJRETab.performApply(JavaJRETab.java:213)
	at org.eclipse.debug.ui.AbstractLaunchConfigurationTabGroup.performApply(AbstractLaunchConfigurationTabGroup.java:106)
	at org.eclipse.debug.internal.ui.launchConfigurations.LaunchConfigurationTabGroupWrapper.performApply(LaunchConfigurationTabGroupWrapper.java:205)
	at org.eclipse.debug.internal.ui.launchConfigurations.LaunchConfigurationTabGroupViewer.handleApplyPressed(LaunchConfigurationTabGroupViewer.java:1518)
	at org.eclipse.debug.internal.ui.launchConfigurations.LaunchConfigurationsDialog.handleLaunchConfigurationSelectionChanged(LaunchConfigurationsDialog.java:1045)
	at org.eclipse.debug.internal.ui.launchConfigurations.LaunchConfigurationsDialog.lambda$1(LaunchConfigurationsDialog.java:607)
	at org.eclipse.jface.viewers.StructuredViewer$3.run(StructuredViewer.java:819)
	at org.eclipse.core.runtime.SafeRunner.run(SafeRunner.java:47)
	at org.eclipse.jface.util.SafeRunnable.run(SafeRunnable.java:167)
	at org.eclipse.jface.viewers.StructuredViewer.firePostSelectionChanged(StructuredViewer.java:816)
	at org.eclipse.jface.viewers.ColumnViewer.firePostSelectionChanged(ColumnViewer.java:1051)
	at org.eclipse.jface.viewers.StructuredViewer.setSelection(StructuredViewer.java:1664)
	at org.eclipse.jface.viewers.TreeViewer.setSelection(TreeViewer.java:1091)
	at org.eclipse.jface.viewers.Viewer.setSelection(Viewer.java:375)
	at org.eclipse.debug.internal.ui.launchConfigurations.LaunchConfigurationsDialog.doInitialTreeSelection(LaunchConfigurationsDialog.java:653)
	at org.eclipse.debug.internal.ui.launchConfigurations.LaunchConfigurationsDialog.initializeContent(LaunchConfigurationsDialog.java:1176)
	at org.eclipse.debug.internal.ui.launchConfigurations.LaunchConfigurationsDialog.createContents(LaunchConfigurationsDialog.java:468)
	at org.eclipse.jface.window.Window.create(Window.java:431)
	at org.eclipse.jface.dialogs.Dialog.create(Dialog.java:1088)
	at org.eclipse.debug.internal.ui.launchConfigurations.LaunchConfigurationsDialog.create(LaunchConfigurationsDialog.java:377)
	at org.eclipse.jface.window.Window.open(Window.java:788)
	at org.eclipse.debug.internal.ui.launchConfigurations.LaunchConfigurationsDialog.open(LaunchConfigurationsDialog.java:1229)
	at org.eclipse.debug.ui.DebugUITools.lambda$1(DebugUITools.java:628)
	at org.eclipse.swt.custom.BusyIndicator.showWhile(BusyIndicator.java:67)
	at org.eclipse.debug.ui.DebugUITools.openLaunchConfigurationDialogOnGroup(DebugUITools.java:634)
	at org.eclipse.debug.ui.DebugUITools.openLaunchConfigurationDialogOnGroup(DebugUITools.java:572)
	at org.eclipse.debug.ui.actions.OpenLaunchDialogAction.run(OpenLaunchDialogAction.java:85)
	at org.eclipse.debug.ui.actions.OpenLaunchDialogAction.runWithEvent(OpenLaunchDialogAction.java:91)
	at org.eclipse.ui.internal.PluginAction.runWithEvent(PluginAction.java:229)
	at org.eclipse.ui.internal.WWinPluginAction.runWithEvent(WWinPluginAction.java:218)
	at org.eclipse.jface.action.ActionContributionItem.handleWidgetSelection(ActionContributionItem.java:581)
	at org.eclipse.jface.action.ActionContributionItem.lambda$4(ActionContributionItem.java:415)
	at org.eclipse.swt.widgets.EventTable.sendEvent(EventTable.java:91)
	at org.eclipse.swt.widgets.Display.sendEvent(Display.java:4362)
	at org.eclipse.swt.widgets.Widget.sendEvent(Widget.java:1214)
	at org.eclipse.swt.widgets.Display.runDeferredEvents(Display.java:4160)
	at org.eclipse.swt.widgets.Display.readAndDispatch(Display.java:3748)
	at org.eclipse.e4.ui.internal.workbench.swt.PartRenderingEngine$5.run(PartRenderingEngine.java:1151)
	at org.eclipse.core.databinding.observable.Realm.runWithDefault(Realm.java:339)
	at org.eclipse.e4.ui.internal.workbench.swt.PartRenderingEngine.run(PartRenderingEngine.java:1042)
	at org.eclipse.e4.ui.internal.workbench.E4Workbench.createAndRunUI(E4Workbench.java:153)
	at org.eclipse.ui.internal.Workbench.lambda$3(Workbench.java:678)
	at org.eclipse.core.databinding.observable.Realm.runWithDefault(Realm.java:339)
	at org.eclipse.ui.internal.Workbench.createAndRunWorkbench(Workbench.java:583)
	at org.eclipse.ui.PlatformUI.createAndRunWorkbench(PlatformUI.java:173)
	at org.eclipse.ui.internal.ide.application.IDEApplication.start(IDEApplication.java:185)
	at org.eclipse.equinox.internal.app.EclipseAppHandle.run(EclipseAppHandle.java:219)
	at org.eclipse.equinox.internal.app.MainApplicationLauncher.run(MainApplicationLauncher.java:37)
	at org.eclipse.core.runtime.internal.adaptor.EclipseAppLauncher.runApplication(EclipseAppLauncher.java:149)
	at org.eclipse.core.runtime.internal.adaptor.EclipseAppLauncher.start(EclipseAppLauncher.java:115)
	at org.eclipse.core.runtime.adaptor.EclipseStarter.run(EclipseStarter.java:467)
	at org.eclipse.core.runtime.adaptor.EclipseStarter.run(EclipseStarter.java:298)
	at java.base/jdk.internal.reflect.DirectMethodHandleAccessor.invoke(DirectMethodHandleAccessor.java:103)
	at java.base/java.lang.reflect.Method.invoke(Method.java:580)
	at org.eclipse.equinox.launcher.Main.invokeFramework(Main.java:627)
	at org.eclipse.equinox.launcher.Main.basicRun(Main.java:575)
	at org.eclipse.equinox.launcher.Main.run(Main.java:1431)
2026-04-16 20:27:58,198 [main] ERROR o.e.m.j.i.l.MavenLaunchConfigurationListener - Launch configuration AdminLogin (1) references non-existing project Library.
org.eclipse.core.runtime.CoreException: Launch configuration AdminLogin (1) references non-existing project Library.
	at org.eclipse.jdt.launching.JavaRuntime.abort(JavaRuntime.java:1871)
	at org.eclipse.jdt.launching.JavaRuntime.getJavaProject(JavaRuntime.java:1748)
	at org.eclipse.m2e.jdt.internal.launch.MavenLaunchConfigurationListener.updateLaunchConfiguration(MavenLaunchConfigurationListener.java:66)
	at org.eclipse.m2e.jdt.internal.launch.MavenLaunchConfigurationListener.launchConfigurationChanged(MavenLaunchConfigurationListener.java:52)
	at org.eclipse.debug.internal.core.LaunchManager$ConfigurationNotifier.run(LaunchManager.java:220)
	at org.eclipse.core.runtime.SafeRunner.run(SafeRunner.java:47)
	at org.eclipse.debug.internal.core.LaunchManager$ConfigurationNotifier.notify(LaunchManager.java:204)
	at org.eclipse.debug.internal.core.LaunchConfigurationWorkingCopy.setDirty(LaunchConfigurationWorkingCopy.java:527)
	at org.eclipse.debug.internal.core.LaunchConfigurationWorkingCopy.setAttribute(LaunchConfigurationWorkingCopy.java:415)
	at org.eclipse.jdt.debug.ui.launchConfigurations.JavaJRETab.performApply(JavaJRETab.java:223)
	at org.eclipse.debug.ui.AbstractLaunchConfigurationTabGroup.performApply(AbstractLaunchConfigurationTabGroup.java:106)
	at org.eclipse.debug.internal.ui.launchConfigurations.LaunchConfigurationTabGroupWrapper.performApply(LaunchConfigurationTabGroupWrapper.java:205)
	at org.eclipse.debug.internal.ui.launchConfigurations.LaunchConfigurationTabGroupViewer.handleApplyPressed(LaunchConfigurationTabGroupViewer.java:1518)
	at org.eclipse.debug.internal.ui.launchConfigurations.LaunchConfigurationsDialog.handleLaunchConfigurationSelectionChanged(LaunchConfigurationsDialog.java:1045)
	at org.eclipse.debug.internal.ui.launchConfigurations.LaunchConfigurationsDialog.lambda$1(LaunchConfigurationsDialog.java:607)
	at org.eclipse.jface.viewers.StructuredViewer$3.run(StructuredViewer.java:819)
	at org.eclipse.core.runtime.SafeRunner.run(SafeRunner.java:47)
	at org.eclipse.jface.util.SafeRunnable.run(SafeRunnable.java:167)
	at org.eclipse.jface.viewers.StructuredViewer.firePostSelectionChanged(StructuredViewer.java:816)
	at org.eclipse.jface.viewers.ColumnViewer.firePostSelectionChanged(ColumnViewer.java:1051)
	at org.eclipse.jface.viewers.StructuredViewer.setSelection(StructuredViewer.java:1664)
	at org.eclipse.jface.viewers.TreeViewer.setSelection(TreeViewer.java:1091)
	at org.eclipse.jface.viewers.Viewer.setSelection(Viewer.java:375)
	at org.eclipse.debug.internal.ui.launchConfigurations.LaunchConfigurationsDialog.doInitialTreeSelection(LaunchConfigurationsDialog.java:653)
	at org.eclipse.debug.internal.ui.launchConfigurations.LaunchConfigurationsDialog.initializeContent(LaunchConfigurationsDialog.java:1176)
	at org.eclipse.debug.internal.ui.launchConfigurations.LaunchConfigurationsDialog.createContents(LaunchConfigurationsDialog.java:468)
	at org.eclipse.jface.window.Window.create(Window.java:431)
	at org.eclipse.jface.dialogs.Dialog.create(Dialog.java:1088)
	at org.eclipse.debug.internal.ui.launchConfigurations.LaunchConfigurationsDialog.create(LaunchConfigurationsDialog.java:377)
	at org.eclipse.jface.window.Window.open(Window.java:788)
	at org.eclipse.debug.internal.ui.launchConfigurations.LaunchConfigurationsDialog.open(LaunchConfigurationsDialog.java:1229)
	at org.eclipse.debug.ui.DebugUITools.lambda$1(DebugUITools.java:628)
	at org.eclipse.swt.custom.BusyIndicator.showWhile(BusyIndicator.java:67)
	at org.eclipse.debug.ui.DebugUITools.openLaunchConfigurationDialogOnGroup(DebugUITools.java:634)
	at org.eclipse.debug.ui.DebugUITools.openLaunchConfigurationDialogOnGroup(DebugUITools.java:572)
	at org.eclipse.debug.ui.actions.OpenLaunchDialogAction.run(OpenLaunchDialogAction.java:85)
	at org.eclipse.debug.ui.actions.OpenLaunchDialogAction.runWithEvent(OpenLaunchDialogAction.java:91)
	at org.eclipse.ui.internal.PluginAction.runWithEvent(PluginAction.java:229)
	at org.eclipse.ui.internal.WWinPluginAction.runWithEvent(WWinPluginAction.java:218)
	at org.eclipse.jface.action.ActionContributionItem.handleWidgetSelection(ActionContributionItem.java:581)
	at org.eclipse.jface.action.ActionContributionItem.lambda$4(ActionContributionItem.java:415)
	at org.eclipse.swt.widgets.EventTable.sendEvent(EventTable.java:91)
	at org.eclipse.swt.widgets.Display.sendEvent(Display.java:4362)
	at org.eclipse.swt.widgets.Widget.sendEvent(Widget.java:1214)
	at org.eclipse.swt.widgets.Display.runDeferredEvents(Display.java:4160)
	at org.eclipse.swt.widgets.Display.readAndDispatch(Display.java:3748)
	at org.eclipse.e4.ui.internal.workbench.swt.PartRenderingEngine$5.run(PartRenderingEngine.java:1151)
	at org.eclipse.core.databinding.observable.Realm.runWithDefault(Realm.java:339)
	at org.eclipse.e4.ui.internal.workbench.swt.PartRenderingEngine.run(PartRenderingEngine.java:1042)
	at org.eclipse.e4.ui.internal.workbench.E4Workbench.createAndRunUI(E4Workbench.java:153)
	at org.eclipse.ui.internal.Workbench.lambda$3(Workbench.java:678)
	at org.eclipse.core.databinding.observable.Realm.runWithDefault(Realm.java:339)
	at org.eclipse.ui.internal.Workbench.createAndRunWorkbench(Workbench.java:583)
	at org.eclipse.ui.PlatformUI.createAndRunWorkbench(PlatformUI.java:173)
	at org.eclipse.ui.internal.ide.application.IDEApplication.start(IDEApplication.java:185)
	at org.eclipse.equinox.internal.app.EclipseAppHandle.run(EclipseAppHandle.java:219)
	at org.eclipse.equinox.internal.app.MainApplicationLauncher.run(MainApplicationLauncher.java:37)
	at org.eclipse.core.runtime.internal.adaptor.EclipseAppLauncher.runApplication(EclipseAppLauncher.java:149)
	at org.eclipse.core.runtime.internal.adaptor.EclipseAppLauncher.start(EclipseAppLauncher.java:115)
	at org.eclipse.core.runtime.adaptor.EclipseStarter.run(EclipseStarter.java:467)
	at org.eclipse.core.runtime.adaptor.EclipseStarter.run(EclipseStarter.java:298)
	at java.base/jdk.internal.reflect.DirectMethodHandleAccessor.invoke(DirectMethodHandleAccessor.java:103)
	at java.base/java.lang.reflect.Method.invoke(Method.java:580)
	at org.eclipse.equinox.launcher.Main.invokeFramework(Main.java:627)
	at org.eclipse.equinox.launcher.Main.basicRun(Main.java:575)
	at org.eclipse.equinox.launcher.Main.run(Main.java:1431)
2026-04-16 20:27:58,202 [main] ERROR o.e.m.j.i.l.MavenLaunchConfigurationListener - Launch configuration AdminLogin (1) references non-existing project Library.
org.eclipse.core.runtime.CoreException: Launch configuration AdminLogin (1) references non-existing project Library.
	at org.eclipse.jdt.launching.JavaRuntime.abort(JavaRuntime.java:1871)
	at org.eclipse.jdt.launching.JavaRuntime.getJavaProject(JavaRuntime.java:1748)
	at org.eclipse.m2e.jdt.internal.launch.MavenLaunchConfigurationListener.updateLaunchConfiguration(MavenLaunchConfigurationListener.java:66)
	at org.eclipse.m2e.jdt.internal.launch.MavenLaunchConfigurationListener.launchConfigurationChanged(MavenLaunchConfigurationListener.java:52)
	at org.eclipse.debug.internal.core.LaunchManager$ConfigurationNotifier.run(LaunchManager.java:220)
	at org.eclipse.core.runtime.SafeRunner.run(SafeRunner.java:47)
	at org.eclipse.debug.internal.core.LaunchManager$ConfigurationNotifier.notify(LaunchManager.java:204)
	at org.eclipse.debug.internal.core.LaunchConfigurationWorkingCopy.setDirty(LaunchConfigurationWorkingCopy.java:527)
	at org.eclipse.debug.internal.core.LaunchConfigurationWorkingCopy.setAttribute(LaunchConfigurationWorkingCopy.java:415)
	at org.eclipse.jdt.debug.ui.launchConfigurations.JavaJRETab.performApply(JavaJRETab.java:224)
	at org.eclipse.debug.ui.AbstractLaunchConfigurationTabGroup.performApply(AbstractLaunchConfigurationTabGroup.java:106)
	at org.eclipse.debug.internal.ui.launchConfigurations.LaunchConfigurationTabGroupWrapper.performApply(LaunchConfigurationTabGroupWrapper.java:205)
	at org.eclipse.debug.internal.ui.launchConfigurations.LaunchConfigurationTabGroupViewer.handleApplyPressed(LaunchConfigurationTabGroupViewer.java:1518)
	at org.eclipse.debug.internal.ui.launchConfigurations.LaunchConfigurationsDialog.handleLaunchConfigurationSelectionChanged(LaunchConfigurationsDialog.java:1045)
	at org.eclipse.debug.internal.ui.launchConfigurations.LaunchConfigurationsDialog.lambda$1(LaunchConfigurationsDialog.java:607)
	at org.eclipse.jface.viewers.StructuredViewer$3.run(StructuredViewer.java:819)
	at org.eclipse.core.runtime.SafeRunner.run(SafeRunner.java:47)
	at org.eclipse.jface.util.SafeRunnable.run(SafeRunnable.java:167)
	at org.eclipse.jface.viewers.StructuredViewer.firePostSelectionChanged(StructuredViewer.java:816)
	at org.eclipse.jface.viewers.ColumnViewer.firePostSelectionChanged(ColumnViewer.java:1051)
	at org.eclipse.jface.viewers.StructuredViewer.setSelection(StructuredViewer.java:1664)
	at org.eclipse.jface.viewers.TreeViewer.setSelection(TreeViewer.java:1091)
	at org.eclipse.jface.viewers.Viewer.setSelection(Viewer.java:375)
	at org.eclipse.debug.internal.ui.launchConfigurations.LaunchConfigurationsDialog.doInitialTreeSelection(LaunchConfigurationsDialog.java:653)
	at org.eclipse.debug.internal.ui.launchConfigurations.LaunchConfigurationsDialog.initializeContent(LaunchConfigurationsDialog.java:1176)
	at org.eclipse.debug.internal.ui.launchConfigurations.LaunchConfigurationsDialog.createContents(LaunchConfigurationsDialog.java:468)
	at org.eclipse.jface.window.Window.create(Window.java:431)
	at org.eclipse.jface.dialogs.Dialog.create(Dialog.java:1088)
	at org.eclipse.debug.internal.ui.launchConfigurations.LaunchConfigurationsDialog.create(LaunchConfigurationsDialog.java:377)
	at org.eclipse.jface.window.Window.open(Window.java:788)
	at org.eclipse.debug.internal.ui.launchConfigurations.LaunchConfigurationsDialog.open(LaunchConfigurationsDialog.java:1229)
	at org.eclipse.debug.ui.DebugUITools.lambda$1(DebugUITools.java:628)
	at org.eclipse.swt.custom.BusyIndicator.showWhile(BusyIndicator.java:67)
	at org.eclipse.debug.ui.DebugUITools.openLaunchConfigurationDialogOnGroup(DebugUITools.java:634)
	at org.eclipse.debug.ui.DebugUITools.openLaunchConfigurationDialogOnGroup(DebugUITools.java:572)
	at org.eclipse.debug.ui.actions.OpenLaunchDialogAction.run(OpenLaunchDialogAction.java:85)
	at org.eclipse.debug.ui.actions.OpenLaunchDialogAction.runWithEvent(OpenLaunchDialogAction.java:91)
	at org.eclipse.ui.internal.PluginAction.runWithEvent(PluginAction.java:229)
	at org.eclipse.ui.internal.WWinPluginAction.runWithEvent(WWinPluginAction.java:218)
	at org.eclipse.jface.action.ActionContributionItem.handleWidgetSelection(ActionContributionItem.java:581)
	at org.eclipse.jface.action.ActionContributionItem.lambda$4(ActionContributionItem.java:415)
	at org.eclipse.swt.widgets.EventTable.sendEvent(EventTable.java:91)
	at org.eclipse.swt.widgets.Display.sendEvent(Display.java:4362)
	at org.eclipse.swt.widgets.Widget.sendEvent(Widget.java:1214)
	at org.eclipse.swt.widgets.Display.runDeferredEvents(Display.java:4160)
	at org.eclipse.swt.widgets.Display.readAndDispatch(Display.java:3748)
	at org.eclipse.e4.ui.internal.workbench.swt.PartRenderingEngine$5.run(PartRenderingEngine.java:1151)
	at org.eclipse.core.databinding.observable.Realm.runWithDefault(Realm.java:339)
	at org.eclipse.e4.ui.internal.workbench.swt.PartRenderingEngine.run(PartRenderingEngine.java:1042)
	at org.eclipse.e4.ui.internal.workbench.E4Workbench.createAndRunUI(E4Workbench.java:153)
	at org.eclipse.ui.internal.Workbench.lambda$3(Workbench.java:678)
	at org.eclipse.core.databinding.observable.Realm.runWithDefault(Realm.java:339)
	at org.eclipse.ui.internal.Workbench.createAndRunWorkbench(Workbench.java:583)
	at org.eclipse.ui.PlatformUI.createAndRunWorkbench(PlatformUI.java:173)
	at org.eclipse.ui.internal.ide.application.IDEApplication.start(IDEApplication.java:185)
	at org.eclipse.equinox.internal.app.EclipseAppHandle.run(EclipseAppHandle.java:219)
	at org.eclipse.equinox.internal.app.MainApplicationLauncher.run(MainApplicationLauncher.java:37)
	at org.eclipse.core.runtime.internal.adaptor.EclipseAppLauncher.runApplication(EclipseAppLauncher.java:149)
	at org.eclipse.core.runtime.internal.adaptor.EclipseAppLauncher.start(EclipseAppLauncher.java:115)
	at org.eclipse.core.runtime.adaptor.EclipseStarter.run(EclipseStarter.java:467)
	at org.eclipse.core.runtime.adaptor.EclipseStarter.run(EclipseStarter.java:298)
	at java.base/jdk.internal.reflect.DirectMethodHandleAccessor.invoke(DirectMethodHandleAccessor.java:103)
	at java.base/java.lang.reflect.Method.invoke(Method.java:580)
	at org.eclipse.equinox.launcher.Main.invokeFramework(Main.java:627)
	at org.eclipse.equinox.launcher.Main.basicRun(Main.java:575)
	at org.eclipse.equinox.launcher.Main.run(Main.java:1431)
2026-04-16 20:27:58,209 [main] ERROR o.e.m.j.i.l.MavenLaunchConfigurationListener - Launch configuration AdminLogin (1) references non-existing project Library.
org.eclipse.core.runtime.CoreException: Launch configuration AdminLogin (1) references non-existing project Library.
	at org.eclipse.jdt.launching.JavaRuntime.abort(JavaRuntime.java:1871)
	at org.eclipse.jdt.launching.JavaRuntime.getJavaProject(JavaRuntime.java:1748)
	at org.eclipse.m2e.jdt.internal.launch.MavenLaunchConfigurationListener.updateLaunchConfiguration(MavenLaunchConfigurationListener.java:66)
	at org.eclipse.m2e.jdt.internal.launch.MavenLaunchConfigurationListener.launchConfigurationChanged(MavenLaunchConfigurationListener.java:52)
	at org.eclipse.debug.internal.core.LaunchManager$ConfigurationNotifier.run(LaunchManager.java:220)
	at org.eclipse.core.runtime.SafeRunner.run(SafeRunner.java:47)
	at org.eclipse.debug.internal.core.LaunchManager$ConfigurationNotifier.notify(LaunchManager.java:204)
	at org.eclipse.debug.internal.core.LaunchConfigurationWorkingCopy.setDirty(LaunchConfigurationWorkingCopy.java:527)
	at org.eclipse.debug.internal.core.LaunchConfigurationWorkingCopy.setAttribute(LaunchConfigurationWorkingCopy.java:433)
	at org.eclipse.jdt.debug.ui.launchConfigurations.JavaJRETab.performApply(JavaJRETab.java:234)
	at org.eclipse.debug.ui.AbstractLaunchConfigurationTabGroup.performApply(AbstractLaunchConfigurationTabGroup.java:106)
	at org.eclipse.debug.internal.ui.launchConfigurations.LaunchConfigurationTabGroupWrapper.performApply(LaunchConfigurationTabGroupWrapper.java:205)
	at org.eclipse.debug.internal.ui.launchConfigurations.LaunchConfigurationTabGroupViewer.handleApplyPressed(LaunchConfigurationTabGroupViewer.java:1518)
	at org.eclipse.debug.internal.ui.launchConfigurations.LaunchConfigurationsDialog.handleLaunchConfigurationSelectionChanged(LaunchConfigurationsDialog.java:1045)
	at org.eclipse.debug.internal.ui.launchConfigurations.LaunchConfigurationsDialog.lambda$1(LaunchConfigurationsDialog.java:607)
	at org.eclipse.jface.viewers.StructuredViewer$3.run(StructuredViewer.java:819)
	at org.eclipse.core.runtime.SafeRunner.run(SafeRunner.java:47)
	at org.eclipse.jface.util.SafeRunnable.run(SafeRunnable.java:167)
	at org.eclipse.jface.viewers.StructuredViewer.firePostSelectionChanged(StructuredViewer.java:816)
	at org.eclipse.jface.viewers.ColumnViewer.firePostSelectionChanged(ColumnViewer.java:1051)
	at org.eclipse.jface.viewers.StructuredViewer.setSelection(StructuredViewer.java:1664)
	at org.eclipse.jface.viewers.TreeViewer.setSelection(TreeViewer.java:1091)
	at org.eclipse.jface.viewers.Viewer.setSelection(Viewer.java:375)
	at org.eclipse.debug.internal.ui.launchConfigurations.LaunchConfigurationsDialog.doInitialTreeSelection(LaunchConfigurationsDialog.java:653)
	at org.eclipse.debug.internal.ui.launchConfigurations.LaunchConfigurationsDialog.initializeContent(LaunchConfigurationsDialog.java:1176)
	at org.eclipse.debug.internal.ui.launchConfigurations.LaunchConfigurationsDialog.createContents(LaunchConfigurationsDialog.java:468)
	at org.eclipse.jface.window.Window.create(Window.java:431)
	at org.eclipse.jface.dialogs.Dialog.create(Dialog.java:1088)
	at org.eclipse.debug.internal.ui.launchConfigurations.LaunchConfigurationsDialog.create(LaunchConfigurationsDialog.java:377)
	at org.eclipse.jface.window.Window.open(Window.java:788)
	at org.eclipse.debug.internal.ui.launchConfigurations.LaunchConfigurationsDialog.open(LaunchConfigurationsDialog.java:1229)
	at org.eclipse.debug.ui.DebugUITools.lambda$1(DebugUITools.java:628)
	at org.eclipse.swt.custom.BusyIndicator.showWhile(BusyIndicator.java:67)
	at org.eclipse.debug.ui.DebugUITools.openLaunchConfigurationDialogOnGroup(DebugUITools.java:634)
	at org.eclipse.debug.ui.DebugUITools.openLaunchConfigurationDialogOnGroup(DebugUITools.java:572)
	at org.eclipse.debug.ui.actions.OpenLaunchDialogAction.run(OpenLaunchDialogAction.java:85)
	at org.eclipse.debug.ui.actions.OpenLaunchDialogAction.runWithEvent(OpenLaunchDialogAction.java:91)
	at org.eclipse.ui.internal.PluginAction.runWithEvent(PluginAction.java:229)
	at org.eclipse.ui.internal.WWinPluginAction.runWithEvent(WWinPluginAction.java:218)
	at org.eclipse.jface.action.ActionContributionItem.handleWidgetSelection(ActionContributionItem.java:581)
	at org.eclipse.jface.action.ActionContributionItem.lambda$4(ActionContributionItem.java:415)
	at org.eclipse.swt.widgets.EventTable.sendEvent(EventTable.java:91)
	at org.eclipse.swt.widgets.Display.sendEvent(Display.java:4362)
	at org.eclipse.swt.widgets.Widget.sendEvent(Widget.java:1214)
	at org.eclipse.swt.widgets.Display.runDeferredEvents(Display.java:4160)
	at org.eclipse.swt.widgets.Display.readAndDispatch(Display.java:3748)
	at org.eclipse.e4.ui.internal.workbench.swt.PartRenderingEngine$5.run(PartRenderingEngine.java:1151)
	at org.eclipse.core.databinding.observable.Realm.runWithDefault(Realm.java:339)
	at org.eclipse.e4.ui.internal.workbench.swt.PartRenderingEngine.run(PartRenderingEngine.java:1042)
	at org.eclipse.e4.ui.internal.workbench.E4Workbench.createAndRunUI(E4Workbench.java:153)
	at org.eclipse.ui.internal.Workbench.lambda$3(Workbench.java:678)
	at org.eclipse.core.databinding.observable.Realm.runWithDefault(Realm.java:339)
	at org.eclipse.ui.internal.Workbench.createAndRunWorkbench(Workbench.java:583)
	at org.eclipse.ui.PlatformUI.createAndRunWorkbench(PlatformUI.java:173)
	at org.eclipse.ui.internal.ide.application.IDEApplication.start(IDEApplication.java:185)
	at org.eclipse.equinox.internal.app.EclipseAppHandle.run(EclipseAppHandle.java:219)
	at org.eclipse.equinox.internal.app.MainApplicationLauncher.run(MainApplicationLauncher.java:37)
	at org.eclipse.core.runtime.internal.adaptor.EclipseAppLauncher.runApplication(EclipseAppLauncher.java:149)
	at org.eclipse.core.runtime.internal.adaptor.EclipseAppLauncher.start(EclipseAppLauncher.java:115)
	at org.eclipse.core.runtime.adaptor.EclipseStarter.run(EclipseStarter.java:467)
	at org.eclipse.core.runtime.adaptor.EclipseStarter.run(EclipseStarter.java:298)
	at java.base/jdk.internal.reflect.DirectMethodHandleAccessor.invoke(DirectMethodHandleAccessor.java:103)
	at java.base/java.lang.reflect.Method.invoke(Method.java:580)
	at org.eclipse.equinox.launcher.Main.invokeFramework(Main.java:627)
	at org.eclipse.equinox.launcher.Main.basicRun(Main.java:575)
	at org.eclipse.equinox.launcher.Main.run(Main.java:1431)
2026-04-16 20:27:58,213 [main] ERROR o.e.m.j.i.l.MavenLaunchConfigurationListener - Launch configuration AdminLogin (1) references non-existing project Library.
org.eclipse.core.runtime.CoreException: Launch configuration AdminLogin (1) references non-existing project Library.
	at org.eclipse.jdt.launching.JavaRuntime.abort(JavaRuntime.java:1871)
	at org.eclipse.jdt.launching.JavaRuntime.getJavaProject(JavaRuntime.java:1748)
	at org.eclipse.m2e.jdt.internal.launch.MavenLaunchConfigurationListener.updateLaunchConfiguration(MavenLaunchConfigurationListener.java:66)
	at org.eclipse.m2e.jdt.internal.launch.MavenLaunchConfigurationListener.launchConfigurationChanged(MavenLaunchConfigurationListener.java:52)
	at org.eclipse.debug.internal.core.LaunchManager$ConfigurationNotifier.run(LaunchManager.java:220)
	at org.eclipse.core.runtime.SafeRunner.run(SafeRunner.java:47)
	at org.eclipse.debug.internal.core.LaunchManager$ConfigurationNotifier.notify(LaunchManager.java:204)
	at org.eclipse.debug.internal.core.LaunchConfigurationWorkingCopy.setDirty(LaunchConfigurationWorkingCopy.java:527)
	at org.eclipse.debug.internal.core.LaunchConfigurationWorkingCopy.setAttribute(LaunchConfigurationWorkingCopy.java:433)
	at org.eclipse.debug.ui.EnvironmentTab.performApply(EnvironmentTab.java:866)
	at org.eclipse.debug.ui.AbstractLaunchConfigurationTabGroup.performApply(AbstractLaunchConfigurationTabGroup.java:106)
	at org.eclipse.debug.internal.ui.launchConfigurations.LaunchConfigurationTabGroupWrapper.performApply(LaunchConfigurationTabGroupWrapper.java:205)
	at org.eclipse.debug.internal.ui.launchConfigurations.LaunchConfigurationTabGroupViewer.handleApplyPressed(LaunchConfigurationTabGroupViewer.java:1518)
	at org.eclipse.debug.internal.ui.launchConfigurations.LaunchConfigurationsDialog.handleLaunchConfigurationSelectionChanged(LaunchConfigurationsDialog.java:1045)
	at org.eclipse.debug.internal.ui.launchConfigurations.LaunchConfigurationsDialog.lambda$1(LaunchConfigurationsDialog.java:607)
	at org.eclipse.jface.viewers.StructuredViewer$3.run(StructuredViewer.java:819)
	at org.eclipse.core.runtime.SafeRunner.run(SafeRunner.java:47)
	at org.eclipse.jface.util.SafeRunnable.run(SafeRunnable.java:167)
	at org.eclipse.jface.viewers.StructuredViewer.firePostSelectionChanged(StructuredViewer.java:816)
	at org.eclipse.jface.viewers.ColumnViewer.firePostSelectionChanged(ColumnViewer.java:1051)
	at org.eclipse.jface.viewers.StructuredViewer.setSelection(StructuredViewer.java:1664)
	at org.eclipse.jface.viewers.TreeViewer.setSelection(TreeViewer.java:1091)
	at org.eclipse.jface.viewers.Viewer.setSelection(Viewer.java:375)
	at org.eclipse.debug.internal.ui.launchConfigurations.LaunchConfigurationsDialog.doInitialTreeSelection(LaunchConfigurationsDialog.java:653)
	at org.eclipse.debug.internal.ui.launchConfigurations.LaunchConfigurationsDialog.initializeContent(LaunchConfigurationsDialog.java:1176)
	at org.eclipse.debug.internal.ui.launchConfigurations.LaunchConfigurationsDialog.createContents(LaunchConfigurationsDialog.java:468)
	at org.eclipse.jface.window.Window.create(Window.java:431)
	at org.eclipse.jface.dialogs.Dialog.create(Dialog.java:1088)
	at org.eclipse.debug.internal.ui.launchConfigurations.LaunchConfigurationsDialog.create(LaunchConfigurationsDialog.java:377)
	at org.eclipse.jface.window.Window.open(Window.java:788)
	at org.eclipse.debug.internal.ui.launchConfigurations.LaunchConfigurationsDialog.open(LaunchConfigurationsDialog.java:1229)
	at org.eclipse.debug.ui.DebugUITools.lambda$1(DebugUITools.java:628)
	at org.eclipse.swt.custom.BusyIndicator.showWhile(BusyIndicator.java:67)
	at org.eclipse.debug.ui.DebugUITools.openLaunchConfigurationDialogOnGroup(DebugUITools.java:634)
	at org.eclipse.debug.ui.DebugUITools.openLaunchConfigurationDialogOnGroup(DebugUITools.java:572)
	at org.eclipse.debug.ui.actions.OpenLaunchDialogAction.run(OpenLaunchDialogAction.java:85)
	at org.eclipse.debug.ui.actions.OpenLaunchDialogAction.runWithEvent(OpenLaunchDialogAction.java:91)
	at org.eclipse.ui.internal.PluginAction.runWithEvent(PluginAction.java:229)
	at org.eclipse.ui.internal.WWinPluginAction.runWithEvent(WWinPluginAction.java:218)
	at org.eclipse.jface.action.ActionContributionItem.handleWidgetSelection(ActionContributionItem.java:581)
	at org.eclipse.jface.action.ActionContributionItem.lambda$4(ActionContributionItem.java:415)
	at org.eclipse.swt.widgets.EventTable.sendEvent(EventTable.java:91)
	at org.eclipse.swt.widgets.Display.sendEvent(Display.java:4362)
	at org.eclipse.swt.widgets.Widget.sendEvent(Widget.java:1214)
	at org.eclipse.swt.widgets.Display.runDeferredEvents(Display.java:4160)
	at org.eclipse.swt.widgets.Display.readAndDispatch(Display.java:3748)
	at org.eclipse.e4.ui.internal.workbench.swt.PartRenderingEngine$5.run(PartRenderingEngine.java:1151)
	at org.eclipse.core.databinding.observable.Realm.runWithDefault(Realm.java:339)
	at org.eclipse.e4.ui.internal.workbench.swt.PartRenderingEngine.run(PartRenderingEngine.java:1042)
	at org.eclipse.e4.ui.internal.workbench.E4Workbench.createAndRunUI(E4Workbench.java:153)
	at org.eclipse.ui.internal.Workbench.lambda$3(Workbench.java:678)
	at org.eclipse.core.databinding.observable.Realm.runWithDefault(Realm.java:339)
	at org.eclipse.ui.internal.Workbench.createAndRunWorkbench(Workbench.java:583)
	at org.eclipse.ui.PlatformUI.createAndRunWorkbench(PlatformUI.java:173)
	at org.eclipse.ui.internal.ide.application.IDEApplication.start(IDEApplication.java:185)
	at org.eclipse.equinox.internal.app.EclipseAppHandle.run(EclipseAppHandle.java:219)
	at org.eclipse.equinox.internal.app.MainApplicationLauncher.run(MainApplicationLauncher.java:37)
	at org.eclipse.core.runtime.internal.adaptor.EclipseAppLauncher.runApplication(EclipseAppLauncher.java:149)
	at org.eclipse.core.runtime.internal.adaptor.EclipseAppLauncher.start(EclipseAppLauncher.java:115)
	at org.eclipse.core.runtime.adaptor.EclipseStarter.run(EclipseStarter.java:467)
	at org.eclipse.core.runtime.adaptor.EclipseStarter.run(EclipseStarter.java:298)
	at java.base/jdk.internal.reflect.DirectMethodHandleAccessor.invoke(DirectMethodHandleAccessor.java:103)
	at java.base/java.lang.reflect.Method.invoke(Method.java:580)
	at org.eclipse.equinox.launcher.Main.invokeFramework(Main.java:627)
	at org.eclipse.equinox.launcher.Main.basicRun(Main.java:575)
	at org.eclipse.equinox.launcher.Main.run(Main.java:1431)
2026-04-16 20:27:58,216 [main] ERROR o.e.m.j.i.l.MavenLaunchConfigurationListener - Launch configuration AdminLogin (1) references non-existing project Library.
org.eclipse.core.runtime.CoreException: Launch configuration AdminLogin (1) references non-existing project Library.
	at org.eclipse.jdt.launching.JavaRuntime.abort(JavaRuntime.java:1871)
	at org.eclipse.jdt.launching.JavaRuntime.getJavaProject(JavaRuntime.java:1748)
	at org.eclipse.m2e.jdt.internal.launch.MavenLaunchConfigurationListener.updateLaunchConfiguration(MavenLaunchConfigurationListener.java:66)
	at org.eclipse.m2e.jdt.internal.launch.MavenLaunchConfigurationListener.launchConfigurationChanged(MavenLaunchConfigurationListener.java:52)
	at org.eclipse.debug.internal.core.LaunchManager$ConfigurationNotifier.run(LaunchManager.java:220)
	at org.eclipse.core.runtime.SafeRunner.run(SafeRunner.java:47)
	at org.eclipse.debug.internal.core.LaunchManager$ConfigurationNotifier.notify(LaunchManager.java:204)
	at org.eclipse.debug.internal.core.LaunchConfigurationWorkingCopy.setDirty(LaunchConfigurationWorkingCopy.java:527)
	at org.eclipse.debug.internal.core.LaunchConfigurationWorkingCopy.setAttribute(LaunchConfigurationWorkingCopy.java:415)
	at org.eclipse.debug.ui.CommonTab.updateConfigFromFavorites(CommonTab.java:900)
	at org.eclipse.debug.ui.CommonTab.performApply(CommonTab.java:1028)
	at org.eclipse.debug.ui.AbstractLaunchConfigurationTabGroup.performApply(AbstractLaunchConfigurationTabGroup.java:106)
	at org.eclipse.debug.internal.ui.launchConfigurations.LaunchConfigurationTabGroupWrapper.performApply(LaunchConfigurationTabGroupWrapper.java:205)
	at org.eclipse.debug.internal.ui.launchConfigurations.LaunchConfigurationTabGroupViewer.handleApplyPressed(LaunchConfigurationTabGroupViewer.java:1518)
	at org.eclipse.debug.internal.ui.launchConfigurations.LaunchConfigurationsDialog.handleLaunchConfigurationSelectionChanged(LaunchConfigurationsDialog.java:1045)
	at org.eclipse.debug.internal.ui.launchConfigurations.LaunchConfigurationsDialog.lambda$1(LaunchConfigurationsDialog.java:607)
	at org.eclipse.jface.viewers.StructuredViewer$3.run(StructuredViewer.java:819)
	at org.eclipse.core.runtime.SafeRunner.run(SafeRunner.java:47)
	at org.eclipse.jface.util.SafeRunnable.run(SafeRunnable.java:167)
	at org.eclipse.jface.viewers.StructuredViewer.firePostSelectionChanged(StructuredViewer.java:816)
	at org.eclipse.jface.viewers.ColumnViewer.firePostSelectionChanged(ColumnViewer.java:1051)
	at org.eclipse.jface.viewers.StructuredViewer.setSelection(StructuredViewer.java:1664)
	at org.eclipse.jface.viewers.TreeViewer.setSelection(TreeViewer.java:1091)
	at org.eclipse.jface.viewers.Viewer.setSelection(Viewer.java:375)
	at org.eclipse.debug.internal.ui.launchConfigurations.LaunchConfigurationsDialog.doInitialTreeSelection(LaunchConfigurationsDialog.java:653)
	at org.eclipse.debug.internal.ui.launchConfigurations.LaunchConfigurationsDialog.initializeContent(LaunchConfigurationsDialog.java:1176)
	at org.eclipse.debug.internal.ui.launchConfigurations.LaunchConfigurationsDialog.createContents(LaunchConfigurationsDialog.java:468)
	at org.eclipse.jface.window.Window.create(Window.java:431)
	at org.eclipse.jface.dialogs.Dialog.create(Dialog.java:1088)
	at org.eclipse.debug.internal.ui.launchConfigurations.LaunchConfigurationsDialog.create(LaunchConfigurationsDialog.java:377)
	at org.eclipse.jface.window.Window.open(Window.java:788)
	at org.eclipse.debug.internal.ui.launchConfigurations.LaunchConfigurationsDialog.open(LaunchConfigurationsDialog.java:1229)
	at org.eclipse.debug.ui.DebugUITools.lambda$1(DebugUITools.java:628)
	at org.eclipse.swt.custom.BusyIndicator.showWhile(BusyIndicator.java:67)
	at org.eclipse.debug.ui.DebugUITools.openLaunchConfigurationDialogOnGroup(DebugUITools.java:634)
	at org.eclipse.debug.ui.DebugUITools.openLaunchConfigurationDialogOnGroup(DebugUITools.java:572)
	at org.eclipse.debug.ui.actions.OpenLaunchDialogAction.run(OpenLaunchDialogAction.java:85)
	at org.eclipse.debug.ui.actions.OpenLaunchDialogAction.runWithEvent(OpenLaunchDialogAction.java:91)
	at org.eclipse.ui.internal.PluginAction.runWithEvent(PluginAction.java:229)
	at org.eclipse.ui.internal.WWinPluginAction.runWithEvent(WWinPluginAction.java:218)
	at org.eclipse.jface.action.ActionContributionItem.handleWidgetSelection(ActionContributionItem.java:581)
	at org.eclipse.jface.action.ActionContributionItem.lambda$4(ActionContributionItem.java:415)
	at org.eclipse.swt.widgets.EventTable.sendEvent(EventTable.java:91)
	at org.eclipse.swt.widgets.Display.sendEvent(Display.java:4362)
	at org.eclipse.swt.widgets.Widget.sendEvent(Widget.java:1214)
	at org.eclipse.swt.widgets.Display.runDeferredEvents(Display.java:4160)
	at org.eclipse.swt.widgets.Display.readAndDispatch(Display.java:3748)
	at org.eclipse.e4.ui.internal.workbench.swt.PartRenderingEngine$5.run(PartRenderingEngine.java:1151)
	at org.eclipse.core.databinding.observable.Realm.runWithDefault(Realm.java:339)
	at org.eclipse.e4.ui.internal.workbench.swt.PartRenderingEngine.run(PartRenderingEngine.java:1042)
	at org.eclipse.e4.ui.internal.workbench.E4Workbench.createAndRunUI(E4Workbench.java:153)
	at org.eclipse.ui.internal.Workbench.lambda$3(Workbench.java:678)
	at org.eclipse.core.databinding.observable.Realm.runWithDefault(Realm.java:339)
	at org.eclipse.ui.internal.Workbench.createAndRunWorkbench(Workbench.java:583)
	at org.eclipse.ui.PlatformUI.createAndRunWorkbench(PlatformUI.java:173)
	at org.eclipse.ui.internal.ide.application.IDEApplication.start(IDEApplication.java:185)
	at org.eclipse.equinox.internal.app.EclipseAppHandle.run(EclipseAppHandle.java:219)
	at org.eclipse.equinox.internal.app.MainApplicationLauncher.run(MainApplicationLauncher.java:37)
	at org.eclipse.core.runtime.internal.adaptor.EclipseAppLauncher.runApplication(EclipseAppLauncher.java:149)
	at org.eclipse.core.runtime.internal.adaptor.EclipseAppLauncher.start(EclipseAppLauncher.java:115)
	at org.eclipse.core.runtime.adaptor.EclipseStarter.run(EclipseStarter.java:467)
	at org.eclipse.core.runtime.adaptor.EclipseStarter.run(EclipseStarter.java:298)
	at java.base/jdk.internal.reflect.DirectMethodHandleAccessor.invoke(DirectMethodHandleAccessor.java:103)
	at java.base/java.lang.reflect.Method.invoke(Method.java:580)
	at org.eclipse.equinox.launcher.Main.invokeFramework(Main.java:627)
	at org.eclipse.equinox.launcher.Main.basicRun(Main.java:575)
	at org.eclipse.equinox.launcher.Main.run(Main.java:1431)
2026-04-16 20:27:58,220 [main] ERROR o.e.m.j.i.l.MavenLaunchConfigurationListener - Launch configuration AdminLogin (1) references non-existing project Library.
org.eclipse.core.runtime.CoreException: Launch configuration AdminLogin (1) references non-existing project Library.
	at org.eclipse.jdt.launching.JavaRuntime.abort(JavaRuntime.java:1871)
	at org.eclipse.jdt.launching.JavaRuntime.getJavaProject(JavaRuntime.java:1748)
	at org.eclipse.m2e.jdt.internal.launch.MavenLaunchConfigurationListener.updateLaunchConfiguration(MavenLaunchConfigurationListener.java:66)
	at org.eclipse.m2e.jdt.internal.launch.MavenLaunchConfigurationListener.launchConfigurationChanged(MavenLaunchConfigurationListener.java:52)
	at org.eclipse.debug.internal.core.LaunchManager$ConfigurationNotifier.run(LaunchManager.java:220)
	at org.eclipse.core.runtime.SafeRunner.run(SafeRunner.java:47)
	at org.eclipse.debug.internal.core.LaunchManager$ConfigurationNotifier.notify(LaunchManager.java:204)
	at org.eclipse.debug.internal.core.LaunchConfigurationWorkingCopy.setDirty(LaunchConfigurationWorkingCopy.java:527)
	at org.eclipse.debug.internal.core.LaunchConfigurationWorkingCopy.setAttribute(LaunchConfigurationWorkingCopy.java:415)
	at org.eclipse.debug.ui.CommonTab.updateConfigFromFavorites(CommonTab.java:901)
	at org.eclipse.debug.ui.CommonTab.performApply(CommonTab.java:1028)
	at org.eclipse.debug.ui.AbstractLaunchConfigurationTabGroup.performApply(AbstractLaunchConfigurationTabGroup.java:106)
	at org.eclipse.debug.internal.ui.launchConfigurations.LaunchConfigurationTabGroupWrapper.performApply(LaunchConfigurationTabGroupWrapper.java:205)
	at org.eclipse.debug.internal.ui.launchConfigurations.LaunchConfigurationTabGroupViewer.handleApplyPressed(LaunchConfigurationTabGroupViewer.java:1518)
	at org.eclipse.debug.internal.ui.launchConfigurations.LaunchConfigurationsDialog.handleLaunchConfigurationSelectionChanged(LaunchConfigurationsDialog.java:1045)
	at org.eclipse.debug.internal.ui.launchConfigurations.LaunchConfigurationsDialog.lambda$1(LaunchConfigurationsDialog.java:607)
	at org.eclipse.jface.viewers.StructuredViewer$3.run(StructuredViewer.java:819)
	at org.eclipse.core.runtime.SafeRunner.run(SafeRunner.java:47)
	at org.eclipse.jface.util.SafeRunnable.run(SafeRunnable.java:167)
	at org.eclipse.jface.viewers.StructuredViewer.firePostSelectionChanged(StructuredViewer.java:816)
	at org.eclipse.jface.viewers.ColumnViewer.firePostSelectionChanged(ColumnViewer.java:1051)
	at org.eclipse.jface.viewers.StructuredViewer.setSelection(StructuredViewer.java:1664)
	at org.eclipse.jface.viewers.TreeViewer.setSelection(TreeViewer.java:1091)
	at org.eclipse.jface.viewers.Viewer.setSelection(Viewer.java:375)
	at org.eclipse.debug.internal.ui.launchConfigurations.LaunchConfigurationsDialog.doInitialTreeSelection(LaunchConfigurationsDialog.java:653)
	at org.eclipse.debug.internal.ui.launchConfigurations.LaunchConfigurationsDialog.initializeContent(LaunchConfigurationsDialog.java:1176)
	at org.eclipse.debug.internal.ui.launchConfigurations.LaunchConfigurationsDialog.createContents(LaunchConfigurationsDialog.java:468)
	at org.eclipse.jface.window.Window.create(Window.java:431)
	at org.eclipse.jface.dialogs.Dialog.create(Dialog.java:1088)
	at org.eclipse.debug.internal.ui.launchConfigurations.LaunchConfigurationsDialog.create(LaunchConfigurationsDialog.java:377)
	at org.eclipse.jface.window.Window.open(Window.java:788)
	at org.eclipse.debug.internal.ui.launchConfigurations.LaunchConfigurationsDialog.open(LaunchConfigurationsDialog.java:1229)
	at org.eclipse.debug.ui.DebugUITools.lambda$1(DebugUITools.java:628)
	at org.eclipse.swt.custom.BusyIndicator.showWhile(BusyIndicator.java:67)
	at org.eclipse.debug.ui.DebugUITools.openLaunchConfigurationDialogOnGroup(DebugUITools.java:634)
	at org.eclipse.debug.ui.DebugUITools.openLaunchConfigurationDialogOnGroup(DebugUITools.java:572)
	at org.eclipse.debug.ui.actions.OpenLaunchDialogAction.run(OpenLaunchDialogAction.java:85)
	at org.eclipse.debug.ui.actions.OpenLaunchDialogAction.runWithEvent(OpenLaunchDialogAction.java:91)
	at org.eclipse.ui.internal.PluginAction.runWithEvent(PluginAction.java:229)
	at org.eclipse.ui.internal.WWinPluginAction.runWithEvent(WWinPluginAction.java:218)
	at org.eclipse.jface.action.ActionContributionItem.handleWidgetSelection(ActionContributionItem.java:581)
	at org.eclipse.jface.action.ActionContributionItem.lambda$4(ActionContributionItem.java:415)
	at org.eclipse.swt.widgets.EventTable.sendEvent(EventTable.java:91)
	at org.eclipse.swt.widgets.Display.sendEvent(Display.java:4362)
	at org.eclipse.swt.widgets.Widget.sendEvent(Widget.java:1214)
	at org.eclipse.swt.widgets.Display.runDeferredEvents(Display.java:4160)
	at org.eclipse.swt.widgets.Display.readAndDispatch(Display.java:3748)
	at org.eclipse.e4.ui.internal.workbench.swt.PartRenderingEngine$5.run(PartRenderingEngine.java:1151)
	at org.eclipse.core.databinding.observable.Realm.runWithDefault(Realm.java:339)
	at org.eclipse.e4.ui.internal.workbench.swt.PartRenderingEngine.run(PartRenderingEngine.java:1042)
	at org.eclipse.e4.ui.internal.workbench.E4Workbench.createAndRunUI(E4Workbench.java:153)
	at org.eclipse.ui.internal.Workbench.lambda$3(Workbench.java:678)
	at org.eclipse.core.databinding.observable.Realm.runWithDefault(Realm.java:339)
	at org.eclipse.ui.internal.Workbench.createAndRunWorkbench(Workbench.java:583)
	at org.eclipse.ui.PlatformUI.createAndRunWorkbench(PlatformUI.java:173)
	at org.eclipse.ui.internal.ide.application.IDEApplication.start(IDEApplication.java:185)
	at org.eclipse.equinox.internal.app.EclipseAppHandle.run(EclipseAppHandle.java:219)
	at org.eclipse.equinox.internal.app.MainApplicationLauncher.run(MainApplicationLauncher.java:37)
	at org.eclipse.core.runtime.internal.adaptor.EclipseAppLauncher.runApplication(EclipseAppLauncher.java:149)
	at org.eclipse.core.runtime.internal.adaptor.EclipseAppLauncher.start(EclipseAppLauncher.java:115)
	at org.eclipse.core.runtime.adaptor.EclipseStarter.run(EclipseStarter.java:467)
	at org.eclipse.core.runtime.adaptor.EclipseStarter.run(EclipseStarter.java:298)
	at java.base/jdk.internal.reflect.DirectMethodHandleAccessor.invoke(DirectMethodHandleAccessor.java:103)
	at java.base/java.lang.reflect.Method.invoke(Method.java:580)
	at org.eclipse.equinox.launcher.Main.invokeFramework(Main.java:627)
	at org.eclipse.equinox.launcher.Main.basicRun(Main.java:575)
	at org.eclipse.equinox.launcher.Main.run(Main.java:1431)
2026-04-16 20:27:58,224 [main] ERROR o.e.m.j.i.l.MavenLaunchConfigurationListener - Launch configuration AdminLogin (1) references non-existing project Library.
org.eclipse.core.runtime.CoreException: Launch configuration AdminLogin (1) references non-existing project Library.
	at org.eclipse.jdt.launching.JavaRuntime.abort(JavaRuntime.java:1871)
	at org.eclipse.jdt.launching.JavaRuntime.getJavaProject(JavaRuntime.java:1748)
	at org.eclipse.m2e.jdt.internal.launch.MavenLaunchConfigurationListener.updateLaunchConfiguration(MavenLaunchConfigurationListener.java:66)
	at org.eclipse.m2e.jdt.internal.launch.MavenLaunchConfigurationListener.launchConfigurationChanged(MavenLaunchConfigurationListener.java:52)
	at org.eclipse.debug.internal.core.LaunchManager$ConfigurationNotifier.run(LaunchManager.java:220)
	at org.eclipse.core.runtime.SafeRunner.run(SafeRunner.java:47)
	at org.eclipse.debug.internal.core.LaunchManager$ConfigurationNotifier.notify(LaunchManager.java:204)
	at org.eclipse.debug.internal.core.LaunchConfigurationWorkingCopy.setDirty(LaunchConfigurationWorkingCopy.java:527)
	at org.eclipse.debug.internal.core.LaunchConfigurationWorkingCopy.setAttribute(LaunchConfigurationWorkingCopy.java:427)
	at org.eclipse.debug.ui.CommonTab.updateConfigFromFavorites(CommonTab.java:910)
	at org.eclipse.debug.ui.CommonTab.performApply(CommonTab.java:1028)
	at org.eclipse.debug.ui.AbstractLaunchConfigurationTabGroup.performApply(AbstractLaunchConfigurationTabGroup.java:106)
	at org.eclipse.debug.internal.ui.launchConfigurations.LaunchConfigurationTabGroupWrapper.performApply(LaunchConfigurationTabGroupWrapper.java:205)
	at org.eclipse.debug.internal.ui.launchConfigurations.LaunchConfigurationTabGroupViewer.handleApplyPressed(LaunchConfigurationTabGroupViewer.java:1518)
	at org.eclipse.debug.internal.ui.launchConfigurations.LaunchConfigurationsDialog.handleLaunchConfigurationSelectionChanged(LaunchConfigurationsDialog.java:1045)
	at org.eclipse.debug.internal.ui.launchConfigurations.LaunchConfigurationsDialog.lambda$1(LaunchConfigurationsDialog.java:607)
	at org.eclipse.jface.viewers.StructuredViewer$3.run(StructuredViewer.java:819)
	at org.eclipse.core.runtime.SafeRunner.run(SafeRunner.java:47)
	at org.eclipse.jface.util.SafeRunnable.run(SafeRunnable.java:167)
	at org.eclipse.jface.viewers.StructuredViewer.firePostSelectionChanged(StructuredViewer.java:816)
	at org.eclipse.jface.viewers.ColumnViewer.firePostSelectionChanged(ColumnViewer.java:1051)
	at org.eclipse.jface.viewers.StructuredViewer.setSelection(StructuredViewer.java:1664)
	at org.eclipse.jface.viewers.TreeViewer.setSelection(TreeViewer.java:1091)
	at org.eclipse.jface.viewers.Viewer.setSelection(Viewer.java:375)
	at org.eclipse.debug.internal.ui.launchConfigurations.LaunchConfigurationsDialog.doInitialTreeSelection(LaunchConfigurationsDialog.java:653)
	at org.eclipse.debug.internal.ui.launchConfigurations.LaunchConfigurationsDialog.initializeContent(LaunchConfigurationsDialog.java:1176)
	at org.eclipse.debug.internal.ui.launchConfigurations.LaunchConfigurationsDialog.createContents(LaunchConfigurationsDialog.java:468)
	at org.eclipse.jface.window.Window.create(Window.java:431)
	at org.eclipse.jface.dialogs.Dialog.create(Dialog.java:1088)
	at org.eclipse.debug.internal.ui.launchConfigurations.LaunchConfigurationsDialog.create(LaunchConfigurationsDialog.java:377)
	at org.eclipse.jface.window.Window.open(Window.java:788)
	at org.eclipse.debug.internal.ui.launchConfigurations.LaunchConfigurationsDialog.open(LaunchConfigurationsDialog.java:1229)
	at org.eclipse.debug.ui.DebugUITools.lambda$1(DebugUITools.java:628)
	at org.eclipse.swt.custom.BusyIndicator.showWhile(BusyIndicator.java:67)
	at org.eclipse.debug.ui.DebugUITools.openLaunchConfigurationDialogOnGroup(DebugUITools.java:634)
	at org.eclipse.debug.ui.DebugUITools.openLaunchConfigurationDialogOnGroup(DebugUITools.java:572)
	at org.eclipse.debug.ui.actions.OpenLaunchDialogAction.run(OpenLaunchDialogAction.java:85)
	at org.eclipse.debug.ui.actions.OpenLaunchDialogAction.runWithEvent(OpenLaunchDialogAction.java:91)
	at org.eclipse.ui.internal.PluginAction.runWithEvent(PluginAction.java:229)
	at org.eclipse.ui.internal.WWinPluginAction.runWithEvent(WWinPluginAction.java:218)
	at org.eclipse.jface.action.ActionContributionItem.handleWidgetSelection(ActionContributionItem.java:581)
	at org.eclipse.jface.action.ActionContributionItem.lambda$4(ActionContributionItem.java:415)
	at org.eclipse.swt.widgets.EventTable.sendEvent(EventTable.java:91)
	at org.eclipse.swt.widgets.Display.sendEvent(Display.java:4362)
	at org.eclipse.swt.widgets.Widget.sendEvent(Widget.java:1214)
	at org.eclipse.swt.widgets.Display.runDeferredEvents(Display.java:4160)
	at org.eclipse.swt.widgets.Display.readAndDispatch(Display.java:3748)
	at org.eclipse.e4.ui.internal.workbench.swt.PartRenderingEngine$5.run(PartRenderingEngine.java:1151)
	at org.eclipse.core.databinding.observable.Realm.runWithDefault(Realm.java:339)
	at org.eclipse.e4.ui.internal.workbench.swt.PartRenderingEngine.run(PartRenderingEngine.java:1042)
	at org.eclipse.e4.ui.internal.workbench.E4Workbench.createAndRunUI(E4Workbench.java:153)
	at org.eclipse.ui.internal.Workbench.lambda$3(Workbench.java:678)
	at org.eclipse.core.databinding.observable.Realm.runWithDefault(Realm.java:339)
	at org.eclipse.ui.internal.Workbench.createAndRunWorkbench(Workbench.java:583)
	at org.eclipse.ui.PlatformUI.createAndRunWorkbench(PlatformUI.java:173)
	at org.eclipse.ui.internal.ide.application.IDEApplication.start(IDEApplication.java:185)
	at org.eclipse.equinox.internal.app.EclipseAppHandle.run(EclipseAppHandle.java:219)
	at org.eclipse.equinox.internal.app.MainApplicationLauncher.run(MainApplicationLauncher.java:37)
	at org.eclipse.core.runtime.internal.adaptor.EclipseAppLauncher.runApplication(EclipseAppLauncher.java:149)
	at org.eclipse.core.runtime.internal.adaptor.EclipseAppLauncher.start(EclipseAppLauncher.java:115)
	at org.eclipse.core.runtime.adaptor.EclipseStarter.run(EclipseStarter.java:467)
	at org.eclipse.core.runtime.adaptor.EclipseStarter.run(EclipseStarter.java:298)
	at java.base/jdk.internal.reflect.DirectMethodHandleAccessor.invoke(DirectMethodHandleAccessor.java:103)
	at java.base/java.lang.reflect.Method.invoke(Method.java:580)
	at org.eclipse.equinox.launcher.Main.invokeFramework(Main.java:627)
	at org.eclipse.equinox.launcher.Main.basicRun(Main.java:575)
	at org.eclipse.equinox.launcher.Main.run(Main.java:1431)
2026-04-16 20:27:58,228 [main] ERROR o.e.m.j.i.l.MavenLaunchConfigurationListener - Launch configuration AdminLogin (1) references non-existing project Library.
org.eclipse.core.runtime.CoreException: Launch configuration AdminLogin (1) references non-existing project Library.
	at org.eclipse.jdt.launching.JavaRuntime.abort(JavaRuntime.java:1871)
	at org.eclipse.jdt.launching.JavaRuntime.getJavaProject(JavaRuntime.java:1748)
	at org.eclipse.m2e.jdt.internal.launch.MavenLaunchConfigurationListener.updateLaunchConfiguration(MavenLaunchConfigurationListener.java:66)
	at org.eclipse.m2e.jdt.internal.launch.MavenLaunchConfigurationListener.launchConfigurationChanged(MavenLaunchConfigurationListener.java:52)
	at org.eclipse.debug.internal.core.LaunchManager$ConfigurationNotifier.run(LaunchManager.java:220)
	at org.eclipse.core.runtime.SafeRunner.run(SafeRunner.java:47)
	at org.eclipse.debug.internal.core.LaunchManager$ConfigurationNotifier.notify(LaunchManager.java:204)
	at org.eclipse.debug.internal.core.LaunchConfigurationWorkingCopy.setDirty(LaunchConfigurationWorkingCopy.java:527)
	at org.eclipse.debug.internal.core.LaunchConfigurationWorkingCopy.setAttribute(LaunchConfigurationWorkingCopy.java:415)
	at org.eclipse.debug.ui.AbstractLaunchConfigurationTab.setAttribute(AbstractLaunchConfigurationTab.java:398)
	at org.eclipse.debug.ui.CommonTab.performApply(CommonTab.java:1031)
	at org.eclipse.debug.ui.AbstractLaunchConfigurationTabGroup.performApply(AbstractLaunchConfigurationTabGroup.java:106)
	at org.eclipse.debug.internal.ui.launchConfigurations.LaunchConfigurationTabGroupWrapper.performApply(LaunchConfigurationTabGroupWrapper.java:205)
	at org.eclipse.debug.internal.ui.launchConfigurations.LaunchConfigurationTabGroupViewer.handleApplyPressed(LaunchConfigurationTabGroupViewer.java:1518)
	at org.eclipse.debug.internal.ui.launchConfigurations.LaunchConfigurationsDialog.handleLaunchConfigurationSelectionChanged(LaunchConfigurationsDialog.java:1045)
	at org.eclipse.debug.internal.ui.launchConfigurations.LaunchConfigurationsDialog.lambda$1(LaunchConfigurationsDialog.java:607)
	at org.eclipse.jface.viewers.StructuredViewer$3.run(StructuredViewer.java:819)
	at org.eclipse.core.runtime.SafeRunner.run(SafeRunner.java:47)
	at org.eclipse.jface.util.SafeRunnable.run(SafeRunnable.java:167)
	at org.eclipse.jface.viewers.StructuredViewer.firePostSelectionChanged(StructuredViewer.java:816)
	at org.eclipse.jface.viewers.ColumnViewer.firePostSelectionChanged(ColumnViewer.java:1051)
	at org.eclipse.jface.viewers.StructuredViewer.setSelection(StructuredViewer.java:1664)
	at org.eclipse.jface.viewers.TreeViewer.setSelection(TreeViewer.java:1091)
	at org.eclipse.jface.viewers.Viewer.setSelection(Viewer.java:375)
	at org.eclipse.debug.internal.ui.launchConfigurations.LaunchConfigurationsDialog.doInitialTreeSelection(LaunchConfigurationsDialog.java:653)
	at org.eclipse.debug.internal.ui.launchConfigurations.LaunchConfigurationsDialog.initializeContent(LaunchConfigurationsDialog.java:1176)
	at org.eclipse.debug.internal.ui.launchConfigurations.LaunchConfigurationsDialog.createContents(LaunchConfigurationsDialog.java:468)
	at org.eclipse.jface.window.Window.create(Window.java:431)
	at org.eclipse.jface.dialogs.Dialog.create(Dialog.java:1088)
	at org.eclipse.debug.internal.ui.launchConfigurations.LaunchConfigurationsDialog.create(LaunchConfigurationsDialog.java:377)
	at org.eclipse.jface.window.Window.open(Window.java:788)
	at org.eclipse.debug.internal.ui.launchConfigurations.LaunchConfigurationsDialog.open(LaunchConfigurationsDialog.java:1229)
	at org.eclipse.debug.ui.DebugUITools.lambda$1(DebugUITools.java:628)
	at org.eclipse.swt.custom.BusyIndicator.showWhile(BusyIndicator.java:67)
	at org.eclipse.debug.ui.DebugUITools.openLaunchConfigurationDialogOnGroup(DebugUITools.java:634)
	at org.eclipse.debug.ui.DebugUITools.openLaunchConfigurationDialogOnGroup(DebugUITools.java:572)
	at org.eclipse.debug.ui.actions.OpenLaunchDialogAction.run(OpenLaunchDialogAction.java:85)
	at org.eclipse.debug.ui.actions.OpenLaunchDialogAction.runWithEvent(OpenLaunchDialogAction.java:91)
	at org.eclipse.ui.internal.PluginAction.runWithEvent(PluginAction.java:229)
	at org.eclipse.ui.internal.WWinPluginAction.runWithEvent(WWinPluginAction.java:218)
	at org.eclipse.jface.action.ActionContributionItem.handleWidgetSelection(ActionContributionItem.java:581)
	at org.eclipse.jface.action.ActionContributionItem.lambda$4(ActionContributionItem.java:415)
	at org.eclipse.swt.widgets.EventTable.sendEvent(EventTable.java:91)
	at org.eclipse.swt.widgets.Display.sendEvent(Display.java:4362)
	at org.eclipse.swt.widgets.Widget.sendEvent(Widget.java:1214)
	at org.eclipse.swt.widgets.Display.runDeferredEvents(Display.java:4160)
	at org.eclipse.swt.widgets.Display.readAndDispatch(Display.java:3748)
	at org.eclipse.e4.ui.internal.workbench.swt.PartRenderingEngine$5.run(PartRenderingEngine.java:1151)
	at org.eclipse.core.databinding.observable.Realm.runWithDefault(Realm.java:339)
	at org.eclipse.e4.ui.internal.workbench.swt.PartRenderingEngine.run(PartRenderingEngine.java:1042)
	at org.eclipse.e4.ui.internal.workbench.E4Workbench.createAndRunUI(E4Workbench.java:153)
	at org.eclipse.ui.internal.Workbench.lambda$3(Workbench.java:678)
	at org.eclipse.core.databinding.observable.Realm.runWithDefault(Realm.java:339)
	at org.eclipse.ui.internal.Workbench.createAndRunWorkbench(Workbench.java:583)
	at org.eclipse.ui.PlatformUI.createAndRunWorkbench(PlatformUI.java:173)
	at org.eclipse.ui.internal.ide.application.IDEApplication.start(IDEApplication.java:185)
	at org.eclipse.equinox.internal.app.EclipseAppHandle.run(EclipseAppHandle.java:219)
	at org.eclipse.equinox.internal.app.MainApplicationLauncher.run(MainApplicationLauncher.java:37)
	at org.eclipse.core.runtime.internal.adaptor.EclipseAppLauncher.runApplication(EclipseAppLauncher.java:149)
	at org.eclipse.core.runtime.internal.adaptor.EclipseAppLauncher.start(EclipseAppLauncher.java:115)
	at org.eclipse.core.runtime.adaptor.EclipseStarter.run(EclipseStarter.java:467)
	at org.eclipse.core.runtime.adaptor.EclipseStarter.run(EclipseStarter.java:298)
	at java.base/jdk.internal.reflect.DirectMethodHandleAccessor.invoke(DirectMethodHandleAccessor.java:103)
	at java.base/java.lang.reflect.Method.invoke(Method.java:580)
	at org.eclipse.equinox.launcher.Main.invokeFramework(Main.java:627)
	at org.eclipse.equinox.launcher.Main.basicRun(Main.java:575)
	at org.eclipse.equinox.launcher.Main.run(Main.java:1431)
2026-04-16 20:27:58,231 [main] ERROR o.e.m.j.i.l.MavenLaunchConfigurationListener - Launch configuration AdminLogin (1) references non-existing project Library.
org.eclipse.core.runtime.CoreException: Launch configuration AdminLogin (1) references non-existing project Library.
	at org.eclipse.jdt.launching.JavaRuntime.abort(JavaRuntime.java:1871)
	at org.eclipse.jdt.launching.JavaRuntime.getJavaProject(JavaRuntime.java:1748)
	at org.eclipse.m2e.jdt.internal.launch.MavenLaunchConfigurationListener.updateLaunchConfiguration(MavenLaunchConfigurationListener.java:66)
	at org.eclipse.m2e.jdt.internal.launch.MavenLaunchConfigurationListener.launchConfigurationChanged(MavenLaunchConfigurationListener.java:52)
	at org.eclipse.debug.internal.core.LaunchManager$ConfigurationNotifier.run(LaunchManager.java:220)
	at org.eclipse.core.runtime.SafeRunner.run(SafeRunner.java:47)
	at org.eclipse.debug.internal.core.LaunchManager$ConfigurationNotifier.notify(LaunchManager.java:204)
	at org.eclipse.debug.internal.core.LaunchConfigurationWorkingCopy.setDirty(LaunchConfigurationWorkingCopy.java:527)
	at org.eclipse.debug.internal.core.LaunchConfigurationWorkingCopy.setAttribute(LaunchConfigurationWorkingCopy.java:415)
	at org.eclipse.debug.ui.AbstractLaunchConfigurationTab.setAttribute(AbstractLaunchConfigurationTab.java:398)
	at org.eclipse.debug.ui.CommonTab.performApply(CommonTab.java:1034)
	at org.eclipse.debug.ui.AbstractLaunchConfigurationTabGroup.performApply(AbstractLaunchConfigurationTabGroup.java:106)
	at org.eclipse.debug.internal.ui.launchConfigurations.LaunchConfigurationTabGroupWrapper.performApply(LaunchConfigurationTabGroupWrapper.java:205)
	at org.eclipse.debug.internal.ui.launchConfigurations.LaunchConfigurationTabGroupViewer.handleApplyPressed(LaunchConfigurationTabGroupViewer.java:1518)
	at org.eclipse.debug.internal.ui.launchConfigurations.LaunchConfigurationsDialog.handleLaunchConfigurationSelectionChanged(LaunchConfigurationsDialog.java:1045)
	at org.eclipse.debug.internal.ui.launchConfigurations.LaunchConfigurationsDialog.lambda$1(LaunchConfigurationsDialog.java:607)
	at org.eclipse.jface.viewers.StructuredViewer$3.run(StructuredViewer.java:819)
	at org.eclipse.core.runtime.SafeRunner.run(SafeRunner.java:47)
	at org.eclipse.jface.util.SafeRunnable.run(SafeRunnable.java:167)
	at org.eclipse.jface.viewers.StructuredViewer.firePostSelectionChanged(StructuredViewer.java:816)
	at org.eclipse.jface.viewers.ColumnViewer.firePostSelectionChanged(ColumnViewer.java:1051)
	at org.eclipse.jface.viewers.StructuredViewer.setSelection(StructuredViewer.java:1664)
	at org.eclipse.jface.viewers.TreeViewer.setSelection(TreeViewer.java:1091)
	at org.eclipse.jface.viewers.Viewer.setSelection(Viewer.java:375)
	at org.eclipse.debug.internal.ui.launchConfigurations.LaunchConfigurationsDialog.doInitialTreeSelection(LaunchConfigurationsDialog.java:653)
	at org.eclipse.debug.internal.ui.launchConfigurations.LaunchConfigurationsDialog.initializeContent(LaunchConfigurationsDialog.java:1176)
	at org.eclipse.debug.internal.ui.launchConfigurations.LaunchConfigurationsDialog.createContents(LaunchConfigurationsDialog.java:468)
	at org.eclipse.jface.window.Window.create(Window.java:431)
	at org.eclipse.jface.dialogs.Dialog.create(Dialog.java:1088)
	at org.eclipse.debug.internal.ui.launchConfigurations.LaunchConfigurationsDialog.create(LaunchConfigurationsDialog.java:377)
	at org.eclipse.jface.window.Window.open(Window.java:788)
	at org.eclipse.debug.internal.ui.launchConfigurations.LaunchConfigurationsDialog.open(LaunchConfigurationsDialog.java:1229)
	at org.eclipse.debug.ui.DebugUITools.lambda$1(DebugUITools.java:628)
	at org.eclipse.swt.custom.BusyIndicator.showWhile(BusyIndicator.java:67)
	at org.eclipse.debug.ui.DebugUITools.openLaunchConfigurationDialogOnGroup(DebugUITools.java:634)
	at org.eclipse.debug.ui.DebugUITools.openLaunchConfigurationDialogOnGroup(DebugUITools.java:572)
	at org.eclipse.debug.ui.actions.OpenLaunchDialogAction.run(OpenLaunchDialogAction.java:85)
	at org.eclipse.debug.ui.actions.OpenLaunchDialogAction.runWithEvent(OpenLaunchDialogAction.java:91)
	at org.eclipse.ui.internal.PluginAction.runWithEvent(PluginAction.java:229)
	at org.eclipse.ui.internal.WWinPluginAction.runWithEvent(WWinPluginAction.java:218)
	at org.eclipse.jface.action.ActionContributionItem.handleWidgetSelection(ActionContributionItem.java:581)
	at org.eclipse.jface.action.ActionContributionItem.lambda$4(ActionContributionItem.java:415)
	at org.eclipse.swt.widgets.EventTable.sendEvent(EventTable.java:91)
	at org.eclipse.swt.widgets.Display.sendEvent(Display.java:4362)
	at org.eclipse.swt.widgets.Widget.sendEvent(Widget.java:1214)
	at org.eclipse.swt.widgets.Display.runDeferredEvents(Display.java:4160)
	at org.eclipse.swt.widgets.Display.readAndDispatch(Display.java:3748)
	at org.eclipse.e4.ui.internal.workbench.swt.PartRenderingEngine$5.run(PartRenderingEngine.java:1151)
	at org.eclipse.core.databinding.observable.Realm.runWithDefault(Realm.java:339)
	at org.eclipse.e4.ui.internal.workbench.swt.PartRenderingEngine.run(PartRenderingEngine.java:1042)
	at org.eclipse.e4.ui.internal.workbench.E4Workbench.createAndRunUI(E4Workbench.java:153)
	at org.eclipse.ui.internal.Workbench.lambda$3(Workbench.java:678)
	at org.eclipse.core.databinding.observable.Realm.runWithDefault(Realm.java:339)
	at org.eclipse.ui.internal.Workbench.createAndRunWorkbench(Workbench.java:583)
	at org.eclipse.ui.PlatformUI.createAndRunWorkbench(PlatformUI.java:173)
	at org.eclipse.ui.internal.ide.application.IDEApplication.start(IDEApplication.java:185)
	at org.eclipse.equinox.internal.app.EclipseAppHandle.run(EclipseAppHandle.java:219)
	at org.eclipse.equinox.internal.app.MainApplicationLauncher.run(MainApplicationLauncher.java:37)
	at org.eclipse.core.runtime.internal.adaptor.EclipseAppLauncher.runApplication(EclipseAppLauncher.java:149)
	at org.eclipse.core.runtime.internal.adaptor.EclipseAppLauncher.start(EclipseAppLauncher.java:115)
	at org.eclipse.core.runtime.adaptor.EclipseStarter.run(EclipseStarter.java:467)
	at org.eclipse.core.runtime.adaptor.EclipseStarter.run(EclipseStarter.java:298)
	at java.base/jdk.internal.reflect.DirectMethodHandleAccessor.invoke(DirectMethodHandleAccessor.java:103)
	at java.base/java.lang.reflect.Method.invoke(Method.java:580)
	at org.eclipse.equinox.launcher.Main.invokeFramework(Main.java:627)
	at org.eclipse.equinox.launcher.Main.basicRun(Main.java:575)
	at org.eclipse.equinox.launcher.Main.run(Main.java:1431)
2026-04-16 20:27:58,235 [main] ERROR o.e.m.j.i.l.MavenLaunchConfigurationListener - Launch configuration AdminLogin (1) references non-existing project Library.
org.eclipse.core.runtime.CoreException: Launch configuration AdminLogin (1) references non-existing project Library.
	at org.eclipse.jdt.launching.JavaRuntime.abort(JavaRuntime.java:1871)
	at org.eclipse.jdt.launching.JavaRuntime.getJavaProject(JavaRuntime.java:1748)
	at org.eclipse.m2e.jdt.internal.launch.MavenLaunchConfigurationListener.updateLaunchConfiguration(MavenLaunchConfigurationListener.java:66)
	at org.eclipse.m2e.jdt.internal.launch.MavenLaunchConfigurationListener.launchConfigurationChanged(MavenLaunchConfigurationListener.java:52)
	at org.eclipse.debug.internal.core.LaunchManager$ConfigurationNotifier.run(LaunchManager.java:220)
	at org.eclipse.core.runtime.SafeRunner.run(SafeRunner.java:47)
	at org.eclipse.debug.internal.core.LaunchManager$ConfigurationNotifier.notify(LaunchManager.java:204)
	at org.eclipse.debug.internal.core.LaunchConfigurationWorkingCopy.setDirty(LaunchConfigurationWorkingCopy.java:527)
	at org.eclipse.debug.internal.core.LaunchConfigurationWorkingCopy.setAttribute(LaunchConfigurationWorkingCopy.java:421)
	at org.eclipse.debug.ui.CommonTab.performApply(CommonTab.java:1036)
	at org.eclipse.debug.ui.AbstractLaunchConfigurationTabGroup.performApply(AbstractLaunchConfigurationTabGroup.java:106)
	at org.eclipse.debug.internal.ui.launchConfigurations.LaunchConfigurationTabGroupWrapper.performApply(LaunchConfigurationTabGroupWrapper.java:205)
	at org.eclipse.debug.internal.ui.launchConfigurations.LaunchConfigurationTabGroupViewer.handleApplyPressed(LaunchConfigurationTabGroupViewer.java:1518)
	at org.eclipse.debug.internal.ui.launchConfigurations.LaunchConfigurationsDialog.handleLaunchConfigurationSelectionChanged(LaunchConfigurationsDialog.java:1045)
	at org.eclipse.debug.internal.ui.launchConfigurations.LaunchConfigurationsDialog.lambda$1(LaunchConfigurationsDialog.java:607)
	at org.eclipse.jface.viewers.StructuredViewer$3.run(StructuredViewer.java:819)
	at org.eclipse.core.runtime.SafeRunner.run(SafeRunner.java:47)
	at org.eclipse.jface.util.SafeRunnable.run(SafeRunnable.java:167)
	at org.eclipse.jface.viewers.StructuredViewer.firePostSelectionChanged(StructuredViewer.java:816)
	at org.eclipse.jface.viewers.ColumnViewer.firePostSelectionChanged(ColumnViewer.java:1051)
	at org.eclipse.jface.viewers.StructuredViewer.setSelection(StructuredViewer.java:1664)
	at org.eclipse.jface.viewers.TreeViewer.setSelection(TreeViewer.java:1091)
	at org.eclipse.jface.viewers.Viewer.setSelection(Viewer.java:375)
	at org.eclipse.debug.internal.ui.launchConfigurations.LaunchConfigurationsDialog.doInitialTreeSelection(LaunchConfigurationsDialog.java:653)
	at org.eclipse.debug.internal.ui.launchConfigurations.LaunchConfigurationsDialog.initializeContent(LaunchConfigurationsDialog.java:1176)
	at org.eclipse.debug.internal.ui.launchConfigurations.LaunchConfigurationsDialog.createContents(LaunchConfigurationsDialog.java:468)
	at org.eclipse.jface.window.Window.create(Window.java:431)
	at org.eclipse.jface.dialogs.Dialog.create(Dialog.java:1088)
	at org.eclipse.debug.internal.ui.launchConfigurations.LaunchConfigurationsDialog.create(LaunchConfigurationsDialog.java:377)
	at org.eclipse.jface.window.Window.open(Window.java:788)
	at org.eclipse.debug.internal.ui.launchConfigurations.LaunchConfigurationsDialog.open(LaunchConfigurationsDialog.java:1229)
	at org.eclipse.debug.ui.DebugUITools.lambda$1(DebugUITools.java:628)
	at org.eclipse.swt.custom.BusyIndicator.showWhile(BusyIndicator.java:67)
	at org.eclipse.debug.ui.DebugUITools.openLaunchConfigurationDialogOnGroup(DebugUITools.java:634)
	at org.eclipse.debug.ui.DebugUITools.openLaunchConfigurationDialogOnGroup(DebugUITools.java:572)
	at org.eclipse.debug.ui.actions.OpenLaunchDialogAction.run(OpenLaunchDialogAction.java:85)
	at org.eclipse.debug.ui.actions.OpenLaunchDialogAction.runWithEvent(OpenLaunchDialogAction.java:91)
	at org.eclipse.ui.internal.PluginAction.runWithEvent(PluginAction.java:229)
	at org.eclipse.ui.internal.WWinPluginAction.runWithEvent(WWinPluginAction.java:218)
	at org.eclipse.jface.action.ActionContributionItem.handleWidgetSelection(ActionContributionItem.java:581)
	at org.eclipse.jface.action.ActionContributionItem.lambda$4(ActionContributionItem.java:415)
	at org.eclipse.swt.widgets.EventTable.sendEvent(EventTable.java:91)
	at org.eclipse.swt.widgets.Display.sendEvent(Display.java:4362)
	at org.eclipse.swt.widgets.Widget.sendEvent(Widget.java:1214)
	at org.eclipse.swt.widgets.Display.runDeferredEvents(Display.java:4160)
	at org.eclipse.swt.widgets.Display.readAndDispatch(Display.java:3748)
	at org.eclipse.e4.ui.internal.workbench.swt.PartRenderingEngine$5.run(PartRenderingEngine.java:1151)
	at org.eclipse.core.databinding.observable.Realm.runWithDefault(Realm.java:339)
	at org.eclipse.e4.ui.internal.workbench.swt.PartRenderingEngine.run(PartRenderingEngine.java:1042)
	at org.eclipse.e4.ui.internal.workbench.E4Workbench.createAndRunUI(E4Workbench.java:153)
	at org.eclipse.ui.internal.Workbench.lambda$3(Workbench.java:678)
	at org.eclipse.core.databinding.observable.Realm.runWithDefault(Realm.java:339)
	at org.eclipse.ui.internal.Workbench.createAndRunWorkbench(Workbench.java:583)
	at org.eclipse.ui.PlatformUI.createAndRunWorkbench(PlatformUI.java:173)
	at org.eclipse.ui.internal.ide.application.IDEApplication.start(IDEApplication.java:185)
	at org.eclipse.equinox.internal.app.EclipseAppHandle.run(EclipseAppHandle.java:219)
	at org.eclipse.equinox.internal.app.MainApplicationLauncher.run(MainApplicationLauncher.java:37)
	at org.eclipse.core.runtime.internal.adaptor.EclipseAppLauncher.runApplication(EclipseAppLauncher.java:149)
	at org.eclipse.core.runtime.internal.adaptor.EclipseAppLauncher.start(EclipseAppLauncher.java:115)
	at org.eclipse.core.runtime.adaptor.EclipseStarter.run(EclipseStarter.java:467)
	at org.eclipse.core.runtime.adaptor.EclipseStarter.run(EclipseStarter.java:298)
	at java.base/jdk.internal.reflect.DirectMethodHandleAccessor.invoke(DirectMethodHandleAccessor.java:103)
	at java.base/java.lang.reflect.Method.invoke(Method.java:580)
	at org.eclipse.equinox.launcher.Main.invokeFramework(Main.java:627)
	at org.eclipse.equinox.launcher.Main.basicRun(Main.java:575)
	at org.eclipse.equinox.launcher.Main.run(Main.java:1431)
2026-04-16 20:27:58,238 [main] ERROR o.e.m.j.i.l.MavenLaunchConfigurationListener - Launch configuration AdminLogin (1) references non-existing project Library.
org.eclipse.core.runtime.CoreException: Launch configuration AdminLogin (1) references non-existing project Library.
	at org.eclipse.jdt.launching.JavaRuntime.abort(JavaRuntime.java:1871)
	at org.eclipse.jdt.launching.JavaRuntime.getJavaProject(JavaRuntime.java:1748)
	at org.eclipse.m2e.jdt.internal.launch.MavenLaunchConfigurationListener.updateLaunchConfiguration(MavenLaunchConfigurationListener.java:66)
	at org.eclipse.m2e.jdt.internal.launch.MavenLaunchConfigurationListener.launchConfigurationChanged(MavenLaunchConfigurationListener.java:52)
	at org.eclipse.debug.internal.core.LaunchManager$ConfigurationNotifier.run(LaunchManager.java:220)
	at org.eclipse.core.runtime.SafeRunner.run(SafeRunner.java:47)
	at org.eclipse.debug.internal.core.LaunchManager$ConfigurationNotifier.notify(LaunchManager.java:204)
	at org.eclipse.debug.internal.core.LaunchConfigurationWorkingCopy.setDirty(LaunchConfigurationWorkingCopy.java:527)
	at org.eclipse.debug.internal.core.LaunchConfigurationWorkingCopy.setAttribute(LaunchConfigurationWorkingCopy.java:415)
	at org.eclipse.debug.ui.CommonTab.performApply(CommonTab.java:1042)
	at org.eclipse.debug.ui.AbstractLaunchConfigurationTabGroup.performApply(AbstractLaunchConfigurationTabGroup.java:106)
	at org.eclipse.debug.internal.ui.launchConfigurations.LaunchConfigurationTabGroupWrapper.performApply(LaunchConfigurationTabGroupWrapper.java:205)
	at org.eclipse.debug.internal.ui.launchConfigurations.LaunchConfigurationTabGroupViewer.handleApplyPressed(LaunchConfigurationTabGroupViewer.java:1518)
	at org.eclipse.debug.internal.ui.launchConfigurations.LaunchConfigurationsDialog.handleLaunchConfigurationSelectionChanged(LaunchConfigurationsDialog.java:1045)
	at org.eclipse.debug.internal.ui.launchConfigurations.LaunchConfigurationsDialog.lambda$1(LaunchConfigurationsDialog.java:607)
	at org.eclipse.jface.viewers.StructuredViewer$3.run(StructuredViewer.java:819)
	at org.eclipse.core.runtime.SafeRunner.run(SafeRunner.java:47)
	at org.eclipse.jface.util.SafeRunnable.run(SafeRunnable.java:167)
	at org.eclipse.jface.viewers.StructuredViewer.firePostSelectionChanged(StructuredViewer.java:816)
	at org.eclipse.jface.viewers.ColumnViewer.firePostSelectionChanged(ColumnViewer.java:1051)
	at org.eclipse.jface.viewers.StructuredViewer.setSelection(StructuredViewer.java:1664)
	at org.eclipse.jface.viewers.TreeViewer.setSelection(TreeViewer.java:1091)
	at org.eclipse.jface.viewers.Viewer.setSelection(Viewer.java:375)
	at org.eclipse.debug.internal.ui.launchConfigurations.LaunchConfigurationsDialog.doInitialTreeSelection(LaunchConfigurationsDialog.java:653)
	at org.eclipse.debug.internal.ui.launchConfigurations.LaunchConfigurationsDialog.initializeContent(LaunchConfigurationsDialog.java:1176)
	at org.eclipse.debug.internal.ui.launchConfigurations.LaunchConfigurationsDialog.createContents(LaunchConfigurationsDialog.java:468)
	at org.eclipse.jface.window.Window.create(Window.java:431)
	at org.eclipse.jface.dialogs.Dialog.create(Dialog.java:1088)
	at org.eclipse.debug.internal.ui.launchConfigurations.LaunchConfigurationsDialog.create(LaunchConfigurationsDialog.java:377)
	at org.eclipse.jface.window.Window.open(Window.java:788)
	at org.eclipse.debug.internal.ui.launchConfigurations.LaunchConfigurationsDialog.open(LaunchConfigurationsDialog.java:1229)
	at org.eclipse.debug.ui.DebugUITools.lambda$1(DebugUITools.java:628)
	at org.eclipse.swt.custom.BusyIndicator.showWhile(BusyIndicator.java:67)
	at org.eclipse.debug.ui.DebugUITools.openLaunchConfigurationDialogOnGroup(DebugUITools.java:634)
	at org.eclipse.debug.ui.DebugUITools.openLaunchConfigurationDialogOnGroup(DebugUITools.java:572)
	at org.eclipse.debug.ui.actions.OpenLaunchDialogAction.run(OpenLaunchDialogAction.java:85)
	at org.eclipse.debug.ui.actions.OpenLaunchDialogAction.runWithEvent(OpenLaunchDialogAction.java:91)
	at org.eclipse.ui.internal.PluginAction.runWithEvent(PluginAction.java:229)
	at org.eclipse.ui.internal.WWinPluginAction.runWithEvent(WWinPluginAction.java:218)
	at org.eclipse.jface.action.ActionContributionItem.handleWidgetSelection(ActionContributionItem.java:581)
	at org.eclipse.jface.action.ActionContributionItem.lambda$4(ActionContributionItem.java:415)
	at org.eclipse.swt.widgets.EventTable.sendEvent(EventTable.java:91)
	at org.eclipse.swt.widgets.Display.sendEvent(Display.java:4362)
	at org.eclipse.swt.widgets.Widget.sendEvent(Widget.java:1214)
	at org.eclipse.swt.widgets.Display.runDeferredEvents(Display.java:4160)
	at org.eclipse.swt.widgets.Display.readAndDispatch(Display.java:3748)
	at org.eclipse.e4.ui.internal.workbench.swt.PartRenderingEngine$5.run(PartRenderingEngine.java:1151)
	at org.eclipse.core.databinding.observable.Realm.runWithDefault(Realm.java:339)
	at org.eclipse.e4.ui.internal.workbench.swt.PartRenderingEngine.run(PartRenderingEngine.java:1042)
	at org.eclipse.e4.ui.internal.workbench.E4Workbench.createAndRunUI(E4Workbench.java:153)
	at org.eclipse.ui.internal.Workbench.lambda$3(Workbench.java:678)
	at org.eclipse.core.databinding.observable.Realm.runWithDefault(Realm.java:339)
	at org.eclipse.ui.internal.Workbench.createAndRunWorkbench(Workbench.java:583)
	at org.eclipse.ui.PlatformUI.createAndRunWorkbench(PlatformUI.java:173)
	at org.eclipse.ui.internal.ide.application.IDEApplication.start(IDEApplication.java:185)
	at org.eclipse.equinox.internal.app.EclipseAppHandle.run(EclipseAppHandle.java:219)
	at org.eclipse.equinox.internal.app.MainApplicationLauncher.run(MainApplicationLauncher.java:37)
	at org.eclipse.core.runtime.internal.adaptor.EclipseAppLauncher.runApplication(EclipseAppLauncher.java:149)
	at org.eclipse.core.runtime.internal.adaptor.EclipseAppLauncher.start(EclipseAppLauncher.java:115)
	at org.eclipse.core.runtime.adaptor.EclipseStarter.run(EclipseStarter.java:467)
	at org.eclipse.core.runtime.adaptor.EclipseStarter.run(EclipseStarter.java:298)
	at java.base/jdk.internal.reflect.DirectMethodHandleAccessor.invoke(DirectMethodHandleAccessor.java:103)
	at java.base/java.lang.reflect.Method.invoke(Method.java:580)
	at org.eclipse.equinox.launcher.Main.invokeFramework(Main.java:627)
	at org.eclipse.equinox.launcher.Main.basicRun(Main.java:575)
	at org.eclipse.equinox.launcher.Main.run(Main.java:1431)
2026-04-16 20:27:58,242 [main] ERROR o.e.m.j.i.l.MavenLaunchConfigurationListener - Launch configuration AdminLogin (1) references non-existing project Library.
org.eclipse.core.runtime.CoreException: Launch configuration AdminLogin (1) references non-existing project Library.
	at org.eclipse.jdt.launching.JavaRuntime.abort(JavaRuntime.java:1871)
	at org.eclipse.jdt.launching.JavaRuntime.getJavaProject(JavaRuntime.java:1748)
	at org.eclipse.m2e.jdt.internal.launch.MavenLaunchConfigurationListener.updateLaunchConfiguration(MavenLaunchConfigurationListener.java:66)
	at org.eclipse.m2e.jdt.internal.launch.MavenLaunchConfigurationListener.launchConfigurationChanged(MavenLaunchConfigurationListener.java:52)
	at org.eclipse.debug.internal.core.LaunchManager$ConfigurationNotifier.run(LaunchManager.java:220)
	at org.eclipse.core.runtime.SafeRunner.run(SafeRunner.java:47)
	at org.eclipse.debug.internal.core.LaunchManager$ConfigurationNotifier.notify(LaunchManager.java:204)
	at org.eclipse.debug.internal.core.LaunchConfigurationWorkingCopy.setDirty(LaunchConfigurationWorkingCopy.java:527)
	at org.eclipse.debug.internal.core.LaunchConfigurationWorkingCopy.setAttribute(LaunchConfigurationWorkingCopy.java:415)
	at org.eclipse.debug.ui.CommonTab.performApply(CommonTab.java:1059)
	at org.eclipse.debug.ui.AbstractLaunchConfigurationTabGroup.performApply(AbstractLaunchConfigurationTabGroup.java:106)
	at org.eclipse.debug.internal.ui.launchConfigurations.LaunchConfigurationTabGroupWrapper.performApply(LaunchConfigurationTabGroupWrapper.java:205)
	at org.eclipse.debug.internal.ui.launchConfigurations.LaunchConfigurationTabGroupViewer.handleApplyPressed(LaunchConfigurationTabGroupViewer.java:1518)
	at org.eclipse.debug.internal.ui.launchConfigurations.LaunchConfigurationsDialog.handleLaunchConfigurationSelectionChanged(LaunchConfigurationsDialog.java:1045)
	at org.eclipse.debug.internal.ui.launchConfigurations.LaunchConfigurationsDialog.lambda$1(LaunchConfigurationsDialog.java:607)
	at org.eclipse.jface.viewers.StructuredViewer$3.run(StructuredViewer.java:819)
	at org.eclipse.core.runtime.SafeRunner.run(SafeRunner.java:47)
	at org.eclipse.jface.util.SafeRunnable.run(SafeRunnable.java:167)
	at org.eclipse.jface.viewers.StructuredViewer.firePostSelectionChanged(StructuredViewer.java:816)
	at org.eclipse.jface.viewers.ColumnViewer.firePostSelectionChanged(ColumnViewer.java:1051)
	at org.eclipse.jface.viewers.StructuredViewer.setSelection(StructuredViewer.java:1664)
	at org.eclipse.jface.viewers.TreeViewer.setSelection(TreeViewer.java:1091)
	at org.eclipse.jface.viewers.Viewer.setSelection(Viewer.java:375)
	at org.eclipse.debug.internal.ui.launchConfigurations.LaunchConfigurationsDialog.doInitialTreeSelection(LaunchConfigurationsDialog.java:653)
	at org.eclipse.debug.internal.ui.launchConfigurations.LaunchConfigurationsDialog.initializeContent(LaunchConfigurationsDialog.java:1176)
	at org.eclipse.debug.internal.ui.launchConfigurations.LaunchConfigurationsDialog.createContents(LaunchConfigurationsDialog.java:468)
	at org.eclipse.jface.window.Window.create(Window.java:431)
	at org.eclipse.jface.dialogs.Dialog.create(Dialog.java:1088)
	at org.eclipse.debug.internal.ui.launchConfigurations.LaunchConfigurationsDialog.create(LaunchConfigurationsDialog.java:377)
	at org.eclipse.jface.window.Window.open(Window.java:788)
	at org.eclipse.debug.internal.ui.launchConfigurations.LaunchConfigurationsDialog.open(LaunchConfigurationsDialog.java:1229)
	at org.eclipse.debug.ui.DebugUITools.lambda$1(DebugUITools.java:628)
	at org.eclipse.swt.custom.BusyIndicator.showWhile(BusyIndicator.java:67)
	at org.eclipse.debug.ui.DebugUITools.openLaunchConfigurationDialogOnGroup(DebugUITools.java:634)
	at org.eclipse.debug.ui.DebugUITools.openLaunchConfigurationDialogOnGroup(DebugUITools.java:572)
	at org.eclipse.debug.ui.actions.OpenLaunchDialogAction.run(OpenLaunchDialogAction.java:85)
	at org.eclipse.debug.ui.actions.OpenLaunchDialogAction.runWithEvent(OpenLaunchDialogAction.java:91)
	at org.eclipse.ui.internal.PluginAction.runWithEvent(PluginAction.java:229)
	at org.eclipse.ui.internal.WWinPluginAction.runWithEvent(WWinPluginAction.java:218)
	at org.eclipse.jface.action.ActionContributionItem.handleWidgetSelection(ActionContributionItem.java:581)
	at org.eclipse.jface.action.ActionContributionItem.lambda$4(ActionContributionItem.java:415)
	at org.eclipse.swt.widgets.EventTable.sendEvent(EventTable.java:91)
	at org.eclipse.swt.widgets.Display.sendEvent(Display.java:4362)
	at org.eclipse.swt.widgets.Widget.sendEvent(Widget.java:1214)
	at org.eclipse.swt.widgets.Display.runDeferredEvents(Display.java:4160)
	at org.eclipse.swt.widgets.Display.readAndDispatch(Display.java:3748)
	at org.eclipse.e4.ui.internal.workbench.swt.PartRenderingEngine$5.run(PartRenderingEngine.java:1151)
	at org.eclipse.core.databinding.observable.Realm.runWithDefault(Realm.java:339)
	at org.eclipse.e4.ui.internal.workbench.swt.PartRenderingEngine.run(PartRenderingEngine.java:1042)
	at org.eclipse.e4.ui.internal.workbench.E4Workbench.createAndRunUI(E4Workbench.java:153)
	at org.eclipse.ui.internal.Workbench.lambda$3(Workbench.java:678)
	at org.eclipse.core.databinding.observable.Realm.runWithDefault(Realm.java:339)
	at org.eclipse.ui.internal.Workbench.createAndRunWorkbench(Workbench.java:583)
	at org.eclipse.ui.PlatformUI.createAndRunWorkbench(PlatformUI.java:173)
	at org.eclipse.ui.internal.ide.application.IDEApplication.start(IDEApplication.java:185)
	at org.eclipse.equinox.internal.app.EclipseAppHandle.run(EclipseAppHandle.java:219)
	at org.eclipse.equinox.internal.app.MainApplicationLauncher.run(MainApplicationLauncher.java:37)
	at org.eclipse.core.runtime.internal.adaptor.EclipseAppLauncher.runApplication(EclipseAppLauncher.java:149)
	at org.eclipse.core.runtime.internal.adaptor.EclipseAppLauncher.start(EclipseAppLauncher.java:115)
	at org.eclipse.core.runtime.adaptor.EclipseStarter.run(EclipseStarter.java:467)
	at org.eclipse.core.runtime.adaptor.EclipseStarter.run(EclipseStarter.java:298)
	at java.base/jdk.internal.reflect.DirectMethodHandleAccessor.invoke(DirectMethodHandleAccessor.java:103)
	at java.base/java.lang.reflect.Method.invoke(Method.java:580)
	at org.eclipse.equinox.launcher.Main.invokeFramework(Main.java:627)
	at org.eclipse.equinox.launcher.Main.basicRun(Main.java:575)
	at org.eclipse.equinox.launcher.Main.run(Main.java:1431)
2026-04-16 20:27:58,246 [main] ERROR o.e.m.j.i.l.MavenLaunchConfigurationListener - Launch configuration AdminLogin (1) references non-existing project Library.
org.eclipse.core.runtime.CoreException: Launch configuration AdminLogin (1) references non-existing project Library.
	at org.eclipse.jdt.launching.JavaRuntime.abort(JavaRuntime.java:1871)
	at org.eclipse.jdt.launching.JavaRuntime.getJavaProject(JavaRuntime.java:1748)
	at org.eclipse.m2e.jdt.internal.launch.MavenLaunchConfigurationListener.updateLaunchConfiguration(MavenLaunchConfigurationListener.java:66)
	at org.eclipse.m2e.jdt.internal.launch.MavenLaunchConfigurationListener.launchConfigurationChanged(MavenLaunchConfigurationListener.java:52)
	at org.eclipse.debug.internal.core.LaunchManager$ConfigurationNotifier.run(LaunchManager.java:220)
	at org.eclipse.core.runtime.SafeRunner.run(SafeRunner.java:47)
	at org.eclipse.debug.internal.core.LaunchManager$ConfigurationNotifier.notify(LaunchManager.java:204)
	at org.eclipse.debug.internal.core.LaunchConfigurationWorkingCopy.setDirty(LaunchConfigurationWorkingCopy.java:527)
	at org.eclipse.debug.internal.core.LaunchConfigurationWorkingCopy.setAttribute(LaunchConfigurationWorkingCopy.java:415)
	at org.eclipse.debug.ui.CommonTab.performApply(CommonTab.java:1067)
	at org.eclipse.debug.ui.AbstractLaunchConfigurationTabGroup.performApply(AbstractLaunchConfigurationTabGroup.java:106)
	at org.eclipse.debug.internal.ui.launchConfigurations.LaunchConfigurationTabGroupWrapper.performApply(LaunchConfigurationTabGroupWrapper.java:205)
	at org.eclipse.debug.internal.ui.launchConfigurations.LaunchConfigurationTabGroupViewer.handleApplyPressed(LaunchConfigurationTabGroupViewer.java:1518)
	at org.eclipse.debug.internal.ui.launchConfigurations.LaunchConfigurationsDialog.handleLaunchConfigurationSelectionChanged(LaunchConfigurationsDialog.java:1045)
	at org.eclipse.debug.internal.ui.launchConfigurations.LaunchConfigurationsDialog.lambda$1(LaunchConfigurationsDialog.java:607)
	at org.eclipse.jface.viewers.StructuredViewer$3.run(StructuredViewer.java:819)
	at org.eclipse.core.runtime.SafeRunner.run(SafeRunner.java:47)
	at org.eclipse.jface.util.SafeRunnable.run(SafeRunnable.java:167)
	at org.eclipse.jface.viewers.StructuredViewer.firePostSelectionChanged(StructuredViewer.java:816)
	at org.eclipse.jface.viewers.ColumnViewer.firePostSelectionChanged(ColumnViewer.java:1051)
	at org.eclipse.jface.viewers.StructuredViewer.setSelection(StructuredViewer.java:1664)
	at org.eclipse.jface.viewers.TreeViewer.setSelection(TreeViewer.java:1091)
	at org.eclipse.jface.viewers.Viewer.setSelection(Viewer.java:375)
	at org.eclipse.debug.internal.ui.launchConfigurations.LaunchConfigurationsDialog.doInitialTreeSelection(LaunchConfigurationsDialog.java:653)
	at org.eclipse.debug.internal.ui.launchConfigurations.LaunchConfigurationsDialog.initializeContent(LaunchConfigurationsDialog.java:1176)
	at org.eclipse.debug.internal.ui.launchConfigurations.LaunchConfigurationsDialog.createContents(LaunchConfigurationsDialog.java:468)
	at org.eclipse.jface.window.Window.create(Window.java:431)
	at org.eclipse.jface.dialogs.Dialog.create(Dialog.java:1088)
	at org.eclipse.debug.internal.ui.launchConfigurations.LaunchConfigurationsDialog.create(LaunchConfigurationsDialog.java:377)
	at org.eclipse.jface.window.Window.open(Window.java:788)
	at org.eclipse.debug.internal.ui.launchConfigurations.LaunchConfigurationsDialog.open(LaunchConfigurationsDialog.java:1229)
	at org.eclipse.debug.ui.DebugUITools.lambda$1(DebugUITools.java:628)
	at org.eclipse.swt.custom.BusyIndicator.showWhile(BusyIndicator.java:67)
	at org.eclipse.debug.ui.DebugUITools.openLaunchConfigurationDialogOnGroup(DebugUITools.java:634)
	at org.eclipse.debug.ui.DebugUITools.openLaunchConfigurationDialogOnGroup(DebugUITools.java:572)
	at org.eclipse.debug.ui.actions.OpenLaunchDialogAction.run(OpenLaunchDialogAction.java:85)
	at org.eclipse.debug.ui.actions.OpenLaunchDialogAction.runWithEvent(OpenLaunchDialogAction.java:91)
	at org.eclipse.ui.internal.PluginAction.runWithEvent(PluginAction.java:229)
	at org.eclipse.ui.internal.WWinPluginAction.runWithEvent(WWinPluginAction.java:218)
	at org.eclipse.jface.action.ActionContributionItem.handleWidgetSelection(ActionContributionItem.java:581)
	at org.eclipse.jface.action.ActionContributionItem.lambda$4(ActionContributionItem.java:415)
	at org.eclipse.swt.widgets.EventTable.sendEvent(EventTable.java:91)
	at org.eclipse.swt.widgets.Display.sendEvent(Display.java:4362)
	at org.eclipse.swt.widgets.Widget.sendEvent(Widget.java:1214)
	at org.eclipse.swt.widgets.Display.runDeferredEvents(Display.java:4160)
	at org.eclipse.swt.widgets.Display.readAndDispatch(Display.java:3748)
	at org.eclipse.e4.ui.internal.workbench.swt.PartRenderingEngine$5.run(PartRenderingEngine.java:1151)
	at org.eclipse.core.databinding.observable.Realm.runWithDefault(Realm.java:339)
	at org.eclipse.e4.ui.internal.workbench.swt.PartRenderingEngine.run(PartRenderingEngine.java:1042)
	at org.eclipse.e4.ui.internal.workbench.E4Workbench.createAndRunUI(E4Workbench.java:153)
	at org.eclipse.ui.internal.Workbench.lambda$3(Workbench.java:678)
	at org.eclipse.core.databinding.observable.Realm.runWithDefault(Realm.java:339)
	at org.eclipse.ui.internal.Workbench.createAndRunWorkbench(Workbench.java:583)
	at org.eclipse.ui.PlatformUI.createAndRunWorkbench(PlatformUI.java:173)
	at org.eclipse.ui.internal.ide.application.IDEApplication.start(IDEApplication.java:185)
	at org.eclipse.equinox.internal.app.EclipseAppHandle.run(EclipseAppHandle.java:219)
	at org.eclipse.equinox.internal.app.MainApplicationLauncher.run(MainApplicationLauncher.java:37)
	at org.eclipse.core.runtime.internal.adaptor.EclipseAppLauncher.runApplication(EclipseAppLauncher.java:149)
	at org.eclipse.core.runtime.internal.adaptor.EclipseAppLauncher.start(EclipseAppLauncher.java:115)
	at org.eclipse.core.runtime.adaptor.EclipseStarter.run(EclipseStarter.java:467)
	at org.eclipse.core.runtime.adaptor.EclipseStarter.run(EclipseStarter.java:298)
	at java.base/jdk.internal.reflect.DirectMethodHandleAccessor.invoke(DirectMethodHandleAccessor.java:103)
	at java.base/java.lang.reflect.Method.invoke(Method.java:580)
	at org.eclipse.equinox.launcher.Main.invokeFramework(Main.java:627)
	at org.eclipse.equinox.launcher.Main.basicRun(Main.java:575)
	at org.eclipse.equinox.launcher.Main.run(Main.java:1431)
2026-04-16 20:27:58,249 [main] ERROR o.e.m.j.i.l.MavenLaunchConfigurationListener - Launch configuration AdminLogin (1) references non-existing project Library.
org.eclipse.core.runtime.CoreException: Launch configuration AdminLogin (1) references non-existing project Library.
	at org.eclipse.jdt.launching.JavaRuntime.abort(JavaRuntime.java:1871)
	at org.eclipse.jdt.launching.JavaRuntime.getJavaProject(JavaRuntime.java:1748)
	at org.eclipse.m2e.jdt.internal.launch.MavenLaunchConfigurationListener.updateLaunchConfiguration(MavenLaunchConfigurationListener.java:66)
	at org.eclipse.m2e.jdt.internal.launch.MavenLaunchConfigurationListener.launchConfigurationChanged(MavenLaunchConfigurationListener.java:52)
	at org.eclipse.debug.internal.core.LaunchManager$ConfigurationNotifier.run(LaunchManager.java:220)
	at org.eclipse.core.runtime.SafeRunner.run(SafeRunner.java:47)
	at org.eclipse.debug.internal.core.LaunchManager$ConfigurationNotifier.notify(LaunchManager.java:204)
	at org.eclipse.debug.internal.core.LaunchConfigurationWorkingCopy.setDirty(LaunchConfigurationWorkingCopy.java:527)
	at org.eclipse.debug.internal.core.LaunchConfigurationWorkingCopy.setAttribute(LaunchConfigurationWorkingCopy.java:415)
	at org.eclipse.debug.ui.CommonTab.performApply(CommonTab.java:1079)
	at org.eclipse.debug.ui.AbstractLaunchConfigurationTabGroup.performApply(AbstractLaunchConfigurationTabGroup.java:106)
	at org.eclipse.debug.internal.ui.launchConfigurations.LaunchConfigurationTabGroupWrapper.performApply(LaunchConfigurationTabGroupWrapper.java:205)
	at org.eclipse.debug.internal.ui.launchConfigurations.LaunchConfigurationTabGroupViewer.handleApplyPressed(LaunchConfigurationTabGroupViewer.java:1518)
	at org.eclipse.debug.internal.ui.launchConfigurations.LaunchConfigurationsDialog.handleLaunchConfigurationSelectionChanged(LaunchConfigurationsDialog.java:1045)
	at org.eclipse.debug.internal.ui.launchConfigurations.LaunchConfigurationsDialog.lambda$1(LaunchConfigurationsDialog.java:607)
	at org.eclipse.jface.viewers.StructuredViewer$3.run(StructuredViewer.java:819)
	at org.eclipse.core.runtime.SafeRunner.run(SafeRunner.java:47)
	at org.eclipse.jface.util.SafeRunnable.run(SafeRunnable.java:167)
	at org.eclipse.jface.viewers.StructuredViewer.firePostSelectionChanged(StructuredViewer.java:816)
	at org.eclipse.jface.viewers.ColumnViewer.firePostSelectionChanged(ColumnViewer.java:1051)
	at org.eclipse.jface.viewers.StructuredViewer.setSelection(StructuredViewer.java:1664)
	at org.eclipse.jface.viewers.TreeViewer.setSelection(TreeViewer.java:1091)
	at org.eclipse.jface.viewers.Viewer.setSelection(Viewer.java:375)
	at org.eclipse.debug.internal.ui.launchConfigurations.LaunchConfigurationsDialog.doInitialTreeSelection(LaunchConfigurationsDialog.java:653)
	at org.eclipse.debug.internal.ui.launchConfigurations.LaunchConfigurationsDialog.initializeContent(LaunchConfigurationsDialog.java:1176)
	at org.eclipse.debug.internal.ui.launchConfigurations.LaunchConfigurationsDialog.createContents(LaunchConfigurationsDialog.java:468)
	at org.eclipse.jface.window.Window.create(Window.java:431)
	at org.eclipse.jface.dialogs.Dialog.create(Dialog.java:1088)
	at org.eclipse.debug.internal.ui.launchConfigurations.LaunchConfigurationsDialog.create(LaunchConfigurationsDialog.java:377)
	at org.eclipse.jface.window.Window.open(Window.java:788)
	at org.eclipse.debug.internal.ui.launchConfigurations.LaunchConfigurationsDialog.open(LaunchConfigurationsDialog.java:1229)
	at org.eclipse.debug.ui.DebugUITools.lambda$1(DebugUITools.java:628)
	at org.eclipse.swt.custom.BusyIndicator.showWhile(BusyIndicator.java:67)
	at org.eclipse.debug.ui.DebugUITools.openLaunchConfigurationDialogOnGroup(DebugUITools.java:634)
	at org.eclipse.debug.ui.DebugUITools.openLaunchConfigurationDialogOnGroup(DebugUITools.java:572)
	at org.eclipse.debug.ui.actions.OpenLaunchDialogAction.run(OpenLaunchDialogAction.java:85)
	at org.eclipse.debug.ui.actions.OpenLaunchDialogAction.runWithEvent(OpenLaunchDialogAction.java:91)
	at org.eclipse.ui.internal.PluginAction.runWithEvent(PluginAction.java:229)
	at org.eclipse.ui.internal.WWinPluginAction.runWithEvent(WWinPluginAction.java:218)
	at org.eclipse.jface.action.ActionContributionItem.handleWidgetSelection(ActionContributionItem.java:581)
	at org.eclipse.jface.action.ActionContributionItem.lambda$4(ActionContributionItem.java:415)
	at org.eclipse.swt.widgets.EventTable.sendEvent(EventTable.java:91)
	at org.eclipse.swt.widgets.Display.sendEvent(Display.java:4362)
	at org.eclipse.swt.widgets.Widget.sendEvent(Widget.java:1214)
	at org.eclipse.swt.widgets.Display.runDeferredEvents(Display.java:4160)
	at org.eclipse.swt.widgets.Display.readAndDispatch(Display.java:3748)
	at org.eclipse.e4.ui.internal.workbench.swt.PartRenderingEngine$5.run(PartRenderingEngine.java:1151)
	at org.eclipse.core.databinding.observable.Realm.runWithDefault(Realm.java:339)
	at org.eclipse.e4.ui.internal.workbench.swt.PartRenderingEngine.run(PartRenderingEngine.java:1042)
	at org.eclipse.e4.ui.internal.workbench.E4Workbench.createAndRunUI(E4Workbench.java:153)
	at org.eclipse.ui.internal.Workbench.lambda$3(Workbench.java:678)
	at org.eclipse.core.databinding.observable.Realm.runWithDefault(Realm.java:339)
	at org.eclipse.ui.internal.Workbench.createAndRunWorkbench(Workbench.java:583)
	at org.eclipse.ui.PlatformUI.createAndRunWorkbench(PlatformUI.java:173)
	at org.eclipse.ui.internal.ide.application.IDEApplication.start(IDEApplication.java:185)
	at org.eclipse.equinox.internal.app.EclipseAppHandle.run(EclipseAppHandle.java:219)
	at org.eclipse.equinox.internal.app.MainApplicationLauncher.run(MainApplicationLauncher.java:37)
	at org.eclipse.core.runtime.internal.adaptor.EclipseAppLauncher.runApplication(EclipseAppLauncher.java:149)
	at org.eclipse.core.runtime.internal.adaptor.EclipseAppLauncher.start(EclipseAppLauncher.java:115)
	at org.eclipse.core.runtime.adaptor.EclipseStarter.run(EclipseStarter.java:467)
	at org.eclipse.core.runtime.adaptor.EclipseStarter.run(EclipseStarter.java:298)
	at java.base/jdk.internal.reflect.DirectMethodHandleAccessor.invoke(DirectMethodHandleAccessor.java:103)
	at java.base/java.lang.reflect.Method.invoke(Method.java:580)
	at org.eclipse.equinox.launcher.Main.invokeFramework(Main.java:627)
	at org.eclipse.equinox.launcher.Main.basicRun(Main.java:575)
	at org.eclipse.equinox.launcher.Main.run(Main.java:1431)
2026-04-16 20:27:58,254 [main] ERROR o.e.m.j.i.l.MavenLaunchConfigurationListener - Launch configuration AdminLogin (1) references non-existing project Library.
org.eclipse.core.runtime.CoreException: Launch configuration AdminLogin (1) references non-existing project Library.
	at org.eclipse.jdt.launching.JavaRuntime.abort(JavaRuntime.java:1871)
	at org.eclipse.jdt.launching.JavaRuntime.getJavaProject(JavaRuntime.java:1748)
	at org.eclipse.m2e.jdt.internal.launch.MavenLaunchConfigurationListener.updateLaunchConfiguration(MavenLaunchConfigurationListener.java:66)
	at org.eclipse.m2e.jdt.internal.launch.MavenLaunchConfigurationListener.launchConfigurationChanged(MavenLaunchConfigurationListener.java:52)
	at org.eclipse.debug.internal.core.LaunchManager$ConfigurationNotifier.run(LaunchManager.java:220)
	at org.eclipse.core.runtime.SafeRunner.run(SafeRunner.java:47)
	at org.eclipse.debug.internal.core.LaunchManager$ConfigurationNotifier.notify(LaunchManager.java:204)
	at org.eclipse.debug.internal.core.LaunchConfigurationWorkingCopy.setDirty(LaunchConfigurationWorkingCopy.java:527)
	at org.eclipse.debug.internal.core.LaunchConfigurationWorkingCopy.setAttribute(LaunchConfigurationWorkingCopy.java:415)
	at org.eclipse.debug.ui.CommonTab.performApply(CommonTab.java:1085)
	at org.eclipse.debug.ui.AbstractLaunchConfigurationTabGroup.performApply(AbstractLaunchConfigurationTabGroup.java:106)
	at org.eclipse.debug.internal.ui.launchConfigurations.LaunchConfigurationTabGroupWrapper.performApply(LaunchConfigurationTabGroupWrapper.java:205)
	at org.eclipse.debug.internal.ui.launchConfigurations.LaunchConfigurationTabGroupViewer.handleApplyPressed(LaunchConfigurationTabGroupViewer.java:1518)
	at org.eclipse.debug.internal.ui.launchConfigurations.LaunchConfigurationsDialog.handleLaunchConfigurationSelectionChanged(LaunchConfigurationsDialog.java:1045)
	at org.eclipse.debug.internal.ui.launchConfigurations.LaunchConfigurationsDialog.lambda$1(LaunchConfigurationsDialog.java:607)
	at org.eclipse.jface.viewers.StructuredViewer$3.run(StructuredViewer.java:819)
	at org.eclipse.core.runtime.SafeRunner.run(SafeRunner.java:47)
	at org.eclipse.jface.util.SafeRunnable.run(SafeRunnable.java:167)
	at org.eclipse.jface.viewers.StructuredViewer.firePostSelectionChanged(StructuredViewer.java:816)
	at org.eclipse.jface.viewers.ColumnViewer.firePostSelectionChanged(ColumnViewer.java:1051)
	at org.eclipse.jface.viewers.StructuredViewer.setSelection(StructuredViewer.java:1664)
	at org.eclipse.jface.viewers.TreeViewer.setSelection(TreeViewer.java:1091)
	at org.eclipse.jface.viewers.Viewer.setSelection(Viewer.java:375)
	at org.eclipse.debug.internal.ui.launchConfigurations.LaunchConfigurationsDialog.doInitialTreeSelection(LaunchConfigurationsDialog.java:653)
	at org.eclipse.debug.internal.ui.launchConfigurations.LaunchConfigurationsDialog.initializeContent(LaunchConfigurationsDialog.java:1176)
	at org.eclipse.debug.internal.ui.launchConfigurations.LaunchConfigurationsDialog.createContents(LaunchConfigurationsDialog.java:468)
	at org.eclipse.jface.window.Window.create(Window.java:431)
	at org.eclipse.jface.dialogs.Dialog.create(Dialog.java:1088)
	at org.eclipse.debug.internal.ui.launchConfigurations.LaunchConfigurationsDialog.create(LaunchConfigurationsDialog.java:377)
	at org.eclipse.jface.window.Window.open(Window.java:788)
	at org.eclipse.debug.internal.ui.launchConfigurations.LaunchConfigurationsDialog.open(LaunchConfigurationsDialog.java:1229)
	at org.eclipse.debug.ui.DebugUITools.lambda$1(DebugUITools.java:628)
	at org.eclipse.swt.custom.BusyIndicator.showWhile(BusyIndicator.java:67)
	at org.eclipse.debug.ui.DebugUITools.openLaunchConfigurationDialogOnGroup(DebugUITools.java:634)
	at org.eclipse.debug.ui.DebugUITools.openLaunchConfigurationDialogOnGroup(DebugUITools.java:572)
	at org.eclipse.debug.ui.actions.OpenLaunchDialogAction.run(OpenLaunchDialogAction.java:85)
	at org.eclipse.debug.ui.actions.OpenLaunchDialogAction.runWithEvent(OpenLaunchDialogAction.java:91)
	at org.eclipse.ui.internal.PluginAction.runWithEvent(PluginAction.java:229)
	at org.eclipse.ui.internal.WWinPluginAction.runWithEvent(WWinPluginAction.java:218)
	at org.eclipse.jface.action.ActionContributionItem.handleWidgetSelection(ActionContributionItem.java:581)
	at org.eclipse.jface.action.ActionContributionItem.lambda$4(ActionContributionItem.java:415)
	at org.eclipse.swt.widgets.EventTable.sendEvent(EventTable.java:91)
	at org.eclipse.swt.widgets.Display.sendEvent(Display.java:4362)
	at org.eclipse.swt.widgets.Widget.sendEvent(Widget.java:1214)
	at org.eclipse.swt.widgets.Display.runDeferredEvents(Display.java:4160)
	at org.eclipse.swt.widgets.Display.readAndDispatch(Display.java:3748)
	at org.eclipse.e4.ui.internal.workbench.swt.PartRenderingEngine$5.run(PartRenderingEngine.java:1151)
	at org.eclipse.core.databinding.observable.Realm.runWithDefault(Realm.java:339)
	at org.eclipse.e4.ui.internal.workbench.swt.PartRenderingEngine.run(PartRenderingEngine.java:1042)
	at org.eclipse.e4.ui.internal.workbench.E4Workbench.createAndRunUI(E4Workbench.java:153)
	at org.eclipse.ui.internal.Workbench.lambda$3(Workbench.java:678)
	at org.eclipse.core.databinding.observable.Realm.runWithDefault(Realm.java:339)
	at org.eclipse.ui.internal.Workbench.createAndRunWorkbench(Workbench.java:583)
	at org.eclipse.ui.PlatformUI.createAndRunWorkbench(PlatformUI.java:173)
	at org.eclipse.ui.internal.ide.application.IDEApplication.start(IDEApplication.java:185)
	at org.eclipse.equinox.internal.app.EclipseAppHandle.run(EclipseAppHandle.java:219)
	at org.eclipse.equinox.internal.app.MainApplicationLauncher.run(MainApplicationLauncher.java:37)
	at org.eclipse.core.runtime.internal.adaptor.EclipseAppLauncher.runApplication(EclipseAppLauncher.java:149)
	at org.eclipse.core.runtime.internal.adaptor.EclipseAppLauncher.start(EclipseAppLauncher.java:115)
	at org.eclipse.core.runtime.adaptor.EclipseStarter.run(EclipseStarter.java:467)
	at org.eclipse.core.runtime.adaptor.EclipseStarter.run(EclipseStarter.java:298)
	at java.base/jdk.internal.reflect.DirectMethodHandleAccessor.invoke(DirectMethodHandleAccessor.java:103)
	at java.base/java.lang.reflect.Method.invoke(Method.java:580)
	at org.eclipse.equinox.launcher.Main.invokeFramework(Main.java:627)
	at org.eclipse.equinox.launcher.Main.basicRun(Main.java:575)
	at org.eclipse.equinox.launcher.Main.run(Main.java:1431)
2026-04-16 20:27:58,258 [main] ERROR o.e.m.j.i.l.MavenLaunchConfigurationListener - Launch configuration AdminLogin (1) references non-existing project Library.
org.eclipse.core.runtime.CoreException: Launch configuration AdminLogin (1) references non-existing project Library.
	at org.eclipse.jdt.launching.JavaRuntime.abort(JavaRuntime.java:1871)
	at org.eclipse.jdt.launching.JavaRuntime.getJavaProject(JavaRuntime.java:1748)
	at org.eclipse.m2e.jdt.internal.launch.MavenLaunchConfigurationListener.updateLaunchConfiguration(MavenLaunchConfigurationListener.java:66)
	at org.eclipse.m2e.jdt.internal.launch.MavenLaunchConfigurationListener.launchConfigurationChanged(MavenLaunchConfigurationListener.java:52)
	at org.eclipse.debug.internal.core.LaunchManager$ConfigurationNotifier.run(LaunchManager.java:220)
	at org.eclipse.core.runtime.SafeRunner.run(SafeRunner.java:47)
	at org.eclipse.debug.internal.core.LaunchManager$ConfigurationNotifier.notify(LaunchManager.java:204)
	at org.eclipse.debug.internal.core.LaunchConfigurationWorkingCopy.setDirty(LaunchConfigurationWorkingCopy.java:527)
	at org.eclipse.debug.internal.core.LaunchConfigurationWorkingCopy.setAttribute(LaunchConfigurationWorkingCopy.java:415)
	at org.eclipse.debug.ui.CommonTab.performApply(CommonTab.java:1092)
	at org.eclipse.debug.ui.AbstractLaunchConfigurationTabGroup.performApply(AbstractLaunchConfigurationTabGroup.java:106)
	at org.eclipse.debug.internal.ui.launchConfigurations.LaunchConfigurationTabGroupWrapper.performApply(LaunchConfigurationTabGroupWrapper.java:205)
	at org.eclipse.debug.internal.ui.launchConfigurations.LaunchConfigurationTabGroupViewer.handleApplyPressed(LaunchConfigurationTabGroupViewer.java:1518)
	at org.eclipse.debug.internal.ui.launchConfigurations.LaunchConfigurationsDialog.handleLaunchConfigurationSelectionChanged(LaunchConfigurationsDialog.java:1045)
	at org.eclipse.debug.internal.ui.launchConfigurations.LaunchConfigurationsDialog.lambda$1(LaunchConfigurationsDialog.java:607)
	at org.eclipse.jface.viewers.StructuredViewer$3.run(StructuredViewer.java:819)
	at org.eclipse.core.runtime.SafeRunner.run(SafeRunner.java:47)
	at org.eclipse.jface.util.SafeRunnable.run(SafeRunnable.java:167)
	at org.eclipse.jface.viewers.StructuredViewer.firePostSelectionChanged(StructuredViewer.java:816)
	at org.eclipse.jface.viewers.ColumnViewer.firePostSelectionChanged(ColumnViewer.java:1051)
	at org.eclipse.jface.viewers.StructuredViewer.setSelection(StructuredViewer.java:1664)
	at org.eclipse.jface.viewers.TreeViewer.setSelection(TreeViewer.java:1091)
	at org.eclipse.jface.viewers.Viewer.setSelection(Viewer.java:375)
	at org.eclipse.debug.internal.ui.launchConfigurations.LaunchConfigurationsDialog.doInitialTreeSelection(LaunchConfigurationsDialog.java:653)
	at org.eclipse.debug.internal.ui.launchConfigurations.LaunchConfigurationsDialog.initializeContent(LaunchConfigurationsDialog.java:1176)
	at org.eclipse.debug.internal.ui.launchConfigurations.LaunchConfigurationsDialog.createContents(LaunchConfigurationsDialog.java:468)
	at org.eclipse.jface.window.Window.create(Window.java:431)
	at org.eclipse.jface.dialogs.Dialog.create(Dialog.java:1088)
	at org.eclipse.debug.internal.ui.launchConfigurations.LaunchConfigurationsDialog.create(LaunchConfigurationsDialog.java:377)
	at org.eclipse.jface.window.Window.open(Window.java:788)
	at org.eclipse.debug.internal.ui.launchConfigurations.LaunchConfigurationsDialog.open(LaunchConfigurationsDialog.java:1229)
	at org.eclipse.debug.ui.DebugUITools.lambda$1(DebugUITools.java:628)
	at org.eclipse.swt.custom.BusyIndicator.showWhile(BusyIndicator.java:67)
	at org.eclipse.debug.ui.DebugUITools.openLaunchConfigurationDialogOnGroup(DebugUITools.java:634)
	at org.eclipse.debug.ui.DebugUITools.openLaunchConfigurationDialogOnGroup(DebugUITools.java:572)
	at org.eclipse.debug.ui.actions.OpenLaunchDialogAction.run(OpenLaunchDialogAction.java:85)
	at org.eclipse.debug.ui.actions.OpenLaunchDialogAction.runWithEvent(OpenLaunchDialogAction.java:91)
	at org.eclipse.ui.internal.PluginAction.runWithEvent(PluginAction.java:229)
	at org.eclipse.ui.internal.WWinPluginAction.runWithEvent(WWinPluginAction.java:218)
	at org.eclipse.jface.action.ActionContributionItem.handleWidgetSelection(ActionContributionItem.java:581)
	at org.eclipse.jface.action.ActionContributionItem.lambda$4(ActionContributionItem.java:415)
	at org.eclipse.swt.widgets.EventTable.sendEvent(EventTable.java:91)
	at org.eclipse.swt.widgets.Display.sendEvent(Display.java:4362)
	at org.eclipse.swt.widgets.Widget.sendEvent(Widget.java:1214)
	at org.eclipse.swt.widgets.Display.runDeferredEvents(Display.java:4160)
	at org.eclipse.swt.widgets.Display.readAndDispatch(Display.java:3748)
	at org.eclipse.e4.ui.internal.workbench.swt.PartRenderingEngine$5.run(PartRenderingEngine.java:1151)
	at org.eclipse.core.databinding.observable.Realm.runWithDefault(Realm.java:339)
	at org.eclipse.e4.ui.internal.workbench.swt.PartRenderingEngine.run(PartRenderingEngine.java:1042)
	at org.eclipse.e4.ui.internal.workbench.E4Workbench.createAndRunUI(E4Workbench.java:153)
	at org.eclipse.ui.internal.Workbench.lambda$3(Workbench.java:678)
	at org.eclipse.core.databinding.observable.Realm.runWithDefault(Realm.java:339)
	at org.eclipse.ui.internal.Workbench.createAndRunWorkbench(Workbench.java:583)
	at org.eclipse.ui.PlatformUI.createAndRunWorkbench(PlatformUI.java:173)
	at org.eclipse.ui.internal.ide.application.IDEApplication.start(IDEApplication.java:185)
	at org.eclipse.equinox.internal.app.EclipseAppHandle.run(EclipseAppHandle.java:219)
	at org.eclipse.equinox.internal.app.MainApplicationLauncher.run(MainApplicationLauncher.java:37)
	at org.eclipse.core.runtime.internal.adaptor.EclipseAppLauncher.runApplication(EclipseAppLauncher.java:149)
	at org.eclipse.core.runtime.internal.adaptor.EclipseAppLauncher.start(EclipseAppLauncher.java:115)
	at org.eclipse.core.runtime.adaptor.EclipseStarter.run(EclipseStarter.java:467)
	at org.eclipse.core.runtime.adaptor.EclipseStarter.run(EclipseStarter.java:298)
	at java.base/jdk.internal.reflect.DirectMethodHandleAccessor.invoke(DirectMethodHandleAccessor.java:103)
	at java.base/java.lang.reflect.Method.invoke(Method.java:580)
	at org.eclipse.equinox.launcher.Main.invokeFramework(Main.java:627)
	at org.eclipse.equinox.launcher.Main.basicRun(Main.java:575)
	at org.eclipse.equinox.launcher.Main.run(Main.java:1431)
2026-04-16 20:27:58,271 [main] ERROR o.e.m.j.i.l.MavenLaunchConfigurationListener - Launch configuration AdminLogin (1) references non-existing project Library.
org.eclipse.core.runtime.CoreException: Launch configuration AdminLogin (1) references non-existing project Library.
	at org.eclipse.jdt.launching.JavaRuntime.abort(JavaRuntime.java:1871)
	at org.eclipse.jdt.launching.JavaRuntime.getJavaProject(JavaRuntime.java:1748)
	at org.eclipse.m2e.jdt.internal.launch.MavenLaunchConfigurationListener.updateLaunchConfiguration(MavenLaunchConfigurationListener.java:66)
	at org.eclipse.m2e.jdt.internal.launch.MavenLaunchConfigurationListener.launchConfigurationChanged(MavenLaunchConfigurationListener.java:52)
	at org.eclipse.debug.internal.core.LaunchManager$ConfigurationNotifier.run(LaunchManager.java:220)
	at org.eclipse.core.runtime.SafeRunner.run(SafeRunner.java:47)
	at org.eclipse.debug.internal.core.LaunchManager$ConfigurationNotifier.notify(LaunchManager.java:204)
	at org.eclipse.debug.internal.core.LaunchManager.launchConfigurationChanged(LaunchManager.java:2007)
	at org.eclipse.debug.internal.core.LaunchConfigurationWorkingCopy.writeNewFile(LaunchConfigurationWorkingCopy.java:380)
	at org.eclipse.debug.internal.core.LaunchConfigurationWorkingCopy.doSave0(LaunchConfigurationWorkingCopy.java:259)
	at org.eclipse.debug.internal.core.LaunchConfigurationWorkingCopy.doSave(LaunchConfigurationWorkingCopy.java:229)
	at org.eclipse.debug.internal.core.LaunchConfigurationWorkingCopy.doSave(LaunchConfigurationWorkingCopy.java:187)
	at org.eclipse.debug.internal.core.LaunchConfigurationWorkingCopy.doSave(LaunchConfigurationWorkingCopy.java:765)
	at org.eclipse.debug.internal.ui.launchConfigurations.LaunchConfigurationTabGroupViewer.handleApplyPressed(LaunchConfigurationTabGroupViewer.java:1532)
	at org.eclipse.debug.internal.ui.launchConfigurations.LaunchConfigurationsDialog.handleLaunchConfigurationSelectionChanged(LaunchConfigurationsDialog.java:1045)
	at org.eclipse.debug.internal.ui.launchConfigurations.LaunchConfigurationsDialog.lambda$1(LaunchConfigurationsDialog.java:607)
	at org.eclipse.jface.viewers.StructuredViewer$3.run(StructuredViewer.java:819)
	at org.eclipse.core.runtime.SafeRunner.run(SafeRunner.java:47)
	at org.eclipse.jface.util.SafeRunnable.run(SafeRunnable.java:167)
	at org.eclipse.jface.viewers.StructuredViewer.firePostSelectionChanged(StructuredViewer.java:816)
	at org.eclipse.jface.viewers.ColumnViewer.firePostSelectionChanged(ColumnViewer.java:1051)
	at org.eclipse.jface.viewers.StructuredViewer.setSelection(StructuredViewer.java:1664)
	at org.eclipse.jface.viewers.TreeViewer.setSelection(TreeViewer.java:1091)
	at org.eclipse.jface.viewers.Viewer.setSelection(Viewer.java:375)
	at org.eclipse.debug.internal.ui.launchConfigurations.LaunchConfigurationsDialog.doInitialTreeSelection(LaunchConfigurationsDialog.java:653)
	at org.eclipse.debug.internal.ui.launchConfigurations.LaunchConfigurationsDialog.initializeContent(LaunchConfigurationsDialog.java:1176)
	at org.eclipse.debug.internal.ui.launchConfigurations.LaunchConfigurationsDialog.createContents(LaunchConfigurationsDialog.java:468)
	at org.eclipse.jface.window.Window.create(Window.java:431)
	at org.eclipse.jface.dialogs.Dialog.create(Dialog.java:1088)
	at org.eclipse.debug.internal.ui.launchConfigurations.LaunchConfigurationsDialog.create(LaunchConfigurationsDialog.java:377)
	at org.eclipse.jface.window.Window.open(Window.java:788)
	at org.eclipse.debug.internal.ui.launchConfigurations.LaunchConfigurationsDialog.open(LaunchConfigurationsDialog.java:1229)
	at org.eclipse.debug.ui.DebugUITools.lambda$1(DebugUITools.java:628)
	at org.eclipse.swt.custom.BusyIndicator.showWhile(BusyIndicator.java:67)
	at org.eclipse.debug.ui.DebugUITools.openLaunchConfigurationDialogOnGroup(DebugUITools.java:634)
	at org.eclipse.debug.ui.DebugUITools.openLaunchConfigurationDialogOnGroup(DebugUITools.java:572)
	at org.eclipse.debug.ui.actions.OpenLaunchDialogAction.run(OpenLaunchDialogAction.java:85)
	at org.eclipse.debug.ui.actions.OpenLaunchDialogAction.runWithEvent(OpenLaunchDialogAction.java:91)
	at org.eclipse.ui.internal.PluginAction.runWithEvent(PluginAction.java:229)
	at org.eclipse.ui.internal.WWinPluginAction.runWithEvent(WWinPluginAction.java:218)
	at org.eclipse.jface.action.ActionContributionItem.handleWidgetSelection(ActionContributionItem.java:581)
	at org.eclipse.jface.action.ActionContributionItem.lambda$4(ActionContributionItem.java:415)
	at org.eclipse.swt.widgets.EventTable.sendEvent(EventTable.java:91)
	at org.eclipse.swt.widgets.Display.sendEvent(Display.java:4362)
	at org.eclipse.swt.widgets.Widget.sendEvent(Widget.java:1214)
	at org.eclipse.swt.widgets.Display.runDeferredEvents(Display.java:4160)
	at org.eclipse.swt.widgets.Display.readAndDispatch(Display.java:3748)
	at org.eclipse.e4.ui.internal.workbench.swt.PartRenderingEngine$5.run(PartRenderingEngine.java:1151)
	at org.eclipse.core.databinding.observable.Realm.runWithDefault(Realm.java:339)
	at org.eclipse.e4.ui.internal.workbench.swt.PartRenderingEngine.run(PartRenderingEngine.java:1042)
	at org.eclipse.e4.ui.internal.workbench.E4Workbench.createAndRunUI(E4Workbench.java:153)
	at org.eclipse.ui.internal.Workbench.lambda$3(Workbench.java:678)
	at org.eclipse.core.databinding.observable.Realm.runWithDefault(Realm.java:339)
	at org.eclipse.ui.internal.Workbench.createAndRunWorkbench(Workbench.java:583)
	at org.eclipse.ui.PlatformUI.createAndRunWorkbench(PlatformUI.java:173)
	at org.eclipse.ui.internal.ide.application.IDEApplication.start(IDEApplication.java:185)
	at org.eclipse.equinox.internal.app.EclipseAppHandle.run(EclipseAppHandle.java:219)
	at org.eclipse.equinox.internal.app.MainApplicationLauncher.run(MainApplicationLauncher.java:37)
	at org.eclipse.core.runtime.internal.adaptor.EclipseAppLauncher.runApplication(EclipseAppLauncher.java:149)
	at org.eclipse.core.runtime.internal.adaptor.EclipseAppLauncher.start(EclipseAppLauncher.java:115)
	at org.eclipse.core.runtime.adaptor.EclipseStarter.run(EclipseStarter.java:467)
	at org.eclipse.core.runtime.adaptor.EclipseStarter.run(EclipseStarter.java:298)
	at java.base/jdk.internal.reflect.DirectMethodHandleAccessor.invoke(DirectMethodHandleAccessor.java:103)
	at java.base/java.lang.reflect.Method.invoke(Method.java:580)
	at org.eclipse.equinox.launcher.Main.invokeFramework(Main.java:627)
	at org.eclipse.equinox.launcher.Main.basicRun(Main.java:575)
	at org.eclipse.equinox.launcher.Main.run(Main.java:1431)
2026-04-16 20:27:58,276 [main] ERROR o.e.m.j.i.l.MavenLaunchConfigurationListener - Launch configuration AdminLogin (1) references non-existing project Library.
org.eclipse.core.runtime.CoreException: Launch configuration AdminLogin (1) references non-existing project Library.
	at org.eclipse.jdt.launching.JavaRuntime.abort(JavaRuntime.java:1871)
	at org.eclipse.jdt.launching.JavaRuntime.getJavaProject(JavaRuntime.java:1748)
	at org.eclipse.m2e.jdt.internal.launch.MavenLaunchConfigurationListener.updateLaunchConfiguration(MavenLaunchConfigurationListener.java:66)
	at org.eclipse.m2e.jdt.internal.launch.MavenLaunchConfigurationListener.launchConfigurationChanged(MavenLaunchConfigurationListener.java:52)
	at org.eclipse.debug.internal.core.LaunchManager$ConfigurationNotifier.run(LaunchManager.java:220)
	at org.eclipse.core.runtime.SafeRunner.run(SafeRunner.java:47)
	at org.eclipse.debug.internal.core.LaunchManager$ConfigurationNotifier.notify(LaunchManager.java:204)
	at org.eclipse.debug.internal.core.LaunchConfigurationWorkingCopy.setDirty(LaunchConfigurationWorkingCopy.java:527)
	at org.eclipse.debug.internal.core.LaunchConfigurationWorkingCopy.setAttribute(LaunchConfigurationWorkingCopy.java:415)
	at org.eclipse.jdt.debug.ui.launchConfigurations.JavaMainTab.performApply(JavaMainTab.java:228)
	at org.eclipse.debug.internal.ui.launchConfigurations.LaunchConfigurationTabGroupViewer.refresh(LaunchConfigurationTabGroupViewer.java:528)
	at org.eclipse.debug.internal.ui.launchConfigurations.LaunchConfigurationsDialog.updateButtons(LaunchConfigurationsDialog.java:1639)
	at org.eclipse.debug.internal.ui.launchConfigurations.LaunchConfigurationsDialog.handleLaunchConfigurationSelectionChanged(LaunchConfigurationsDialog.java:1050)
	at org.eclipse.debug.internal.ui.launchConfigurations.LaunchConfigurationsDialog.lambda$1(LaunchConfigurationsDialog.java:607)
	at org.eclipse.jface.viewers.StructuredViewer$3.run(StructuredViewer.java:819)
	at org.eclipse.core.runtime.SafeRunner.run(SafeRunner.java:47)
	at org.eclipse.jface.util.SafeRunnable.run(SafeRunnable.java:167)
	at org.eclipse.jface.viewers.StructuredViewer.firePostSelectionChanged(StructuredViewer.java:816)
	at org.eclipse.jface.viewers.ColumnViewer.firePostSelectionChanged(ColumnViewer.java:1051)
	at org.eclipse.jface.viewers.StructuredViewer.setSelection(StructuredViewer.java:1664)
	at org.eclipse.jface.viewers.TreeViewer.setSelection(TreeViewer.java:1091)
	at org.eclipse.jface.viewers.Viewer.setSelection(Viewer.java:375)
	at org.eclipse.debug.internal.ui.launchConfigurations.LaunchConfigurationsDialog.doInitialTreeSelection(LaunchConfigurationsDialog.java:653)
	at org.eclipse.debug.internal.ui.launchConfigurations.LaunchConfigurationsDialog.initializeContent(LaunchConfigurationsDialog.java:1176)
	at org.eclipse.debug.internal.ui.launchConfigurations.LaunchConfigurationsDialog.createContents(LaunchConfigurationsDialog.java:468)
	at org.eclipse.jface.window.Window.create(Window.java:431)
	at org.eclipse.jface.dialogs.Dialog.create(Dialog.java:1088)
	at org.eclipse.debug.internal.ui.launchConfigurations.LaunchConfigurationsDialog.create(LaunchConfigurationsDialog.java:377)
	at org.eclipse.jface.window.Window.open(Window.java:788)
	at org.eclipse.debug.internal.ui.launchConfigurations.LaunchConfigurationsDialog.open(LaunchConfigurationsDialog.java:1229)
	at org.eclipse.debug.ui.DebugUITools.lambda$1(DebugUITools.java:628)
	at org.eclipse.swt.custom.BusyIndicator.showWhile(BusyIndicator.java:67)
	at org.eclipse.debug.ui.DebugUITools.openLaunchConfigurationDialogOnGroup(DebugUITools.java:634)
	at org.eclipse.debug.ui.DebugUITools.openLaunchConfigurationDialogOnGroup(DebugUITools.java:572)
	at org.eclipse.debug.ui.actions.OpenLaunchDialogAction.run(OpenLaunchDialogAction.java:85)
	at org.eclipse.debug.ui.actions.OpenLaunchDialogAction.runWithEvent(OpenLaunchDialogAction.java:91)
	at org.eclipse.ui.internal.PluginAction.runWithEvent(PluginAction.java:229)
	at org.eclipse.ui.internal.WWinPluginAction.runWithEvent(WWinPluginAction.java:218)
	at org.eclipse.jface.action.ActionContributionItem.handleWidgetSelection(ActionContributionItem.java:581)
	at org.eclipse.jface.action.ActionContributionItem.lambda$4(ActionContributionItem.java:415)
	at org.eclipse.swt.widgets.EventTable.sendEvent(EventTable.java:91)
	at org.eclipse.swt.widgets.Display.sendEvent(Display.java:4362)
	at org.eclipse.swt.widgets.Widget.sendEvent(Widget.java:1214)
	at org.eclipse.swt.widgets.Display.runDeferredEvents(Display.java:4160)
	at org.eclipse.swt.widgets.Display.readAndDispatch(Display.java:3748)
	at org.eclipse.e4.ui.internal.workbench.swt.PartRenderingEngine$5.run(PartRenderingEngine.java:1151)
	at org.eclipse.core.databinding.observable.Realm.runWithDefault(Realm.java:339)
	at org.eclipse.e4.ui.internal.workbench.swt.PartRenderingEngine.run(PartRenderingEngine.java:1042)
	at org.eclipse.e4.ui.internal.workbench.E4Workbench.createAndRunUI(E4Workbench.java:153)
	at org.eclipse.ui.internal.Workbench.lambda$3(Workbench.java:678)
	at org.eclipse.core.databinding.observable.Realm.runWithDefault(Realm.java:339)
	at org.eclipse.ui.internal.Workbench.createAndRunWorkbench(Workbench.java:583)
	at org.eclipse.ui.PlatformUI.createAndRunWorkbench(PlatformUI.java:173)
	at org.eclipse.ui.internal.ide.application.IDEApplication.start(IDEApplication.java:185)
	at org.eclipse.equinox.internal.app.EclipseAppHandle.run(EclipseAppHandle.java:219)
	at org.eclipse.equinox.internal.app.MainApplicationLauncher.run(MainApplicationLauncher.java:37)
	at org.eclipse.core.runtime.internal.adaptor.EclipseAppLauncher.runApplication(EclipseAppLauncher.java:149)
	at org.eclipse.core.runtime.internal.adaptor.EclipseAppLauncher.start(EclipseAppLauncher.java:115)
	at org.eclipse.core.runtime.adaptor.EclipseStarter.run(EclipseStarter.java:467)
	at org.eclipse.core.runtime.adaptor.EclipseStarter.run(EclipseStarter.java:298)
	at java.base/jdk.internal.reflect.DirectMethodHandleAccessor.invoke(DirectMethodHandleAccessor.java:103)
	at java.base/java.lang.reflect.Method.invoke(Method.java:580)
	at org.eclipse.equinox.launcher.Main.invokeFramework(Main.java:627)
	at org.eclipse.equinox.launcher.Main.basicRun(Main.java:575)
	at org.eclipse.equinox.launcher.Main.run(Main.java:1431)
2026-04-16 20:27:58,280 [main] ERROR o.e.m.j.i.l.MavenLaunchConfigurationListener - Launch configuration AdminLogin (1) references non-existing project Library.
org.eclipse.core.runtime.CoreException: Launch configuration AdminLogin (1) references non-existing project Library.
	at org.eclipse.jdt.launching.JavaRuntime.abort(JavaRuntime.java:1871)
	at org.eclipse.jdt.launching.JavaRuntime.getJavaProject(JavaRuntime.java:1748)
	at org.eclipse.m2e.jdt.internal.launch.MavenLaunchConfigurationListener.updateLaunchConfiguration(MavenLaunchConfigurationListener.java:66)
	at org.eclipse.m2e.jdt.internal.launch.MavenLaunchConfigurationListener.launchConfigurationChanged(MavenLaunchConfigurationListener.java:52)
	at org.eclipse.debug.internal.core.LaunchManager$ConfigurationNotifier.run(LaunchManager.java:220)
	at org.eclipse.core.runtime.SafeRunner.run(SafeRunner.java:47)
	at org.eclipse.debug.internal.core.LaunchManager$ConfigurationNotifier.notify(LaunchManager.java:204)
	at org.eclipse.debug.internal.core.LaunchConfigurationWorkingCopy.setDirty(LaunchConfigurationWorkingCopy.java:527)
	at org.eclipse.debug.internal.core.LaunchConfigurationWorkingCopy.setAttribute(LaunchConfigurationWorkingCopy.java:415)
	at org.eclipse.jdt.debug.ui.launchConfigurations.JavaMainTab.performApply(JavaMainTab.java:229)
	at org.eclipse.debug.internal.ui.launchConfigurations.LaunchConfigurationTabGroupViewer.refresh(LaunchConfigurationTabGroupViewer.java:528)
	at org.eclipse.debug.internal.ui.launchConfigurations.LaunchConfigurationsDialog.updateButtons(LaunchConfigurationsDialog.java:1639)
	at org.eclipse.debug.internal.ui.launchConfigurations.LaunchConfigurationsDialog.handleLaunchConfigurationSelectionChanged(LaunchConfigurationsDialog.java:1050)
	at org.eclipse.debug.internal.ui.launchConfigurations.LaunchConfigurationsDialog.lambda$1(LaunchConfigurationsDialog.java:607)
	at org.eclipse.jface.viewers.StructuredViewer$3.run(StructuredViewer.java:819)
	at org.eclipse.core.runtime.SafeRunner.run(SafeRunner.java:47)
	at org.eclipse.jface.util.SafeRunnable.run(SafeRunnable.java:167)
	at org.eclipse.jface.viewers.StructuredViewer.firePostSelectionChanged(StructuredViewer.java:816)
	at org.eclipse.jface.viewers.ColumnViewer.firePostSelectionChanged(ColumnViewer.java:1051)
	at org.eclipse.jface.viewers.StructuredViewer.setSelection(StructuredViewer.java:1664)
	at org.eclipse.jface.viewers.TreeViewer.setSelection(TreeViewer.java:1091)
	at org.eclipse.jface.viewers.Viewer.setSelection(Viewer.java:375)
	at org.eclipse.debug.internal.ui.launchConfigurations.LaunchConfigurationsDialog.doInitialTreeSelection(LaunchConfigurationsDialog.java:653)
	at org.eclipse.debug.internal.ui.launchConfigurations.LaunchConfigurationsDialog.initializeContent(LaunchConfigurationsDialog.java:1176)
	at org.eclipse.debug.internal.ui.launchConfigurations.LaunchConfigurationsDialog.createContents(LaunchConfigurationsDialog.java:468)
	at org.eclipse.jface.window.Window.create(Window.java:431)
	at org.eclipse.jface.dialogs.Dialog.create(Dialog.java:1088)
	at org.eclipse.debug.internal.ui.launchConfigurations.LaunchConfigurationsDialog.create(LaunchConfigurationsDialog.java:377)
	at org.eclipse.jface.window.Window.open(Window.java:788)
	at org.eclipse.debug.internal.ui.launchConfigurations.LaunchConfigurationsDialog.open(LaunchConfigurationsDialog.java:1229)
	at org.eclipse.debug.ui.DebugUITools.lambda$1(DebugUITools.java:628)
	at org.eclipse.swt.custom.BusyIndicator.showWhile(BusyIndicator.java:67)
	at org.eclipse.debug.ui.DebugUITools.openLaunchConfigurationDialogOnGroup(DebugUITools.java:634)
	at org.eclipse.debug.ui.DebugUITools.openLaunchConfigurationDialogOnGroup(DebugUITools.java:572)
	at org.eclipse.debug.ui.actions.OpenLaunchDialogAction.run(OpenLaunchDialogAction.java:85)
	at org.eclipse.debug.ui.actions.OpenLaunchDialogAction.runWithEvent(OpenLaunchDialogAction.java:91)
	at org.eclipse.ui.internal.PluginAction.runWithEvent(PluginAction.java:229)
	at org.eclipse.ui.internal.WWinPluginAction.runWithEvent(WWinPluginAction.java:218)
	at org.eclipse.jface.action.ActionContributionItem.handleWidgetSelection(ActionContributionItem.java:581)
	at org.eclipse.jface.action.ActionContributionItem.lambda$4(ActionContributionItem.java:415)
	at org.eclipse.swt.widgets.EventTable.sendEvent(EventTable.java:91)
	at org.eclipse.swt.widgets.Display.sendEvent(Display.java:4362)
	at org.eclipse.swt.widgets.Widget.sendEvent(Widget.java:1214)
	at org.eclipse.swt.widgets.Display.runDeferredEvents(Display.java:4160)
	at org.eclipse.swt.widgets.Display.readAndDispatch(Display.java:3748)
	at org.eclipse.e4.ui.internal.workbench.swt.PartRenderingEngine$5.run(PartRenderingEngine.java:1151)
	at org.eclipse.core.databinding.observable.Realm.runWithDefault(Realm.java:339)
	at org.eclipse.e4.ui.internal.workbench.swt.PartRenderingEngine.run(PartRenderingEngine.java:1042)
	at org.eclipse.e4.ui.internal.workbench.E4Workbench.createAndRunUI(E4Workbench.java:153)
	at org.eclipse.ui.internal.Workbench.lambda$3(Workbench.java:678)
	at org.eclipse.core.databinding.observable.Realm.runWithDefault(Realm.java:339)
	at org.eclipse.ui.internal.Workbench.createAndRunWorkbench(Workbench.java:583)
	at org.eclipse.ui.PlatformUI.createAndRunWorkbench(PlatformUI.java:173)
	at org.eclipse.ui.internal.ide.application.IDEApplication.start(IDEApplication.java:185)
	at org.eclipse.equinox.internal.app.EclipseAppHandle.run(EclipseAppHandle.java:219)
	at org.eclipse.equinox.internal.app.MainApplicationLauncher.run(MainApplicationLauncher.java:37)
	at org.eclipse.core.runtime.internal.adaptor.EclipseAppLauncher.runApplication(EclipseAppLauncher.java:149)
	at org.eclipse.core.runtime.internal.adaptor.EclipseAppLauncher.start(EclipseAppLauncher.java:115)
	at org.eclipse.core.runtime.adaptor.EclipseStarter.run(EclipseStarter.java:467)
	at org.eclipse.core.runtime.adaptor.EclipseStarter.run(EclipseStarter.java:298)
	at java.base/jdk.internal.reflect.DirectMethodHandleAccessor.invoke(DirectMethodHandleAccessor.java:103)
	at java.base/java.lang.reflect.Method.invoke(Method.java:580)
	at org.eclipse.equinox.launcher.Main.invokeFramework(Main.java:627)
	at org.eclipse.equinox.launcher.Main.basicRun(Main.java:575)
	at org.eclipse.equinox.launcher.Main.run(Main.java:1431)
2026-04-16 20:27:58,283 [main] ERROR o.e.m.j.i.l.MavenLaunchConfigurationListener - Launch configuration AdminLogin (1) references non-existing project Library.
org.eclipse.core.runtime.CoreException: Launch configuration AdminLogin (1) references non-existing project Library.
	at org.eclipse.jdt.launching.JavaRuntime.abort(JavaRuntime.java:1871)
	at org.eclipse.jdt.launching.JavaRuntime.getJavaProject(JavaRuntime.java:1748)
	at org.eclipse.m2e.jdt.internal.launch.MavenLaunchConfigurationListener.updateLaunchConfiguration(MavenLaunchConfigurationListener.java:66)
	at org.eclipse.m2e.jdt.internal.launch.MavenLaunchConfigurationListener.launchConfigurationChanged(MavenLaunchConfigurationListener.java:52)
	at org.eclipse.debug.internal.core.LaunchManager$ConfigurationNotifier.run(LaunchManager.java:220)
	at org.eclipse.core.runtime.SafeRunner.run(SafeRunner.java:47)
	at org.eclipse.debug.internal.core.LaunchManager$ConfigurationNotifier.notify(LaunchManager.java:204)
	at org.eclipse.debug.internal.core.LaunchConfigurationWorkingCopy.setDirty(LaunchConfigurationWorkingCopy.java:527)
	at org.eclipse.debug.internal.core.LaunchConfigurationWorkingCopy.setAttribute(LaunchConfigurationWorkingCopy.java:415)
	at org.eclipse.jdt.debug.ui.launchConfigurations.JavaMainTab.performApply(JavaMainTab.java:230)
	at org.eclipse.debug.internal.ui.launchConfigurations.LaunchConfigurationTabGroupViewer.refresh(LaunchConfigurationTabGroupViewer.java:528)
	at org.eclipse.debug.internal.ui.launchConfigurations.LaunchConfigurationsDialog.updateButtons(LaunchConfigurationsDialog.java:1639)
	at org.eclipse.debug.internal.ui.launchConfigurations.LaunchConfigurationsDialog.handleLaunchConfigurationSelectionChanged(LaunchConfigurationsDialog.java:1050)
	at org.eclipse.debug.internal.ui.launchConfigurations.LaunchConfigurationsDialog.lambda$1(LaunchConfigurationsDialog.java:607)
	at org.eclipse.jface.viewers.StructuredViewer$3.run(StructuredViewer.java:819)
	at org.eclipse.core.runtime.SafeRunner.run(SafeRunner.java:47)
	at org.eclipse.jface.util.SafeRunnable.run(SafeRunnable.java:167)
	at org.eclipse.jface.viewers.StructuredViewer.firePostSelectionChanged(StructuredViewer.java:816)
	at org.eclipse.jface.viewers.ColumnViewer.firePostSelectionChanged(ColumnViewer.java:1051)
	at org.eclipse.jface.viewers.StructuredViewer.setSelection(StructuredViewer.java:1664)
	at org.eclipse.jface.viewers.TreeViewer.setSelection(TreeViewer.java:1091)
	at org.eclipse.jface.viewers.Viewer.setSelection(Viewer.java:375)
	at org.eclipse.debug.internal.ui.launchConfigurations.LaunchConfigurationsDialog.doInitialTreeSelection(LaunchConfigurationsDialog.java:653)
	at org.eclipse.debug.internal.ui.launchConfigurations.LaunchConfigurationsDialog.initializeContent(LaunchConfigurationsDialog.java:1176)
	at org.eclipse.debug.internal.ui.launchConfigurations.LaunchConfigurationsDialog.createContents(LaunchConfigurationsDialog.java:468)
	at org.eclipse.jface.window.Window.create(Window.java:431)
	at org.eclipse.jface.dialogs.Dialog.create(Dialog.java:1088)
	at org.eclipse.debug.internal.ui.launchConfigurations.LaunchConfigurationsDialog.create(LaunchConfigurationsDialog.java:377)
	at org.eclipse.jface.window.Window.open(Window.java:788)
	at org.eclipse.debug.internal.ui.launchConfigurations.LaunchConfigurationsDialog.open(LaunchConfigurationsDialog.java:1229)
	at org.eclipse.debug.ui.DebugUITools.lambda$1(DebugUITools.java:628)
	at org.eclipse.swt.custom.BusyIndicator.showWhile(BusyIndicator.java:67)
	at org.eclipse.debug.ui.DebugUITools.openLaunchConfigurationDialogOnGroup(DebugUITools.java:634)
	at org.eclipse.debug.ui.DebugUITools.openLaunchConfigurationDialogOnGroup(DebugUITools.java:572)
	at org.eclipse.debug.ui.actions.OpenLaunchDialogAction.run(OpenLaunchDialogAction.java:85)
	at org.eclipse.debug.ui.actions.OpenLaunchDialogAction.runWithEvent(OpenLaunchDialogAction.java:91)
	at org.eclipse.ui.internal.PluginAction.runWithEvent(PluginAction.java:229)
	at org.eclipse.ui.internal.WWinPluginAction.runWithEvent(WWinPluginAction.java:218)
	at org.eclipse.jface.action.ActionContributionItem.handleWidgetSelection(ActionContributionItem.java:581)
	at org.eclipse.jface.action.ActionContributionItem.lambda$4(ActionContributionItem.java:415)
	at org.eclipse.swt.widgets.EventTable.sendEvent(EventTable.java:91)
	at org.eclipse.swt.widgets.Display.sendEvent(Display.java:4362)
	at org.eclipse.swt.widgets.Widget.sendEvent(Widget.java:1214)
	at org.eclipse.swt.widgets.Display.runDeferredEvents(Display.java:4160)
	at org.eclipse.swt.widgets.Display.readAndDispatch(Display.java:3748)
	at org.eclipse.e4.ui.internal.workbench.swt.PartRenderingEngine$5.run(PartRenderingEngine.java:1151)
	at org.eclipse.core.databinding.observable.Realm.runWithDefault(Realm.java:339)
	at org.eclipse.e4.ui.internal.workbench.swt.PartRenderingEngine.run(PartRenderingEngine.java:1042)
	at org.eclipse.e4.ui.internal.workbench.E4Workbench.createAndRunUI(E4Workbench.java:153)
	at org.eclipse.ui.internal.Workbench.lambda$3(Workbench.java:678)
	at org.eclipse.core.databinding.observable.Realm.runWithDefault(Realm.java:339)
	at org.eclipse.ui.internal.Workbench.createAndRunWorkbench(Workbench.java:583)
	at org.eclipse.ui.PlatformUI.createAndRunWorkbench(PlatformUI.java:173)
	at org.eclipse.ui.internal.ide.application.IDEApplication.start(IDEApplication.java:185)
	at org.eclipse.equinox.internal.app.EclipseAppHandle.run(EclipseAppHandle.java:219)
	at org.eclipse.equinox.internal.app.MainApplicationLauncher.run(MainApplicationLauncher.java:37)
	at org.eclipse.core.runtime.internal.adaptor.EclipseAppLauncher.runApplication(EclipseAppLauncher.java:149)
	at org.eclipse.core.runtime.internal.adaptor.EclipseAppLauncher.start(EclipseAppLauncher.java:115)
	at org.eclipse.core.runtime.adaptor.EclipseStarter.run(EclipseStarter.java:467)
	at org.eclipse.core.runtime.adaptor.EclipseStarter.run(EclipseStarter.java:298)
	at java.base/jdk.internal.reflect.DirectMethodHandleAccessor.invoke(DirectMethodHandleAccessor.java:103)
	at java.base/java.lang.reflect.Method.invoke(Method.java:580)
	at org.eclipse.equinox.launcher.Main.invokeFramework(Main.java:627)
	at org.eclipse.equinox.launcher.Main.basicRun(Main.java:575)
	at org.eclipse.equinox.launcher.Main.run(Main.java:1431)
2026-04-16 20:27:58,287 [main] ERROR o.e.m.j.i.l.MavenLaunchConfigurationListener - Launch configuration AdminLogin (1) references non-existing project Library.
org.eclipse.core.runtime.CoreException: Launch configuration AdminLogin (1) references non-existing project Library.
	at org.eclipse.jdt.launching.JavaRuntime.abort(JavaRuntime.java:1871)
	at org.eclipse.jdt.launching.JavaRuntime.getJavaProject(JavaRuntime.java:1748)
	at org.eclipse.m2e.jdt.internal.launch.MavenLaunchConfigurationListener.updateLaunchConfiguration(MavenLaunchConfigurationListener.java:66)
	at org.eclipse.m2e.jdt.internal.launch.MavenLaunchConfigurationListener.launchConfigurationChanged(MavenLaunchConfigurationListener.java:52)
	at org.eclipse.debug.internal.core.LaunchManager$ConfigurationNotifier.run(LaunchManager.java:220)
	at org.eclipse.core.runtime.SafeRunner.run(SafeRunner.java:47)
	at org.eclipse.debug.internal.core.LaunchManager$ConfigurationNotifier.notify(LaunchManager.java:204)
	at org.eclipse.debug.internal.core.LaunchConfigurationWorkingCopy.setDirty(LaunchConfigurationWorkingCopy.java:527)
	at org.eclipse.debug.internal.core.LaunchConfigurationWorkingCopy.setAttribute(LaunchConfigurationWorkingCopy.java:415)
	at org.eclipse.jdt.debug.ui.launchConfigurations.JavaMainTab.performApply(JavaMainTab.java:238)
	at org.eclipse.debug.internal.ui.launchConfigurations.LaunchConfigurationTabGroupViewer.refresh(LaunchConfigurationTabGroupViewer.java:528)
	at org.eclipse.debug.internal.ui.launchConfigurations.LaunchConfigurationsDialog.updateButtons(LaunchConfigurationsDialog.java:1639)
	at org.eclipse.debug.internal.ui.launchConfigurations.LaunchConfigurationsDialog.handleLaunchConfigurationSelectionChanged(LaunchConfigurationsDialog.java:1050)
	at org.eclipse.debug.internal.ui.launchConfigurations.LaunchConfigurationsDialog.lambda$1(LaunchConfigurationsDialog.java:607)
	at org.eclipse.jface.viewers.StructuredViewer$3.run(StructuredViewer.java:819)
	at org.eclipse.core.runtime.SafeRunner.run(SafeRunner.java:47)
	at org.eclipse.jface.util.SafeRunnable.run(SafeRunnable.java:167)
	at org.eclipse.jface.viewers.StructuredViewer.firePostSelectionChanged(StructuredViewer.java:816)
	at org.eclipse.jface.viewers.ColumnViewer.firePostSelectionChanged(ColumnViewer.java:1051)
	at org.eclipse.jface.viewers.StructuredViewer.setSelection(StructuredViewer.java:1664)
	at org.eclipse.jface.viewers.TreeViewer.setSelection(TreeViewer.java:1091)
	at org.eclipse.jface.viewers.Viewer.setSelection(Viewer.java:375)
	at org.eclipse.debug.internal.ui.launchConfigurations.LaunchConfigurationsDialog.doInitialTreeSelection(LaunchConfigurationsDialog.java:653)
	at org.eclipse.debug.internal.ui.launchConfigurations.LaunchConfigurationsDialog.initializeContent(LaunchConfigurationsDialog.java:1176)
	at org.eclipse.debug.internal.ui.launchConfigurations.LaunchConfigurationsDialog.createContents(LaunchConfigurationsDialog.java:468)
	at org.eclipse.jface.window.Window.create(Window.java:431)
	at org.eclipse.jface.dialogs.Dialog.create(Dialog.java:1088)
	at org.eclipse.debug.internal.ui.launchConfigurations.LaunchConfigurationsDialog.create(LaunchConfigurationsDialog.java:377)
	at org.eclipse.jface.window.Window.open(Window.java:788)
	at org.eclipse.debug.internal.ui.launchConfigurations.LaunchConfigurationsDialog.open(LaunchConfigurationsDialog.java:1229)
	at org.eclipse.debug.ui.DebugUITools.lambda$1(DebugUITools.java:628)
	at org.eclipse.swt.custom.BusyIndicator.showWhile(BusyIndicator.java:67)
	at org.eclipse.debug.ui.DebugUITools.openLaunchConfigurationDialogOnGroup(DebugUITools.java:634)
	at org.eclipse.debug.ui.DebugUITools.openLaunchConfigurationDialogOnGroup(DebugUITools.java:572)
	at org.eclipse.debug.ui.actions.OpenLaunchDialogAction.run(OpenLaunchDialogAction.java:85)
	at org.eclipse.debug.ui.actions.OpenLaunchDialogAction.runWithEvent(OpenLaunchDialogAction.java:91)
	at org.eclipse.ui.internal.PluginAction.runWithEvent(PluginAction.java:229)
	at org.eclipse.ui.internal.WWinPluginAction.runWithEvent(WWinPluginAction.java:218)
	at org.eclipse.jface.action.ActionContributionItem.handleWidgetSelection(ActionContributionItem.java:581)
	at org.eclipse.jface.action.ActionContributionItem.lambda$4(ActionContributionItem.java:415)
	at org.eclipse.swt.widgets.EventTable.sendEvent(EventTable.java:91)
	at org.eclipse.swt.widgets.Display.sendEvent(Display.java:4362)
	at org.eclipse.swt.widgets.Widget.sendEvent(Widget.java:1214)
	at org.eclipse.swt.widgets.Display.runDeferredEvents(Display.java:4160)
	at org.eclipse.swt.widgets.Display.readAndDispatch(Display.java:3748)
	at org.eclipse.e4.ui.internal.workbench.swt.PartRenderingEngine$5.run(PartRenderingEngine.java:1151)
	at org.eclipse.core.databinding.observable.Realm.runWithDefault(Realm.java:339)
	at org.eclipse.e4.ui.internal.workbench.swt.PartRenderingEngine.run(PartRenderingEngine.java:1042)
	at org.eclipse.e4.ui.internal.workbench.E4Workbench.createAndRunUI(E4Workbench.java:153)
	at org.eclipse.ui.internal.Workbench.lambda$3(Workbench.java:678)
	at org.eclipse.core.databinding.observable.Realm.runWithDefault(Realm.java:339)
	at org.eclipse.ui.internal.Workbench.createAndRunWorkbench(Workbench.java:583)
	at org.eclipse.ui.PlatformUI.createAndRunWorkbench(PlatformUI.java:173)
	at org.eclipse.ui.internal.ide.application.IDEApplication.start(IDEApplication.java:185)
	at org.eclipse.equinox.internal.app.EclipseAppHandle.run(EclipseAppHandle.java:219)
	at org.eclipse.equinox.internal.app.MainApplicationLauncher.run(MainApplicationLauncher.java:37)
	at org.eclipse.core.runtime.internal.adaptor.EclipseAppLauncher.runApplication(EclipseAppLauncher.java:149)
	at org.eclipse.core.runtime.internal.adaptor.EclipseAppLauncher.start(EclipseAppLauncher.java:115)
	at org.eclipse.core.runtime.adaptor.EclipseStarter.run(EclipseStarter.java:467)
	at org.eclipse.core.runtime.adaptor.EclipseStarter.run(EclipseStarter.java:298)
	at java.base/jdk.internal.reflect.DirectMethodHandleAccessor.invoke(DirectMethodHandleAccessor.java:103)
	at java.base/java.lang.reflect.Method.invoke(Method.java:580)
	at org.eclipse.equinox.launcher.Main.invokeFramework(Main.java:627)
	at org.eclipse.equinox.launcher.Main.basicRun(Main.java:575)
	at org.eclipse.equinox.launcher.Main.run(Main.java:1431)
2026-04-16 20:27:58,290 [main] ERROR o.e.m.j.i.l.MavenLaunchConfigurationListener - Launch configuration AdminLogin (1) references non-existing project Library.
org.eclipse.core.runtime.CoreException: Launch configuration AdminLogin (1) references non-existing project Library.
	at org.eclipse.jdt.launching.JavaRuntime.abort(JavaRuntime.java:1871)
	at org.eclipse.jdt.launching.JavaRuntime.getJavaProject(JavaRuntime.java:1748)
	at org.eclipse.m2e.jdt.internal.launch.MavenLaunchConfigurationListener.updateLaunchConfiguration(MavenLaunchConfigurationListener.java:66)
	at org.eclipse.m2e.jdt.internal.launch.MavenLaunchConfigurationListener.launchConfigurationChanged(MavenLaunchConfigurationListener.java:52)
	at org.eclipse.debug.internal.core.LaunchManager$ConfigurationNotifier.run(LaunchManager.java:220)
	at org.eclipse.core.runtime.SafeRunner.run(SafeRunner.java:47)
	at org.eclipse.debug.internal.core.LaunchManager$ConfigurationNotifier.notify(LaunchManager.java:204)
	at org.eclipse.debug.internal.core.LaunchConfigurationWorkingCopy.setDirty(LaunchConfigurationWorkingCopy.java:527)
	at org.eclipse.debug.internal.core.LaunchConfigurationWorkingCopy.setAttribute(LaunchConfigurationWorkingCopy.java:415)
	at org.eclipse.jdt.debug.ui.launchConfigurations.JavaMainTab.performApply(JavaMainTab.java:246)
	at org.eclipse.debug.internal.ui.launchConfigurations.LaunchConfigurationTabGroupViewer.refresh(LaunchConfigurationTabGroupViewer.java:528)
	at org.eclipse.debug.internal.ui.launchConfigurations.LaunchConfigurationsDialog.updateButtons(LaunchConfigurationsDialog.java:1639)
	at org.eclipse.debug.internal.ui.launchConfigurations.LaunchConfigurationsDialog.handleLaunchConfigurationSelectionChanged(LaunchConfigurationsDialog.java:1050)
	at org.eclipse.debug.internal.ui.launchConfigurations.LaunchConfigurationsDialog.lambda$1(LaunchConfigurationsDialog.java:607)
	at org.eclipse.jface.viewers.StructuredViewer$3.run(StructuredViewer.java:819)
	at org.eclipse.core.runtime.SafeRunner.run(SafeRunner.java:47)
	at org.eclipse.jface.util.SafeRunnable.run(SafeRunnable.java:167)
	at org.eclipse.jface.viewers.StructuredViewer.firePostSelectionChanged(StructuredViewer.java:816)
	at org.eclipse.jface.viewers.ColumnViewer.firePostSelectionChanged(ColumnViewer.java:1051)
	at org.eclipse.jface.viewers.StructuredViewer.setSelection(StructuredViewer.java:1664)
	at org.eclipse.jface.viewers.TreeViewer.setSelection(TreeViewer.java:1091)
	at org.eclipse.jface.viewers.Viewer.setSelection(Viewer.java:375)
	at org.eclipse.debug.internal.ui.launchConfigurations.LaunchConfigurationsDialog.doInitialTreeSelection(LaunchConfigurationsDialog.java:653)
	at org.eclipse.debug.internal.ui.launchConfigurations.LaunchConfigurationsDialog.initializeContent(LaunchConfigurationsDialog.java:1176)
	at org.eclipse.debug.internal.ui.launchConfigurations.LaunchConfigurationsDialog.createContents(LaunchConfigurationsDialog.java:468)
	at org.eclipse.jface.window.Window.create(Window.java:431)
	at org.eclipse.jface.dialogs.Dialog.create(Dialog.java:1088)
	at org.eclipse.debug.internal.ui.launchConfigurations.LaunchConfigurationsDialog.create(LaunchConfigurationsDialog.java:377)
	at org.eclipse.jface.window.Window.open(Window.java:788)
	at org.eclipse.debug.internal.ui.launchConfigurations.LaunchConfigurationsDialog.open(LaunchConfigurationsDialog.java:1229)
	at org.eclipse.debug.ui.DebugUITools.lambda$1(DebugUITools.java:628)
	at org.eclipse.swt.custom.BusyIndicator.showWhile(BusyIndicator.java:67)
	at org.eclipse.debug.ui.DebugUITools.openLaunchConfigurationDialogOnGroup(DebugUITools.java:634)
	at org.eclipse.debug.ui.DebugUITools.openLaunchConfigurationDialogOnGroup(DebugUITools.java:572)
	at org.eclipse.debug.ui.actions.OpenLaunchDialogAction.run(OpenLaunchDialogAction.java:85)
	at org.eclipse.debug.ui.actions.OpenLaunchDialogAction.runWithEvent(OpenLaunchDialogAction.java:91)
	at org.eclipse.ui.internal.PluginAction.runWithEvent(PluginAction.java:229)
	at org.eclipse.ui.internal.WWinPluginAction.runWithEvent(WWinPluginAction.java:218)
	at org.eclipse.jface.action.ActionContributionItem.handleWidgetSelection(ActionContributionItem.java:581)
	at org.eclipse.jface.action.ActionContributionItem.lambda$4(ActionContributionItem.java:415)
	at org.eclipse.swt.widgets.EventTable.sendEvent(EventTable.java:91)
	at org.eclipse.swt.widgets.Display.sendEvent(Display.java:4362)
	at org.eclipse.swt.widgets.Widget.sendEvent(Widget.java:1214)
	at org.eclipse.swt.widgets.Display.runDeferredEvents(Display.java:4160)
	at org.eclipse.swt.widgets.Display.readAndDispatch(Display.java:3748)
	at org.eclipse.e4.ui.internal.workbench.swt.PartRenderingEngine$5.run(PartRenderingEngine.java:1151)
	at org.eclipse.core.databinding.observable.Realm.runWithDefault(Realm.java:339)
	at org.eclipse.e4.ui.internal.workbench.swt.PartRenderingEngine.run(PartRenderingEngine.java:1042)
	at org.eclipse.e4.ui.internal.workbench.E4Workbench.createAndRunUI(E4Workbench.java:153)
	at org.eclipse.ui.internal.Workbench.lambda$3(Workbench.java:678)
	at org.eclipse.core.databinding.observable.Realm.runWithDefault(Realm.java:339)
	at org.eclipse.ui.internal.Workbench.createAndRunWorkbench(Workbench.java:583)
	at org.eclipse.ui.PlatformUI.createAndRunWorkbench(PlatformUI.java:173)
	at org.eclipse.ui.internal.ide.application.IDEApplication.start(IDEApplication.java:185)
	at org.eclipse.equinox.internal.app.EclipseAppHandle.run(EclipseAppHandle.java:219)
	at org.eclipse.equinox.internal.app.MainApplicationLauncher.run(MainApplicationLauncher.java:37)
	at org.eclipse.core.runtime.internal.adaptor.EclipseAppLauncher.runApplication(EclipseAppLauncher.java:149)
	at org.eclipse.core.runtime.internal.adaptor.EclipseAppLauncher.start(EclipseAppLauncher.java:115)
	at org.eclipse.core.runtime.adaptor.EclipseStarter.run(EclipseStarter.java:467)
	at org.eclipse.core.runtime.adaptor.EclipseStarter.run(EclipseStarter.java:298)
	at java.base/jdk.internal.reflect.DirectMethodHandleAccessor.invoke(DirectMethodHandleAccessor.java:103)
	at java.base/java.lang.reflect.Method.invoke(Method.java:580)
	at org.eclipse.equinox.launcher.Main.invokeFramework(Main.java:627)
	at org.eclipse.equinox.launcher.Main.basicRun(Main.java:575)
	at org.eclipse.equinox.launcher.Main.run(Main.java:1431)
2026-04-16 20:27:58,294 [main] ERROR o.e.m.j.i.l.MavenLaunchConfigurationListener - Launch configuration AdminLogin (1) references non-existing project Library.
org.eclipse.core.runtime.CoreException: Launch configuration AdminLogin (1) references non-existing project Library.
	at org.eclipse.jdt.launching.JavaRuntime.abort(JavaRuntime.java:1871)
	at org.eclipse.jdt.launching.JavaRuntime.getJavaProject(JavaRuntime.java:1748)
	at org.eclipse.m2e.jdt.internal.launch.MavenLaunchConfigurationListener.updateLaunchConfiguration(MavenLaunchConfigurationListener.java:66)
	at org.eclipse.m2e.jdt.internal.launch.MavenLaunchConfigurationListener.launchConfigurationChanged(MavenLaunchConfigurationListener.java:52)
	at org.eclipse.debug.internal.core.LaunchManager$ConfigurationNotifier.run(LaunchManager.java:220)
	at org.eclipse.core.runtime.SafeRunner.run(SafeRunner.java:47)
	at org.eclipse.debug.internal.core.LaunchManager$ConfigurationNotifier.notify(LaunchManager.java:204)
	at org.eclipse.debug.internal.core.LaunchConfigurationWorkingCopy.setDirty(LaunchConfigurationWorkingCopy.java:527)
	at org.eclipse.debug.internal.core.LaunchConfigurationWorkingCopy.setAttribute(LaunchConfigurationWorkingCopy.java:415)
	at org.eclipse.jdt.debug.ui.launchConfigurations.JavaMainTab.performApply(JavaMainTab.java:254)
	at org.eclipse.debug.internal.ui.launchConfigurations.LaunchConfigurationTabGroupViewer.refresh(LaunchConfigurationTabGroupViewer.java:528)
	at org.eclipse.debug.internal.ui.launchConfigurations.LaunchConfigurationsDialog.updateButtons(LaunchConfigurationsDialog.java:1639)
	at org.eclipse.debug.internal.ui.launchConfigurations.LaunchConfigurationsDialog.handleLaunchConfigurationSelectionChanged(LaunchConfigurationsDialog.java:1050)
	at org.eclipse.debug.internal.ui.launchConfigurations.LaunchConfigurationsDialog.lambda$1(LaunchConfigurationsDialog.java:607)
	at org.eclipse.jface.viewers.StructuredViewer$3.run(StructuredViewer.java:819)
	at org.eclipse.core.runtime.SafeRunner.run(SafeRunner.java:47)
	at org.eclipse.jface.util.SafeRunnable.run(SafeRunnable.java:167)
	at org.eclipse.jface.viewers.StructuredViewer.firePostSelectionChanged(StructuredViewer.java:816)
	at org.eclipse.jface.viewers.ColumnViewer.firePostSelectionChanged(ColumnViewer.java:1051)
	at org.eclipse.jface.viewers.StructuredViewer.setSelection(StructuredViewer.java:1664)
	at org.eclipse.jface.viewers.TreeViewer.setSelection(TreeViewer.java:1091)
	at org.eclipse.jface.viewers.Viewer.setSelection(Viewer.java:375)
	at org.eclipse.debug.internal.ui.launchConfigurations.LaunchConfigurationsDialog.doInitialTreeSelection(LaunchConfigurationsDialog.java:653)
	at org.eclipse.debug.internal.ui.launchConfigurations.LaunchConfigurationsDialog.initializeContent(LaunchConfigurationsDialog.java:1176)
	at org.eclipse.debug.internal.ui.launchConfigurations.LaunchConfigurationsDialog.createContents(LaunchConfigurationsDialog.java:468)
	at org.eclipse.jface.window.Window.create(Window.java:431)
	at org.eclipse.jface.dialogs.Dialog.create(Dialog.java:1088)
	at org.eclipse.debug.internal.ui.launchConfigurations.LaunchConfigurationsDialog.create(LaunchConfigurationsDialog.java:377)
	at org.eclipse.jface.window.Window.open(Window.java:788)
	at org.eclipse.debug.internal.ui.launchConfigurations.LaunchConfigurationsDialog.open(LaunchConfigurationsDialog.java:1229)
	at org.eclipse.debug.ui.DebugUITools.lambda$1(DebugUITools.java:628)
	at org.eclipse.swt.custom.BusyIndicator.showWhile(BusyIndicator.java:67)
	at org.eclipse.debug.ui.DebugUITools.openLaunchConfigurationDialogOnGroup(DebugUITools.java:634)
	at org.eclipse.debug.ui.DebugUITools.openLaunchConfigurationDialogOnGroup(DebugUITools.java:572)
	at org.eclipse.debug.ui.actions.OpenLaunchDialogAction.run(OpenLaunchDialogAction.java:85)
	at org.eclipse.debug.ui.actions.OpenLaunchDialogAction.runWithEvent(OpenLaunchDialogAction.java:91)
	at org.eclipse.ui.internal.PluginAction.runWithEvent(PluginAction.java:229)
	at org.eclipse.ui.internal.WWinPluginAction.runWithEvent(WWinPluginAction.java:218)
	at org.eclipse.jface.action.ActionContributionItem.handleWidgetSelection(ActionContributionItem.java:581)
	at org.eclipse.jface.action.ActionContributionItem.lambda$4(ActionContributionItem.java:415)
	at org.eclipse.swt.widgets.EventTable.sendEvent(EventTable.java:91)
	at org.eclipse.swt.widgets.Display.sendEvent(Display.java:4362)
	at org.eclipse.swt.widgets.Widget.sendEvent(Widget.java:1214)
	at org.eclipse.swt.widgets.Display.runDeferredEvents(Display.java:4160)
	at org.eclipse.swt.widgets.Display.readAndDispatch(Display.java:3748)
	at org.eclipse.e4.ui.internal.workbench.swt.PartRenderingEngine$5.run(PartRenderingEngine.java:1151)
	at org.eclipse.core.databinding.observable.Realm.runWithDefault(Realm.java:339)
	at org.eclipse.e4.ui.internal.workbench.swt.PartRenderingEngine.run(PartRenderingEngine.java:1042)
	at org.eclipse.e4.ui.internal.workbench.E4Workbench.createAndRunUI(E4Workbench.java:153)
	at org.eclipse.ui.internal.Workbench.lambda$3(Workbench.java:678)
	at org.eclipse.core.databinding.observable.Realm.runWithDefault(Realm.java:339)
	at org.eclipse.ui.internal.Workbench.createAndRunWorkbench(Workbench.java:583)
	at org.eclipse.ui.PlatformUI.createAndRunWorkbench(PlatformUI.java:173)
	at org.eclipse.ui.internal.ide.application.IDEApplication.start(IDEApplication.java:185)
	at org.eclipse.equinox.internal.app.EclipseAppHandle.run(EclipseAppHandle.java:219)
	at org.eclipse.equinox.internal.app.MainApplicationLauncher.run(MainApplicationLauncher.java:37)
	at org.eclipse.core.runtime.internal.adaptor.EclipseAppLauncher.runApplication(EclipseAppLauncher.java:149)
	at org.eclipse.core.runtime.internal.adaptor.EclipseAppLauncher.start(EclipseAppLauncher.java:115)
	at org.eclipse.core.runtime.adaptor.EclipseStarter.run(EclipseStarter.java:467)
	at org.eclipse.core.runtime.adaptor.EclipseStarter.run(EclipseStarter.java:298)
	at java.base/jdk.internal.reflect.DirectMethodHandleAccessor.invoke(DirectMethodHandleAccessor.java:103)
	at java.base/java.lang.reflect.Method.invoke(Method.java:580)
	at org.eclipse.equinox.launcher.Main.invokeFramework(Main.java:627)
	at org.eclipse.equinox.launcher.Main.basicRun(Main.java:575)
	at org.eclipse.equinox.launcher.Main.run(Main.java:1431)
2026-04-16 20:27:58,815 [main] ERROR o.e.m.j.i.l.MavenLaunchConfigurationListener - Launch configuration AdminLogin (1) references non-existing project Library.
org.eclipse.core.runtime.CoreException: Launch configuration AdminLogin (1) references non-existing project Library.
	at org.eclipse.jdt.launching.JavaRuntime.abort(JavaRuntime.java:1871)
	at org.eclipse.jdt.launching.JavaRuntime.getJavaProject(JavaRuntime.java:1748)
	at org.eclipse.m2e.jdt.internal.launch.MavenLaunchConfigurationListener.updateLaunchConfiguration(MavenLaunchConfigurationListener.java:66)
	at org.eclipse.m2e.jdt.internal.launch.MavenLaunchConfigurationListener.launchConfigurationChanged(MavenLaunchConfigurationListener.java:52)
	at org.eclipse.debug.internal.core.LaunchManager$ConfigurationNotifier.run(LaunchManager.java:220)
	at org.eclipse.core.runtime.SafeRunner.run(SafeRunner.java:47)
	at org.eclipse.debug.internal.core.LaunchManager$ConfigurationNotifier.notify(LaunchManager.java:204)
	at org.eclipse.debug.internal.core.LaunchConfigurationWorkingCopy.setDirty(LaunchConfigurationWorkingCopy.java:527)
	at org.eclipse.debug.internal.core.LaunchConfigurationWorkingCopy.setAttribute(LaunchConfigurationWorkingCopy.java:415)
	at org.eclipse.jdt.debug.ui.launchConfigurations.JavaMainTab.performApply(JavaMainTab.java:228)
	at org.eclipse.debug.internal.ui.launchConfigurations.LaunchConfigurationTabGroupViewer.refresh(LaunchConfigurationTabGroupViewer.java:528)
	at org.eclipse.debug.internal.ui.launchConfigurations.LaunchConfigurationsDialog.updateButtons(LaunchConfigurationsDialog.java:1639)
	at org.eclipse.debug.ui.AbstractLaunchConfigurationTab.updateLaunchConfigurationDialog(AbstractLaunchConfigurationTab.java:155)
	at org.eclipse.debug.ui.AbstractLaunchConfigurationTab$1.runInUIThread(AbstractLaunchConfigurationTab.java:513)
	at org.eclipse.ui.progress.UIJob.lambda$0(UIJob.java:148)
	at org.eclipse.swt.widgets.RunnableLock.run(RunnableLock.java:40)
	at org.eclipse.swt.widgets.Synchronizer.runAsyncMessages(Synchronizer.java:132)
	at org.eclipse.swt.widgets.Display.runAsyncMessages(Display.java:4135)
	at org.eclipse.swt.widgets.Display.readAndDispatch(Display.java:3751)
	at org.eclipse.jface.window.Window.runEventLoop(Window.java:823)
	at org.eclipse.jface.window.Window.open(Window.java:799)
	at org.eclipse.debug.internal.ui.launchConfigurations.LaunchConfigurationsDialog.open(LaunchConfigurationsDialog.java:1229)
	at org.eclipse.debug.ui.DebugUITools.lambda$1(DebugUITools.java:628)
	at org.eclipse.swt.custom.BusyIndicator.showWhile(BusyIndicator.java:67)
	at org.eclipse.debug.ui.DebugUITools.openLaunchConfigurationDialogOnGroup(DebugUITools.java:634)
	at org.eclipse.debug.ui.DebugUITools.openLaunchConfigurationDialogOnGroup(DebugUITools.java:572)
	at org.eclipse.debug.ui.actions.OpenLaunchDialogAction.run(OpenLaunchDialogAction.java:85)
	at org.eclipse.debug.ui.actions.OpenLaunchDialogAction.runWithEvent(OpenLaunchDialogAction.java:91)
	at org.eclipse.ui.internal.PluginAction.runWithEvent(PluginAction.java:229)
	at org.eclipse.ui.internal.WWinPluginAction.runWithEvent(WWinPluginAction.java:218)
	at org.eclipse.jface.action.ActionContributionItem.handleWidgetSelection(ActionContributionItem.java:581)
	at org.eclipse.jface.action.ActionContributionItem.lambda$4(ActionContributionItem.java:415)
	at org.eclipse.swt.widgets.EventTable.sendEvent(EventTable.java:91)
	at org.eclipse.swt.widgets.Display.sendEvent(Display.java:4362)
	at org.eclipse.swt.widgets.Widget.sendEvent(Widget.java:1214)
	at org.eclipse.swt.widgets.Display.runDeferredEvents(Display.java:4160)
	at org.eclipse.swt.widgets.Display.readAndDispatch(Display.java:3748)
	at org.eclipse.e4.ui.internal.workbench.swt.PartRenderingEngine$5.run(PartRenderingEngine.java:1151)
	at org.eclipse.core.databinding.observable.Realm.runWithDefault(Realm.java:339)
	at org.eclipse.e4.ui.internal.workbench.swt.PartRenderingEngine.run(PartRenderingEngine.java:1042)
	at org.eclipse.e4.ui.internal.workbench.E4Workbench.createAndRunUI(E4Workbench.java:153)
	at org.eclipse.ui.internal.Workbench.lambda$3(Workbench.java:678)
	at org.eclipse.core.databinding.observable.Realm.runWithDefault(Realm.java:339)
	at org.eclipse.ui.internal.Workbench.createAndRunWorkbench(Workbench.java:583)
	at org.eclipse.ui.PlatformUI.createAndRunWorkbench(PlatformUI.java:173)
	at org.eclipse.ui.internal.ide.application.IDEApplication.start(IDEApplication.java:185)
	at org.eclipse.equinox.internal.app.EclipseAppHandle.run(EclipseAppHandle.java:219)
	at org.eclipse.equinox.internal.app.MainApplicationLauncher.run(MainApplicationLauncher.java:37)
	at org.eclipse.core.runtime.internal.adaptor.EclipseAppLauncher.runApplication(EclipseAppLauncher.java:149)
	at org.eclipse.core.runtime.internal.adaptor.EclipseAppLauncher.start(EclipseAppLauncher.java:115)
	at org.eclipse.core.runtime.adaptor.EclipseStarter.run(EclipseStarter.java:467)
	at org.eclipse.core.runtime.adaptor.EclipseStarter.run(EclipseStarter.java:298)
	at java.base/jdk.internal.reflect.DirectMethodHandleAccessor.invoke(DirectMethodHandleAccessor.java:103)
	at java.base/java.lang.reflect.Method.invoke(Method.java:580)
	at org.eclipse.equinox.launcher.Main.invokeFramework(Main.java:627)
	at org.eclipse.equinox.launcher.Main.basicRun(Main.java:575)
	at org.eclipse.equinox.launcher.Main.run(Main.java:1431)
2026-04-16 20:27:58,818 [main] ERROR o.e.m.j.i.l.MavenLaunchConfigurationListener - Launch configuration AdminLogin (1) references non-existing project Library.
org.eclipse.core.runtime.CoreException: Launch configuration AdminLogin (1) references non-existing project Library.
	at org.eclipse.jdt.launching.JavaRuntime.abort(JavaRuntime.java:1871)
	at org.eclipse.jdt.launching.JavaRuntime.getJavaProject(JavaRuntime.java:1748)
	at org.eclipse.m2e.jdt.internal.launch.MavenLaunchConfigurationListener.updateLaunchConfiguration(MavenLaunchConfigurationListener.java:66)
	at org.eclipse.m2e.jdt.internal.launch.MavenLaunchConfigurationListener.launchConfigurationChanged(MavenLaunchConfigurationListener.java:52)
	at org.eclipse.debug.internal.core.LaunchManager$ConfigurationNotifier.run(LaunchManager.java:220)
	at org.eclipse.core.runtime.SafeRunner.run(SafeRunner.java:47)
	at org.eclipse.debug.internal.core.LaunchManager$ConfigurationNotifier.notify(LaunchManager.java:204)
	at org.eclipse.debug.internal.core.LaunchConfigurationWorkingCopy.setDirty(LaunchConfigurationWorkingCopy.java:527)
	at org.eclipse.debug.internal.core.LaunchConfigurationWorkingCopy.setAttribute(LaunchConfigurationWorkingCopy.java:415)
	at org.eclipse.jdt.debug.ui.launchConfigurations.JavaMainTab.performApply(JavaMainTab.java:229)
	at org.eclipse.debug.internal.ui.launchConfigurations.LaunchConfigurationTabGroupViewer.refresh(LaunchConfigurationTabGroupViewer.java:528)
	at org.eclipse.debug.internal.ui.launchConfigurations.LaunchConfigurationsDialog.updateButtons(LaunchConfigurationsDialog.java:1639)
	at org.eclipse.debug.ui.AbstractLaunchConfigurationTab.updateLaunchConfigurationDialog(AbstractLaunchConfigurationTab.java:155)
	at org.eclipse.debug.ui.AbstractLaunchConfigurationTab$1.runInUIThread(AbstractLaunchConfigurationTab.java:513)
	at org.eclipse.ui.progress.UIJob.lambda$0(UIJob.java:148)
	at org.eclipse.swt.widgets.RunnableLock.run(RunnableLock.java:40)
	at org.eclipse.swt.widgets.Synchronizer.runAsyncMessages(Synchronizer.java:132)
	at org.eclipse.swt.widgets.Display.runAsyncMessages(Display.java:4135)
	at org.eclipse.swt.widgets.Display.readAndDispatch(Display.java:3751)
	at org.eclipse.jface.window.Window.runEventLoop(Window.java:823)
	at org.eclipse.jface.window.Window.open(Window.java:799)
	at org.eclipse.debug.internal.ui.launchConfigurations.LaunchConfigurationsDialog.open(LaunchConfigurationsDialog.java:1229)
	at org.eclipse.debug.ui.DebugUITools.lambda$1(DebugUITools.java:628)
	at org.eclipse.swt.custom.BusyIndicator.showWhile(BusyIndicator.java:67)
	at org.eclipse.debug.ui.DebugUITools.openLaunchConfigurationDialogOnGroup(DebugUITools.java:634)
	at org.eclipse.debug.ui.DebugUITools.openLaunchConfigurationDialogOnGroup(DebugUITools.java:572)
	at org.eclipse.debug.ui.actions.OpenLaunchDialogAction.run(OpenLaunchDialogAction.java:85)
	at org.eclipse.debug.ui.actions.OpenLaunchDialogAction.runWithEvent(OpenLaunchDialogAction.java:91)
	at org.eclipse.ui.internal.PluginAction.runWithEvent(PluginAction.java:229)
	at org.eclipse.ui.internal.WWinPluginAction.runWithEvent(WWinPluginAction.java:218)
	at org.eclipse.jface.action.ActionContributionItem.handleWidgetSelection(ActionContributionItem.java:581)
	at org.eclipse.jface.action.ActionContributionItem.lambda$4(ActionContributionItem.java:415)
	at org.eclipse.swt.widgets.EventTable.sendEvent(EventTable.java:91)
	at org.eclipse.swt.widgets.Display.sendEvent(Display.java:4362)
	at org.eclipse.swt.widgets.Widget.sendEvent(Widget.java:1214)
	at org.eclipse.swt.widgets.Display.runDeferredEvents(Display.java:4160)
	at org.eclipse.swt.widgets.Display.readAndDispatch(Display.java:3748)
	at org.eclipse.e4.ui.internal.workbench.swt.PartRenderingEngine$5.run(PartRenderingEngine.java:1151)
	at org.eclipse.core.databinding.observable.Realm.runWithDefault(Realm.java:339)
	at org.eclipse.e4.ui.internal.workbench.swt.PartRenderingEngine.run(PartRenderingEngine.java:1042)
	at org.eclipse.e4.ui.internal.workbench.E4Workbench.createAndRunUI(E4Workbench.java:153)
	at org.eclipse.ui.internal.Workbench.lambda$3(Workbench.java:678)
	at org.eclipse.core.databinding.observable.Realm.runWithDefault(Realm.java:339)
	at org.eclipse.ui.internal.Workbench.createAndRunWorkbench(Workbench.java:583)
	at org.eclipse.ui.PlatformUI.createAndRunWorkbench(PlatformUI.java:173)
	at org.eclipse.ui.internal.ide.application.IDEApplication.start(IDEApplication.java:185)
	at org.eclipse.equinox.internal.app.EclipseAppHandle.run(EclipseAppHandle.java:219)
	at org.eclipse.equinox.internal.app.MainApplicationLauncher.run(MainApplicationLauncher.java:37)
	at org.eclipse.core.runtime.internal.adaptor.EclipseAppLauncher.runApplication(EclipseAppLauncher.java:149)
	at org.eclipse.core.runtime.internal.adaptor.EclipseAppLauncher.start(EclipseAppLauncher.java:115)
	at org.eclipse.core.runtime.adaptor.EclipseStarter.run(EclipseStarter.java:467)
	at org.eclipse.core.runtime.adaptor.EclipseStarter.run(EclipseStarter.java:298)
	at java.base/jdk.internal.reflect.DirectMethodHandleAccessor.invoke(DirectMethodHandleAccessor.java:103)
	at java.base/java.lang.reflect.Method.invoke(Method.java:580)
	at org.eclipse.equinox.launcher.Main.invokeFramework(Main.java:627)
	at org.eclipse.equinox.launcher.Main.basicRun(Main.java:575)
	at org.eclipse.equinox.launcher.Main.run(Main.java:1431)
2026-04-16 20:27:58,821 [main] ERROR o.e.m.j.i.l.MavenLaunchConfigurationListener - Launch configuration AdminLogin (1) references non-existing project Library.
org.eclipse.core.runtime.CoreException: Launch configuration AdminLogin (1) references non-existing project Library.
	at org.eclipse.jdt.launching.JavaRuntime.abort(JavaRuntime.java:1871)
	at org.eclipse.jdt.launching.JavaRuntime.getJavaProject(JavaRuntime.java:1748)
	at org.eclipse.m2e.jdt.internal.launch.MavenLaunchConfigurationListener.updateLaunchConfiguration(MavenLaunchConfigurationListener.java:66)
	at org.eclipse.m2e.jdt.internal.launch.MavenLaunchConfigurationListener.launchConfigurationChanged(MavenLaunchConfigurationListener.java:52)
	at org.eclipse.debug.internal.core.LaunchManager$ConfigurationNotifier.run(LaunchManager.java:220)
	at org.eclipse.core.runtime.SafeRunner.run(SafeRunner.java:47)
	at org.eclipse.debug.internal.core.LaunchManager$ConfigurationNotifier.notify(LaunchManager.java:204)
	at org.eclipse.debug.internal.core.LaunchConfigurationWorkingCopy.setDirty(LaunchConfigurationWorkingCopy.java:527)
	at org.eclipse.debug.internal.core.LaunchConfigurationWorkingCopy.setAttribute(LaunchConfigurationWorkingCopy.java:415)
	at org.eclipse.jdt.debug.ui.launchConfigurations.JavaMainTab.performApply(JavaMainTab.java:230)
	at org.eclipse.debug.internal.ui.launchConfigurations.LaunchConfigurationTabGroupViewer.refresh(LaunchConfigurationTabGroupViewer.java:528)
	at org.eclipse.debug.internal.ui.launchConfigurations.LaunchConfigurationsDialog.updateButtons(LaunchConfigurationsDialog.java:1639)
	at org.eclipse.debug.ui.AbstractLaunchConfigurationTab.updateLaunchConfigurationDialog(AbstractLaunchConfigurationTab.java:155)
	at org.eclipse.debug.ui.AbstractLaunchConfigurationTab$1.runInUIThread(AbstractLaunchConfigurationTab.java:513)
	at org.eclipse.ui.progress.UIJob.lambda$0(UIJob.java:148)
	at org.eclipse.swt.widgets.RunnableLock.run(RunnableLock.java:40)
	at org.eclipse.swt.widgets.Synchronizer.runAsyncMessages(Synchronizer.java:132)
	at org.eclipse.swt.widgets.Display.runAsyncMessages(Display.java:4135)
	at org.eclipse.swt.widgets.Display.readAndDispatch(Display.java:3751)
	at org.eclipse.jface.window.Window.runEventLoop(Window.java:823)
	at org.eclipse.jface.window.Window.open(Window.java:799)
	at org.eclipse.debug.internal.ui.launchConfigurations.LaunchConfigurationsDialog.open(LaunchConfigurationsDialog.java:1229)
	at org.eclipse.debug.ui.DebugUITools.lambda$1(DebugUITools.java:628)
	at org.eclipse.swt.custom.BusyIndicator.showWhile(BusyIndicator.java:67)
	at org.eclipse.debug.ui.DebugUITools.openLaunchConfigurationDialogOnGroup(DebugUITools.java:634)
	at org.eclipse.debug.ui.DebugUITools.openLaunchConfigurationDialogOnGroup(DebugUITools.java:572)
	at org.eclipse.debug.ui.actions.OpenLaunchDialogAction.run(OpenLaunchDialogAction.java:85)
	at org.eclipse.debug.ui.actions.OpenLaunchDialogAction.runWithEvent(OpenLaunchDialogAction.java:91)
	at org.eclipse.ui.internal.PluginAction.runWithEvent(PluginAction.java:229)
	at org.eclipse.ui.internal.WWinPluginAction.runWithEvent(WWinPluginAction.java:218)
	at org.eclipse.jface.action.ActionContributionItem.handleWidgetSelection(ActionContributionItem.java:581)
	at org.eclipse.jface.action.ActionContributionItem.lambda$4(ActionContributionItem.java:415)
	at org.eclipse.swt.widgets.EventTable.sendEvent(EventTable.java:91)
	at org.eclipse.swt.widgets.Display.sendEvent(Display.java:4362)
	at org.eclipse.swt.widgets.Widget.sendEvent(Widget.java:1214)
	at org.eclipse.swt.widgets.Display.runDeferredEvents(Display.java:4160)
	at org.eclipse.swt.widgets.Display.readAndDispatch(Display.java:3748)
	at org.eclipse.e4.ui.internal.workbench.swt.PartRenderingEngine$5.run(PartRenderingEngine.java:1151)
	at org.eclipse.core.databinding.observable.Realm.runWithDefault(Realm.java:339)
	at org.eclipse.e4.ui.internal.workbench.swt.PartRenderingEngine.run(PartRenderingEngine.java:1042)
	at org.eclipse.e4.ui.internal.workbench.E4Workbench.createAndRunUI(E4Workbench.java:153)
	at org.eclipse.ui.internal.Workbench.lambda$3(Workbench.java:678)
	at org.eclipse.core.databinding.observable.Realm.runWithDefault(Realm.java:339)
	at org.eclipse.ui.internal.Workbench.createAndRunWorkbench(Workbench.java:583)
	at org.eclipse.ui.PlatformUI.createAndRunWorkbench(PlatformUI.java:173)
	at org.eclipse.ui.internal.ide.application.IDEApplication.start(IDEApplication.java:185)
	at org.eclipse.equinox.internal.app.EclipseAppHandle.run(EclipseAppHandle.java:219)
	at org.eclipse.equinox.internal.app.MainApplicationLauncher.run(MainApplicationLauncher.java:37)
	at org.eclipse.core.runtime.internal.adaptor.EclipseAppLauncher.runApplication(EclipseAppLauncher.java:149)
	at org.eclipse.core.runtime.internal.adaptor.EclipseAppLauncher.start(EclipseAppLauncher.java:115)
	at org.eclipse.core.runtime.adaptor.EclipseStarter.run(EclipseStarter.java:467)
	at org.eclipse.core.runtime.adaptor.EclipseStarter.run(EclipseStarter.java:298)
	at java.base/jdk.internal.reflect.DirectMethodHandleAccessor.invoke(DirectMethodHandleAccessor.java:103)
	at java.base/java.lang.reflect.Method.invoke(Method.java:580)
	at org.eclipse.equinox.launcher.Main.invokeFramework(Main.java:627)
	at org.eclipse.equinox.launcher.Main.basicRun(Main.java:575)
	at org.eclipse.equinox.launcher.Main.run(Main.java:1431)
2026-04-16 20:27:58,824 [main] ERROR o.e.m.j.i.l.MavenLaunchConfigurationListener - Launch configuration AdminLogin (1) references non-existing project Library.
org.eclipse.core.runtime.CoreException: Launch configuration AdminLogin (1) references non-existing project Library.
	at org.eclipse.jdt.launching.JavaRuntime.abort(JavaRuntime.java:1871)
	at org.eclipse.jdt.launching.JavaRuntime.getJavaProject(JavaRuntime.java:1748)
	at org.eclipse.m2e.jdt.internal.launch.MavenLaunchConfigurationListener.updateLaunchConfiguration(MavenLaunchConfigurationListener.java:66)
	at org.eclipse.m2e.jdt.internal.launch.MavenLaunchConfigurationListener.launchConfigurationChanged(MavenLaunchConfigurationListener.java:52)
	at org.eclipse.debug.internal.core.LaunchManager$ConfigurationNotifier.run(LaunchManager.java:220)
	at org.eclipse.core.runtime.SafeRunner.run(SafeRunner.java:47)
	at org.eclipse.debug.internal.core.LaunchManager$ConfigurationNotifier.notify(LaunchManager.java:204)
	at org.eclipse.debug.internal.core.LaunchConfigurationWorkingCopy.setDirty(LaunchConfigurationWorkingCopy.java:527)
	at org.eclipse.debug.internal.core.LaunchConfigurationWorkingCopy.setAttribute(LaunchConfigurationWorkingCopy.java:415)
	at org.eclipse.jdt.debug.ui.launchConfigurations.JavaMainTab.performApply(JavaMainTab.java:238)
	at org.eclipse.debug.internal.ui.launchConfigurations.LaunchConfigurationTabGroupViewer.refresh(LaunchConfigurationTabGroupViewer.java:528)
	at org.eclipse.debug.internal.ui.launchConfigurations.LaunchConfigurationsDialog.updateButtons(LaunchConfigurationsDialog.java:1639)
	at org.eclipse.debug.ui.AbstractLaunchConfigurationTab.updateLaunchConfigurationDialog(AbstractLaunchConfigurationTab.java:155)
	at org.eclipse.debug.ui.AbstractLaunchConfigurationTab$1.runInUIThread(AbstractLaunchConfigurationTab.java:513)
	at org.eclipse.ui.progress.UIJob.lambda$0(UIJob.java:148)
	at org.eclipse.swt.widgets.RunnableLock.run(RunnableLock.java:40)
	at org.eclipse.swt.widgets.Synchronizer.runAsyncMessages(Synchronizer.java:132)
	at org.eclipse.swt.widgets.Display.runAsyncMessages(Display.java:4135)
	at org.eclipse.swt.widgets.Display.readAndDispatch(Display.java:3751)
	at org.eclipse.jface.window.Window.runEventLoop(Window.java:823)
	at org.eclipse.jface.window.Window.open(Window.java:799)
	at org.eclipse.debug.internal.ui.launchConfigurations.LaunchConfigurationsDialog.open(LaunchConfigurationsDialog.java:1229)
	at org.eclipse.debug.ui.DebugUITools.lambda$1(DebugUITools.java:628)
	at org.eclipse.swt.custom.BusyIndicator.showWhile(BusyIndicator.java:67)
	at org.eclipse.debug.ui.DebugUITools.openLaunchConfigurationDialogOnGroup(DebugUITools.java:634)
	at org.eclipse.debug.ui.DebugUITools.openLaunchConfigurationDialogOnGroup(DebugUITools.java:572)
	at org.eclipse.debug.ui.actions.OpenLaunchDialogAction.run(OpenLaunchDialogAction.java:85)
	at org.eclipse.debug.ui.actions.OpenLaunchDialogAction.runWithEvent(OpenLaunchDialogAction.java:91)
	at org.eclipse.ui.internal.PluginAction.runWithEvent(PluginAction.java:229)
	at org.eclipse.ui.internal.WWinPluginAction.runWithEvent(WWinPluginAction.java:218)
	at org.eclipse.jface.action.ActionContributionItem.handleWidgetSelection(ActionContributionItem.java:581)
	at org.eclipse.jface.action.ActionContributionItem.lambda$4(ActionContributionItem.java:415)
	at org.eclipse.swt.widgets.EventTable.sendEvent(EventTable.java:91)
	at org.eclipse.swt.widgets.Display.sendEvent(Display.java:4362)
	at org.eclipse.swt.widgets.Widget.sendEvent(Widget.java:1214)
	at org.eclipse.swt.widgets.Display.runDeferredEvents(Display.java:4160)
	at org.eclipse.swt.widgets.Display.readAndDispatch(Display.java:3748)
	at org.eclipse.e4.ui.internal.workbench.swt.PartRenderingEngine$5.run(PartRenderingEngine.java:1151)
	at org.eclipse.core.databinding.observable.Realm.runWithDefault(Realm.java:339)
	at org.eclipse.e4.ui.internal.workbench.swt.PartRenderingEngine.run(PartRenderingEngine.java:1042)
	at org.eclipse.e4.ui.internal.workbench.E4Workbench.createAndRunUI(E4Workbench.java:153)
	at org.eclipse.ui.internal.Workbench.lambda$3(Workbench.java:678)
	at org.eclipse.core.databinding.observable.Realm.runWithDefault(Realm.java:339)
	at org.eclipse.ui.internal.Workbench.createAndRunWorkbench(Workbench.java:583)
	at org.eclipse.ui.PlatformUI.createAndRunWorkbench(PlatformUI.java:173)
	at org.eclipse.ui.internal.ide.application.IDEApplication.start(IDEApplication.java:185)
	at org.eclipse.equinox.internal.app.EclipseAppHandle.run(EclipseAppHandle.java:219)
	at org.eclipse.equinox.internal.app.MainApplicationLauncher.run(MainApplicationLauncher.java:37)
	at org.eclipse.core.runtime.internal.adaptor.EclipseAppLauncher.runApplication(EclipseAppLauncher.java:149)
	at org.eclipse.core.runtime.internal.adaptor.EclipseAppLauncher.start(EclipseAppLauncher.java:115)
	at org.eclipse.core.runtime.adaptor.EclipseStarter.run(EclipseStarter.java:467)
	at org.eclipse.core.runtime.adaptor.EclipseStarter.run(EclipseStarter.java:298)
	at java.base/jdk.internal.reflect.DirectMethodHandleAccessor.invoke(DirectMethodHandleAccessor.java:103)
	at java.base/java.lang.reflect.Method.invoke(Method.java:580)
	at org.eclipse.equinox.launcher.Main.invokeFramework(Main.java:627)
	at org.eclipse.equinox.launcher.Main.basicRun(Main.java:575)
	at org.eclipse.equinox.launcher.Main.run(Main.java:1431)
2026-04-16 20:27:58,826 [main] ERROR o.e.m.j.i.l.MavenLaunchConfigurationListener - Launch configuration AdminLogin (1) references non-existing project Library.
org.eclipse.core.runtime.CoreException: Launch configuration AdminLogin (1) references non-existing project Library.
	at org.eclipse.jdt.launching.JavaRuntime.abort(JavaRuntime.java:1871)
	at org.eclipse.jdt.launching.JavaRuntime.getJavaProject(JavaRuntime.java:1748)
	at org.eclipse.m2e.jdt.internal.launch.MavenLaunchConfigurationListener.updateLaunchConfiguration(MavenLaunchConfigurationListener.java:66)
	at org.eclipse.m2e.jdt.internal.launch.MavenLaunchConfigurationListener.launchConfigurationChanged(MavenLaunchConfigurationListener.java:52)
	at org.eclipse.debug.internal.core.LaunchManager$ConfigurationNotifier.run(LaunchManager.java:220)
	at org.eclipse.core.runtime.SafeRunner.run(SafeRunner.java:47)
	at org.eclipse.debug.internal.core.LaunchManager$ConfigurationNotifier.notify(LaunchManager.java:204)
	at org.eclipse.debug.internal.core.LaunchConfigurationWorkingCopy.setDirty(LaunchConfigurationWorkingCopy.java:527)
	at org.eclipse.debug.internal.core.LaunchConfigurationWorkingCopy.setAttribute(LaunchConfigurationWorkingCopy.java:415)
	at org.eclipse.jdt.debug.ui.launchConfigurations.JavaMainTab.performApply(JavaMainTab.java:246)
	at org.eclipse.debug.internal.ui.launchConfigurations.LaunchConfigurationTabGroupViewer.refresh(LaunchConfigurationTabGroupViewer.java:528)
	at org.eclipse.debug.internal.ui.launchConfigurations.LaunchConfigurationsDialog.updateButtons(LaunchConfigurationsDialog.java:1639)
	at org.eclipse.debug.ui.AbstractLaunchConfigurationTab.updateLaunchConfigurationDialog(AbstractLaunchConfigurationTab.java:155)
	at org.eclipse.debug.ui.AbstractLaunchConfigurationTab$1.runInUIThread(AbstractLaunchConfigurationTab.java:513)
	at org.eclipse.ui.progress.UIJob.lambda$0(UIJob.java:148)
	at org.eclipse.swt.widgets.RunnableLock.run(RunnableLock.java:40)
	at org.eclipse.swt.widgets.Synchronizer.runAsyncMessages(Synchronizer.java:132)
	at org.eclipse.swt.widgets.Display.runAsyncMessages(Display.java:4135)
	at org.eclipse.swt.widgets.Display.readAndDispatch(Display.java:3751)
	at org.eclipse.jface.window.Window.runEventLoop(Window.java:823)
	at org.eclipse.jface.window.Window.open(Window.java:799)
	at org.eclipse.debug.internal.ui.launchConfigurations.LaunchConfigurationsDialog.open(LaunchConfigurationsDialog.java:1229)
	at org.eclipse.debug.ui.DebugUITools.lambda$1(DebugUITools.java:628)
	at org.eclipse.swt.custom.BusyIndicator.showWhile(BusyIndicator.java:67)
	at org.eclipse.debug.ui.DebugUITools.openLaunchConfigurationDialogOnGroup(DebugUITools.java:634)
	at org.eclipse.debug.ui.DebugUITools.openLaunchConfigurationDialogOnGroup(DebugUITools.java:572)
	at org.eclipse.debug.ui.actions.OpenLaunchDialogAction.run(OpenLaunchDialogAction.java:85)
	at org.eclipse.debug.ui.actions.OpenLaunchDialogAction.runWithEvent(OpenLaunchDialogAction.java:91)
	at org.eclipse.ui.internal.PluginAction.runWithEvent(PluginAction.java:229)
	at org.eclipse.ui.internal.WWinPluginAction.runWithEvent(WWinPluginAction.java:218)
	at org.eclipse.jface.action.ActionContributionItem.handleWidgetSelection(ActionContributionItem.java:581)
	at org.eclipse.jface.action.ActionContributionItem.lambda$4(ActionContributionItem.java:415)
	at org.eclipse.swt.widgets.EventTable.sendEvent(EventTable.java:91)
	at org.eclipse.swt.widgets.Display.sendEvent(Display.java:4362)
	at org.eclipse.swt.widgets.Widget.sendEvent(Widget.java:1214)
	at org.eclipse.swt.widgets.Display.runDeferredEvents(Display.java:4160)
	at org.eclipse.swt.widgets.Display.readAndDispatch(Display.java:3748)
	at org.eclipse.e4.ui.internal.workbench.swt.PartRenderingEngine$5.run(PartRenderingEngine.java:1151)
	at org.eclipse.core.databinding.observable.Realm.runWithDefault(Realm.java:339)
	at org.eclipse.e4.ui.internal.workbench.swt.PartRenderingEngine.run(PartRenderingEngine.java:1042)
	at org.eclipse.e4.ui.internal.workbench.E4Workbench.createAndRunUI(E4Workbench.java:153)
	at org.eclipse.ui.internal.Workbench.lambda$3(Workbench.java:678)
	at org.eclipse.core.databinding.observable.Realm.runWithDefault(Realm.java:339)
	at org.eclipse.ui.internal.Workbench.createAndRunWorkbench(Workbench.java:583)
	at org.eclipse.ui.PlatformUI.createAndRunWorkbench(PlatformUI.java:173)
	at org.eclipse.ui.internal.ide.application.IDEApplication.start(IDEApplication.java:185)
	at org.eclipse.equinox.internal.app.EclipseAppHandle.run(EclipseAppHandle.java:219)
	at org.eclipse.equinox.internal.app.MainApplicationLauncher.run(MainApplicationLauncher.java:37)
	at org.eclipse.core.runtime.internal.adaptor.EclipseAppLauncher.runApplication(EclipseAppLauncher.java:149)
	at org.eclipse.core.runtime.internal.adaptor.EclipseAppLauncher.start(EclipseAppLauncher.java:115)
	at org.eclipse.core.runtime.adaptor.EclipseStarter.run(EclipseStarter.java:467)
	at org.eclipse.core.runtime.adaptor.EclipseStarter.run(EclipseStarter.java:298)
	at java.base/jdk.internal.reflect.DirectMethodHandleAccessor.invoke(DirectMethodHandleAccessor.java:103)
	at java.base/java.lang.reflect.Method.invoke(Method.java:580)
	at org.eclipse.equinox.launcher.Main.invokeFramework(Main.java:627)
	at org.eclipse.equinox.launcher.Main.basicRun(Main.java:575)
	at org.eclipse.equinox.launcher.Main.run(Main.java:1431)
2026-04-16 20:27:58,829 [main] ERROR o.e.m.j.i.l.MavenLaunchConfigurationListener - Launch configuration AdminLogin (1) references non-existing project Library.
org.eclipse.core.runtime.CoreException: Launch configuration AdminLogin (1) references non-existing project Library.
	at org.eclipse.jdt.launching.JavaRuntime.abort(JavaRuntime.java:1871)
	at org.eclipse.jdt.launching.JavaRuntime.getJavaProject(JavaRuntime.java:1748)
	at org.eclipse.m2e.jdt.internal.launch.MavenLaunchConfigurationListener.updateLaunchConfiguration(MavenLaunchConfigurationListener.java:66)
	at org.eclipse.m2e.jdt.internal.launch.MavenLaunchConfigurationListener.launchConfigurationChanged(MavenLaunchConfigurationListener.java:52)
	at org.eclipse.debug.internal.core.LaunchManager$ConfigurationNotifier.run(LaunchManager.java:220)
	at org.eclipse.core.runtime.SafeRunner.run(SafeRunner.java:47)
	at org.eclipse.debug.internal.core.LaunchManager$ConfigurationNotifier.notify(LaunchManager.java:204)
	at org.eclipse.debug.internal.core.LaunchConfigurationWorkingCopy.setDirty(LaunchConfigurationWorkingCopy.java:527)
	at org.eclipse.debug.internal.core.LaunchConfigurationWorkingCopy.setAttribute(LaunchConfigurationWorkingCopy.java:415)
	at org.eclipse.jdt.debug.ui.launchConfigurations.JavaMainTab.performApply(JavaMainTab.java:254)
	at org.eclipse.debug.internal.ui.launchConfigurations.LaunchConfigurationTabGroupViewer.refresh(LaunchConfigurationTabGroupViewer.java:528)
	at org.eclipse.debug.internal.ui.launchConfigurations.LaunchConfigurationsDialog.updateButtons(LaunchConfigurationsDialog.java:1639)
	at org.eclipse.debug.ui.AbstractLaunchConfigurationTab.updateLaunchConfigurationDialog(AbstractLaunchConfigurationTab.java:155)
	at org.eclipse.debug.ui.AbstractLaunchConfigurationTab$1.runInUIThread(AbstractLaunchConfigurationTab.java:513)
	at org.eclipse.ui.progress.UIJob.lambda$0(UIJob.java:148)
	at org.eclipse.swt.widgets.RunnableLock.run(RunnableLock.java:40)
	at org.eclipse.swt.widgets.Synchronizer.runAsyncMessages(Synchronizer.java:132)
	at org.eclipse.swt.widgets.Display.runAsyncMessages(Display.java:4135)
	at org.eclipse.swt.widgets.Display.readAndDispatch(Display.java:3751)
	at org.eclipse.jface.window.Window.runEventLoop(Window.java:823)
	at org.eclipse.jface.window.Window.open(Window.java:799)
	at org.eclipse.debug.internal.ui.launchConfigurations.LaunchConfigurationsDialog.open(LaunchConfigurationsDialog.java:1229)
	at org.eclipse.debug.ui.DebugUITools.lambda$1(DebugUITools.java:628)
	at org.eclipse.swt.custom.BusyIndicator.showWhile(BusyIndicator.java:67)
	at org.eclipse.debug.ui.DebugUITools.openLaunchConfigurationDialogOnGroup(DebugUITools.java:634)
	at org.eclipse.debug.ui.DebugUITools.openLaunchConfigurationDialogOnGroup(DebugUITools.java:572)
	at org.eclipse.debug.ui.actions.OpenLaunchDialogAction.run(OpenLaunchDialogAction.java:85)
	at org.eclipse.debug.ui.actions.OpenLaunchDialogAction.runWithEvent(OpenLaunchDialogAction.java:91)
	at org.eclipse.ui.internal.PluginAction.runWithEvent(PluginAction.java:229)
	at org.eclipse.ui.internal.WWinPluginAction.runWithEvent(WWinPluginAction.java:218)
	at org.eclipse.jface.action.ActionContributionItem.handleWidgetSelection(ActionContributionItem.java:581)
	at org.eclipse.jface.action.ActionContributionItem.lambda$4(ActionContributionItem.java:415)
	at org.eclipse.swt.widgets.EventTable.sendEvent(EventTable.java:91)
	at org.eclipse.swt.widgets.Display.sendEvent(Display.java:4362)
	at org.eclipse.swt.widgets.Widget.sendEvent(Widget.java:1214)
	at org.eclipse.swt.widgets.Display.runDeferredEvents(Display.java:4160)
	at org.eclipse.swt.widgets.Display.readAndDispatch(Display.java:3748)
	at org.eclipse.e4.ui.internal.workbench.swt.PartRenderingEngine$5.run(PartRenderingEngine.java:1151)
	at org.eclipse.core.databinding.observable.Realm.runWithDefault(Realm.java:339)
	at org.eclipse.e4.ui.internal.workbench.swt.PartRenderingEngine.run(PartRenderingEngine.java:1042)
	at org.eclipse.e4.ui.internal.workbench.E4Workbench.createAndRunUI(E4Workbench.java:153)
	at org.eclipse.ui.internal.Workbench.lambda$3(Workbench.java:678)
	at org.eclipse.core.databinding.observable.Realm.runWithDefault(Realm.java:339)
	at org.eclipse.ui.internal.Workbench.createAndRunWorkbench(Workbench.java:583)
	at org.eclipse.ui.PlatformUI.createAndRunWorkbench(PlatformUI.java:173)
	at org.eclipse.ui.internal.ide.application.IDEApplication.start(IDEApplication.java:185)
	at org.eclipse.equinox.internal.app.EclipseAppHandle.run(EclipseAppHandle.java:219)
	at org.eclipse.equinox.internal.app.MainApplicationLauncher.run(MainApplicationLauncher.java:37)
	at org.eclipse.core.runtime.internal.adaptor.EclipseAppLauncher.runApplication(EclipseAppLauncher.java:149)
	at org.eclipse.core.runtime.internal.adaptor.EclipseAppLauncher.start(EclipseAppLauncher.java:115)
	at org.eclipse.core.runtime.adaptor.EclipseStarter.run(EclipseStarter.java:467)
	at org.eclipse.core.runtime.adaptor.EclipseStarter.run(EclipseStarter.java:298)
	at java.base/jdk.internal.reflect.DirectMethodHandleAccessor.invoke(DirectMethodHandleAccessor.java:103)
	at java.base/java.lang.reflect.Method.invoke(Method.java:580)
	at org.eclipse.equinox.launcher.Main.invokeFramework(Main.java:627)
	at org.eclipse.equinox.launcher.Main.basicRun(Main.java:575)
	at org.eclipse.equinox.launcher.Main.run(Main.java:1431)
2026-04-16 20:27:58,841 [main] ERROR o.e.m.j.i.l.MavenLaunchConfigurationListener - Launch configuration AdminLogin (1) references non-existing project Library.
org.eclipse.core.runtime.CoreException: Launch configuration AdminLogin (1) references non-existing project Library.
	at org.eclipse.jdt.launching.JavaRuntime.abort(JavaRuntime.java:1871)
	at org.eclipse.jdt.launching.JavaRuntime.getJavaProject(JavaRuntime.java:1748)
	at org.eclipse.m2e.jdt.internal.launch.MavenLaunchConfigurationListener.updateLaunchConfiguration(MavenLaunchConfigurationListener.java:66)
	at org.eclipse.m2e.jdt.internal.launch.MavenLaunchConfigurationListener.launchConfigurationChanged(MavenLaunchConfigurationListener.java:52)
	at org.eclipse.debug.internal.core.LaunchManager$ConfigurationNotifier.run(LaunchManager.java:220)
	at org.eclipse.core.runtime.SafeRunner.run(SafeRunner.java:47)
	at org.eclipse.debug.internal.core.LaunchManager$ConfigurationNotifier.notify(LaunchManager.java:204)
	at org.eclipse.debug.internal.core.LaunchConfigurationWorkingCopy.setDirty(LaunchConfigurationWorkingCopy.java:527)
	at org.eclipse.debug.internal.core.LaunchConfigurationWorkingCopy.setAttribute(LaunchConfigurationWorkingCopy.java:415)
	at org.eclipse.jdt.debug.ui.launchConfigurations.JavaMainTab.performApply(JavaMainTab.java:228)
	at org.eclipse.debug.internal.ui.launchConfigurations.LaunchConfigurationTabGroupViewer.refresh(LaunchConfigurationTabGroupViewer.java:528)
	at org.eclipse.debug.internal.ui.launchConfigurations.LaunchConfigurationsDialog.updateButtons(LaunchConfigurationsDialog.java:1639)
	at org.eclipse.debug.ui.AbstractLaunchConfigurationTab.updateLaunchConfigurationDialog(AbstractLaunchConfigurationTab.java:155)
	at org.eclipse.debug.ui.AbstractLaunchConfigurationTab$1.runInUIThread(AbstractLaunchConfigurationTab.java:513)
	at org.eclipse.ui.progress.UIJob.lambda$0(UIJob.java:148)
	at org.eclipse.swt.widgets.RunnableLock.run(RunnableLock.java:40)
	at org.eclipse.swt.widgets.Synchronizer.runAsyncMessages(Synchronizer.java:132)
	at org.eclipse.swt.widgets.Display.runAsyncMessages(Display.java:4135)
	at org.eclipse.swt.widgets.Display.readAndDispatch(Display.java:3751)
	at org.eclipse.jface.window.Window.runEventLoop(Window.java:823)
	at org.eclipse.jface.window.Window.open(Window.java:799)
	at org.eclipse.debug.internal.ui.launchConfigurations.LaunchConfigurationsDialog.open(LaunchConfigurationsDialog.java:1229)
	at org.eclipse.debug.ui.DebugUITools.lambda$1(DebugUITools.java:628)
	at org.eclipse.swt.custom.BusyIndicator.showWhile(BusyIndicator.java:67)
	at org.eclipse.debug.ui.DebugUITools.openLaunchConfigurationDialogOnGroup(DebugUITools.java:634)
	at org.eclipse.debug.ui.DebugUITools.openLaunchConfigurationDialogOnGroup(DebugUITools.java:572)
	at org.eclipse.debug.ui.actions.OpenLaunchDialogAction.run(OpenLaunchDialogAction.java:85)
	at org.eclipse.debug.ui.actions.OpenLaunchDialogAction.runWithEvent(OpenLaunchDialogAction.java:91)
	at org.eclipse.ui.internal.PluginAction.runWithEvent(PluginAction.java:229)
	at org.eclipse.ui.internal.WWinPluginAction.runWithEvent(WWinPluginAction.java:218)
	at org.eclipse.jface.action.ActionContributionItem.handleWidgetSelection(ActionContributionItem.java:581)
	at org.eclipse.jface.action.ActionContributionItem.lambda$4(ActionContributionItem.java:415)
	at org.eclipse.swt.widgets.EventTable.sendEvent(EventTable.java:91)
	at org.eclipse.swt.widgets.Display.sendEvent(Display.java:4362)
	at org.eclipse.swt.widgets.Widget.sendEvent(Widget.java:1214)
	at org.eclipse.swt.widgets.Display.runDeferredEvents(Display.java:4160)
	at org.eclipse.swt.widgets.Display.readAndDispatch(Display.java:3748)
	at org.eclipse.e4.ui.internal.workbench.swt.PartRenderingEngine$5.run(PartRenderingEngine.java:1151)
	at org.eclipse.core.databinding.observable.Realm.runWithDefault(Realm.java:339)
	at org.eclipse.e4.ui.internal.workbench.swt.PartRenderingEngine.run(PartRenderingEngine.java:1042)
	at org.eclipse.e4.ui.internal.workbench.E4Workbench.createAndRunUI(E4Workbench.java:153)
	at org.eclipse.ui.internal.Workbench.lambda$3(Workbench.java:678)
	at org.eclipse.core.databinding.observable.Realm.runWithDefault(Realm.java:339)
	at org.eclipse.ui.internal.Workbench.createAndRunWorkbench(Workbench.java:583)
	at org.eclipse.ui.PlatformUI.createAndRunWorkbench(PlatformUI.java:173)
	at org.eclipse.ui.internal.ide.application.IDEApplication.start(IDEApplication.java:185)
	at org.eclipse.equinox.internal.app.EclipseAppHandle.run(EclipseAppHandle.java:219)
	at org.eclipse.equinox.internal.app.MainApplicationLauncher.run(MainApplicationLauncher.java:37)
	at org.eclipse.core.runtime.internal.adaptor.EclipseAppLauncher.runApplication(EclipseAppLauncher.java:149)
	at org.eclipse.core.runtime.internal.adaptor.EclipseAppLauncher.start(EclipseAppLauncher.java:115)
	at org.eclipse.core.runtime.adaptor.EclipseStarter.run(EclipseStarter.java:467)
	at org.eclipse.core.runtime.adaptor.EclipseStarter.run(EclipseStarter.java:298)
	at java.base/jdk.internal.reflect.DirectMethodHandleAccessor.invoke(DirectMethodHandleAccessor.java:103)
	at java.base/java.lang.reflect.Method.invoke(Method.java:580)
	at org.eclipse.equinox.launcher.Main.invokeFramework(Main.java:627)
	at org.eclipse.equinox.launcher.Main.basicRun(Main.java:575)
	at org.eclipse.equinox.launcher.Main.run(Main.java:1431)
2026-04-16 20:27:58,843 [main] ERROR o.e.m.j.i.l.MavenLaunchConfigurationListener - Launch configuration AdminLogin (1) references non-existing project Library.
org.eclipse.core.runtime.CoreException: Launch configuration AdminLogin (1) references non-existing project Library.
	at org.eclipse.jdt.launching.JavaRuntime.abort(JavaRuntime.java:1871)
	at org.eclipse.jdt.launching.JavaRuntime.getJavaProject(JavaRuntime.java:1748)
	at org.eclipse.m2e.jdt.internal.launch.MavenLaunchConfigurationListener.updateLaunchConfiguration(MavenLaunchConfigurationListener.java:66)
	at org.eclipse.m2e.jdt.internal.launch.MavenLaunchConfigurationListener.launchConfigurationChanged(MavenLaunchConfigurationListener.java:52)
	at org.eclipse.debug.internal.core.LaunchManager$ConfigurationNotifier.run(LaunchManager.java:220)
	at org.eclipse.core.runtime.SafeRunner.run(SafeRunner.java:47)
	at org.eclipse.debug.internal.core.LaunchManager$ConfigurationNotifier.notify(LaunchManager.java:204)
	at org.eclipse.debug.internal.core.LaunchConfigurationWorkingCopy.setDirty(LaunchConfigurationWorkingCopy.java:527)
	at org.eclipse.debug.internal.core.LaunchConfigurationWorkingCopy.setAttribute(LaunchConfigurationWorkingCopy.java:415)
	at org.eclipse.jdt.debug.ui.launchConfigurations.JavaMainTab.performApply(JavaMainTab.java:229)
	at org.eclipse.debug.internal.ui.launchConfigurations.LaunchConfigurationTabGroupViewer.refresh(LaunchConfigurationTabGroupViewer.java:528)
	at org.eclipse.debug.internal.ui.launchConfigurations.LaunchConfigurationsDialog.updateButtons(LaunchConfigurationsDialog.java:1639)
	at org.eclipse.debug.ui.AbstractLaunchConfigurationTab.updateLaunchConfigurationDialog(AbstractLaunchConfigurationTab.java:155)
	at org.eclipse.debug.ui.AbstractLaunchConfigurationTab$1.runInUIThread(AbstractLaunchConfigurationTab.java:513)
	at org.eclipse.ui.progress.UIJob.lambda$0(UIJob.java:148)
	at org.eclipse.swt.widgets.RunnableLock.run(RunnableLock.java:40)
	at org.eclipse.swt.widgets.Synchronizer.runAsyncMessages(Synchronizer.java:132)
	at org.eclipse.swt.widgets.Display.runAsyncMessages(Display.java:4135)
	at org.eclipse.swt.widgets.Display.readAndDispatch(Display.java:3751)
	at org.eclipse.jface.window.Window.runEventLoop(Window.java:823)
	at org.eclipse.jface.window.Window.open(Window.java:799)
	at org.eclipse.debug.internal.ui.launchConfigurations.LaunchConfigurationsDialog.open(LaunchConfigurationsDialog.java:1229)
	at org.eclipse.debug.ui.DebugUITools.lambda$1(DebugUITools.java:628)
	at org.eclipse.swt.custom.BusyIndicator.showWhile(BusyIndicator.java:67)
	at org.eclipse.debug.ui.DebugUITools.openLaunchConfigurationDialogOnGroup(DebugUITools.java:634)
	at org.eclipse.debug.ui.DebugUITools.openLaunchConfigurationDialogOnGroup(DebugUITools.java:572)
	at org.eclipse.debug.ui.actions.OpenLaunchDialogAction.run(OpenLaunchDialogAction.java:85)
	at org.eclipse.debug.ui.actions.OpenLaunchDialogAction.runWithEvent(OpenLaunchDialogAction.java:91)
	at org.eclipse.ui.internal.PluginAction.runWithEvent(PluginAction.java:229)
	at org.eclipse.ui.internal.WWinPluginAction.runWithEvent(WWinPluginAction.java:218)
	at org.eclipse.jface.action.ActionContributionItem.handleWidgetSelection(ActionContributionItem.java:581)
	at org.eclipse.jface.action.ActionContributionItem.lambda$4(ActionContributionItem.java:415)
	at org.eclipse.swt.widgets.EventTable.sendEvent(EventTable.java:91)
	at org.eclipse.swt.widgets.Display.sendEvent(Display.java:4362)
	at org.eclipse.swt.widgets.Widget.sendEvent(Widget.java:1214)
	at org.eclipse.swt.widgets.Display.runDeferredEvents(Display.java:4160)
	at org.eclipse.swt.widgets.Display.readAndDispatch(Display.java:3748)
	at org.eclipse.e4.ui.internal.workbench.swt.PartRenderingEngine$5.run(PartRenderingEngine.java:1151)
	at org.eclipse.core.databinding.observable.Realm.runWithDefault(Realm.java:339)
	at org.eclipse.e4.ui.internal.workbench.swt.PartRenderingEngine.run(PartRenderingEngine.java:1042)
	at org.eclipse.e4.ui.internal.workbench.E4Workbench.createAndRunUI(E4Workbench.java:153)
	at org.eclipse.ui.internal.Workbench.lambda$3(Workbench.java:678)
	at org.eclipse.core.databinding.observable.Realm.runWithDefault(Realm.java:339)
	at org.eclipse.ui.internal.Workbench.createAndRunWorkbench(Workbench.java:583)
	at org.eclipse.ui.PlatformUI.createAndRunWorkbench(PlatformUI.java:173)
	at org.eclipse.ui.internal.ide.application.IDEApplication.start(IDEApplication.java:185)
	at org.eclipse.equinox.internal.app.EclipseAppHandle.run(EclipseAppHandle.java:219)
	at org.eclipse.equinox.internal.app.MainApplicationLauncher.run(MainApplicationLauncher.java:37)
	at org.eclipse.core.runtime.internal.adaptor.EclipseAppLauncher.runApplication(EclipseAppLauncher.java:149)
	at org.eclipse.core.runtime.internal.adaptor.EclipseAppLauncher.start(EclipseAppLauncher.java:115)
	at org.eclipse.core.runtime.adaptor.EclipseStarter.run(EclipseStarter.java:467)
	at org.eclipse.core.runtime.adaptor.EclipseStarter.run(EclipseStarter.java:298)
	at java.base/jdk.internal.reflect.DirectMethodHandleAccessor.invoke(DirectMethodHandleAccessor.java:103)
	at java.base/java.lang.reflect.Method.invoke(Method.java:580)
	at org.eclipse.equinox.launcher.Main.invokeFramework(Main.java:627)
	at org.eclipse.equinox.launcher.Main.basicRun(Main.java:575)
	at org.eclipse.equinox.launcher.Main.run(Main.java:1431)
2026-04-16 20:27:58,846 [main] ERROR o.e.m.j.i.l.MavenLaunchConfigurationListener - Launch configuration AdminLogin (1) references non-existing project Library.
org.eclipse.core.runtime.CoreException: Launch configuration AdminLogin (1) references non-existing project Library.
	at org.eclipse.jdt.launching.JavaRuntime.abort(JavaRuntime.java:1871)
	at org.eclipse.jdt.launching.JavaRuntime.getJavaProject(JavaRuntime.java:1748)
	at org.eclipse.m2e.jdt.internal.launch.MavenLaunchConfigurationListener.updateLaunchConfiguration(MavenLaunchConfigurationListener.java:66)
	at org.eclipse.m2e.jdt.internal.launch.MavenLaunchConfigurationListener.launchConfigurationChanged(MavenLaunchConfigurationListener.java:52)
	at org.eclipse.debug.internal.core.LaunchManager$ConfigurationNotifier.run(LaunchManager.java:220)
	at org.eclipse.core.runtime.SafeRunner.run(SafeRunner.java:47)
	at org.eclipse.debug.internal.core.LaunchManager$ConfigurationNotifier.notify(LaunchManager.java:204)
	at org.eclipse.debug.internal.core.LaunchConfigurationWorkingCopy.setDirty(LaunchConfigurationWorkingCopy.java:527)
	at org.eclipse.debug.internal.core.LaunchConfigurationWorkingCopy.setAttribute(LaunchConfigurationWorkingCopy.java:415)
	at org.eclipse.jdt.debug.ui.launchConfigurations.JavaMainTab.performApply(JavaMainTab.java:230)
	at org.eclipse.debug.internal.ui.launchConfigurations.LaunchConfigurationTabGroupViewer.refresh(LaunchConfigurationTabGroupViewer.java:528)
	at org.eclipse.debug.internal.ui.launchConfigurations.LaunchConfigurationsDialog.updateButtons(LaunchConfigurationsDialog.java:1639)
	at org.eclipse.debug.ui.AbstractLaunchConfigurationTab.updateLaunchConfigurationDialog(AbstractLaunchConfigurationTab.java:155)
	at org.eclipse.debug.ui.AbstractLaunchConfigurationTab$1.runInUIThread(AbstractLaunchConfigurationTab.java:513)
	at org.eclipse.ui.progress.UIJob.lambda$0(UIJob.java:148)
	at org.eclipse.swt.widgets.RunnableLock.run(RunnableLock.java:40)
	at org.eclipse.swt.widgets.Synchronizer.runAsyncMessages(Synchronizer.java:132)
	at org.eclipse.swt.widgets.Display.runAsyncMessages(Display.java:4135)
	at org.eclipse.swt.widgets.Display.readAndDispatch(Display.java:3751)
	at org.eclipse.jface.window.Window.runEventLoop(Window.java:823)
	at org.eclipse.jface.window.Window.open(Window.java:799)
	at org.eclipse.debug.internal.ui.launchConfigurations.LaunchConfigurationsDialog.open(LaunchConfigurationsDialog.java:1229)
	at org.eclipse.debug.ui.DebugUITools.lambda$1(DebugUITools.java:628)
	at org.eclipse.swt.custom.BusyIndicator.showWhile(BusyIndicator.java:67)
	at org.eclipse.debug.ui.DebugUITools.openLaunchConfigurationDialogOnGroup(DebugUITools.java:634)
	at org.eclipse.debug.ui.DebugUITools.openLaunchConfigurationDialogOnGroup(DebugUITools.java:572)
	at org.eclipse.debug.ui.actions.OpenLaunchDialogAction.run(OpenLaunchDialogAction.java:85)
	at org.eclipse.debug.ui.actions.OpenLaunchDialogAction.runWithEvent(OpenLaunchDialogAction.java:91)
	at org.eclipse.ui.internal.PluginAction.runWithEvent(PluginAction.java:229)
	at org.eclipse.ui.internal.WWinPluginAction.runWithEvent(WWinPluginAction.java:218)
	at org.eclipse.jface.action.ActionContributionItem.handleWidgetSelection(ActionContributionItem.java:581)
	at org.eclipse.jface.action.ActionContributionItem.lambda$4(ActionContributionItem.java:415)
	at org.eclipse.swt.widgets.EventTable.sendEvent(EventTable.java:91)
	at org.eclipse.swt.widgets.Display.sendEvent(Display.java:4362)
	at org.eclipse.swt.widgets.Widget.sendEvent(Widget.java:1214)
	at org.eclipse.swt.widgets.Display.runDeferredEvents(Display.java:4160)
	at org.eclipse.swt.widgets.Display.readAndDispatch(Display.java:3748)
	at org.eclipse.e4.ui.internal.workbench.swt.PartRenderingEngine$5.run(PartRenderingEngine.java:1151)
	at org.eclipse.core.databinding.observable.Realm.runWithDefault(Realm.java:339)
	at org.eclipse.e4.ui.internal.workbench.swt.PartRenderingEngine.run(PartRenderingEngine.java:1042)
	at org.eclipse.e4.ui.internal.workbench.E4Workbench.createAndRunUI(E4Workbench.java:153)
	at org.eclipse.ui.internal.Workbench.lambda$3(Workbench.java:678)
	at org.eclipse.core.databinding.observable.Realm.runWithDefault(Realm.java:339)
	at org.eclipse.ui.internal.Workbench.createAndRunWorkbench(Workbench.java:583)
	at org.eclipse.ui.PlatformUI.createAndRunWorkbench(PlatformUI.java:173)
	at org.eclipse.ui.internal.ide.application.IDEApplication.start(IDEApplication.java:185)
	at org.eclipse.equinox.internal.app.EclipseAppHandle.run(EclipseAppHandle.java:219)
	at org.eclipse.equinox.internal.app.MainApplicationLauncher.run(MainApplicationLauncher.java:37)
	at org.eclipse.core.runtime.internal.adaptor.EclipseAppLauncher.runApplication(EclipseAppLauncher.java:149)
	at org.eclipse.core.runtime.internal.adaptor.EclipseAppLauncher.start(EclipseAppLauncher.java:115)
	at org.eclipse.core.runtime.adaptor.EclipseStarter.run(EclipseStarter.java:467)
	at org.eclipse.core.runtime.adaptor.EclipseStarter.run(EclipseStarter.java:298)
	at java.base/jdk.internal.reflect.DirectMethodHandleAccessor.invoke(DirectMethodHandleAccessor.java:103)
	at java.base/java.lang.reflect.Method.invoke(Method.java:580)
	at org.eclipse.equinox.launcher.Main.invokeFramework(Main.java:627)
	at org.eclipse.equinox.launcher.Main.basicRun(Main.java:575)
	at org.eclipse.equinox.launcher.Main.run(Main.java:1431)
2026-04-16 20:27:58,848 [main] ERROR o.e.m.j.i.l.MavenLaunchConfigurationListener - Launch configuration AdminLogin (1) references non-existing project Library.
org.eclipse.core.runtime.CoreException: Launch configuration AdminLogin (1) references non-existing project Library.
	at org.eclipse.jdt.launching.JavaRuntime.abort(JavaRuntime.java:1871)
	at org.eclipse.jdt.launching.JavaRuntime.getJavaProject(JavaRuntime.java:1748)
	at org.eclipse.m2e.jdt.internal.launch.MavenLaunchConfigurationListener.updateLaunchConfiguration(MavenLaunchConfigurationListener.java:66)
	at org.eclipse.m2e.jdt.internal.launch.MavenLaunchConfigurationListener.launchConfigurationChanged(MavenLaunchConfigurationListener.java:52)
	at org.eclipse.debug.internal.core.LaunchManager$ConfigurationNotifier.run(LaunchManager.java:220)
	at org.eclipse.core.runtime.SafeRunner.run(SafeRunner.java:47)
	at org.eclipse.debug.internal.core.LaunchManager$ConfigurationNotifier.notify(LaunchManager.java:204)
	at org.eclipse.debug.internal.core.LaunchConfigurationWorkingCopy.setDirty(LaunchConfigurationWorkingCopy.java:527)
	at org.eclipse.debug.internal.core.LaunchConfigurationWorkingCopy.setAttribute(LaunchConfigurationWorkingCopy.java:415)
	at org.eclipse.jdt.debug.ui.launchConfigurations.JavaMainTab.performApply(JavaMainTab.java:238)
	at org.eclipse.debug.internal.ui.launchConfigurations.LaunchConfigurationTabGroupViewer.refresh(LaunchConfigurationTabGroupViewer.java:528)
	at org.eclipse.debug.internal.ui.launchConfigurations.LaunchConfigurationsDialog.updateButtons(LaunchConfigurationsDialog.java:1639)
	at org.eclipse.debug.ui.AbstractLaunchConfigurationTab.updateLaunchConfigurationDialog(AbstractLaunchConfigurationTab.java:155)
	at org.eclipse.debug.ui.AbstractLaunchConfigurationTab$1.runInUIThread(AbstractLaunchConfigurationTab.java:513)
	at org.eclipse.ui.progress.UIJob.lambda$0(UIJob.java:148)
	at org.eclipse.swt.widgets.RunnableLock.run(RunnableLock.java:40)
	at org.eclipse.swt.widgets.Synchronizer.runAsyncMessages(Synchronizer.java:132)
	at org.eclipse.swt.widgets.Display.runAsyncMessages(Display.java:4135)
	at org.eclipse.swt.widgets.Display.readAndDispatch(Display.java:3751)
	at org.eclipse.jface.window.Window.runEventLoop(Window.java:823)
	at org.eclipse.jface.window.Window.open(Window.java:799)
	at org.eclipse.debug.internal.ui.launchConfigurations.LaunchConfigurationsDialog.open(LaunchConfigurationsDialog.java:1229)
	at org.eclipse.debug.ui.DebugUITools.lambda$1(DebugUITools.java:628)
	at org.eclipse.swt.custom.BusyIndicator.showWhile(BusyIndicator.java:67)
	at org.eclipse.debug.ui.DebugUITools.openLaunchConfigurationDialogOnGroup(DebugUITools.java:634)
	at org.eclipse.debug.ui.DebugUITools.openLaunchConfigurationDialogOnGroup(DebugUITools.java:572)
	at org.eclipse.debug.ui.actions.OpenLaunchDialogAction.run(OpenLaunchDialogAction.java:85)
	at org.eclipse.debug.ui.actions.OpenLaunchDialogAction.runWithEvent(OpenLaunchDialogAction.java:91)
	at org.eclipse.ui.internal.PluginAction.runWithEvent(PluginAction.java:229)
	at org.eclipse.ui.internal.WWinPluginAction.runWithEvent(WWinPluginAction.java:218)
	at org.eclipse.jface.action.ActionContributionItem.handleWidgetSelection(ActionContributionItem.java:581)
	at org.eclipse.jface.action.ActionContributionItem.lambda$4(ActionContributionItem.java:415)
	at org.eclipse.swt.widgets.EventTable.sendEvent(EventTable.java:91)
	at org.eclipse.swt.widgets.Display.sendEvent(Display.java:4362)
	at org.eclipse.swt.widgets.Widget.sendEvent(Widget.java:1214)
	at org.eclipse.swt.widgets.Display.runDeferredEvents(Display.java:4160)
	at org.eclipse.swt.widgets.Display.readAndDispatch(Display.java:3748)
	at org.eclipse.e4.ui.internal.workbench.swt.PartRenderingEngine$5.run(PartRenderingEngine.java:1151)
	at org.eclipse.core.databinding.observable.Realm.runWithDefault(Realm.java:339)
	at org.eclipse.e4.ui.internal.workbench.swt.PartRenderingEngine.run(PartRenderingEngine.java:1042)
	at org.eclipse.e4.ui.internal.workbench.E4Workbench.createAndRunUI(E4Workbench.java:153)
	at org.eclipse.ui.internal.Workbench.lambda$3(Workbench.java:678)
	at org.eclipse.core.databinding.observable.Realm.runWithDefault(Realm.java:339)
	at org.eclipse.ui.internal.Workbench.createAndRunWorkbench(Workbench.java:583)
	at org.eclipse.ui.PlatformUI.createAndRunWorkbench(PlatformUI.java:173)
	at org.eclipse.ui.internal.ide.application.IDEApplication.start(IDEApplication.java:185)
	at org.eclipse.equinox.internal.app.EclipseAppHandle.run(EclipseAppHandle.java:219)
	at org.eclipse.equinox.internal.app.MainApplicationLauncher.run(MainApplicationLauncher.java:37)
	at org.eclipse.core.runtime.internal.adaptor.EclipseAppLauncher.runApplication(EclipseAppLauncher.java:149)
	at org.eclipse.core.runtime.internal.adaptor.EclipseAppLauncher.start(EclipseAppLauncher.java:115)
	at org.eclipse.core.runtime.adaptor.EclipseStarter.run(EclipseStarter.java:467)
	at org.eclipse.core.runtime.adaptor.EclipseStarter.run(EclipseStarter.java:298)
	at java.base/jdk.internal.reflect.DirectMethodHandleAccessor.invoke(DirectMethodHandleAccessor.java:103)
	at java.base/java.lang.reflect.Method.invoke(Method.java:580)
	at org.eclipse.equinox.launcher.Main.invokeFramework(Main.java:627)
	at org.eclipse.equinox.launcher.Main.basicRun(Main.java:575)
	at org.eclipse.equinox.launcher.Main.run(Main.java:1431)
2026-04-16 20:27:58,851 [main] ERROR o.e.m.j.i.l.MavenLaunchConfigurationListener - Launch configuration AdminLogin (1) references non-existing project Library.
org.eclipse.core.runtime.CoreException: Launch configuration AdminLogin (1) references non-existing project Library.
	at org.eclipse.jdt.launching.JavaRuntime.abort(JavaRuntime.java:1871)
	at org.eclipse.jdt.launching.JavaRuntime.getJavaProject(JavaRuntime.java:1748)
	at org.eclipse.m2e.jdt.internal.launch.MavenLaunchConfigurationListener.updateLaunchConfiguration(MavenLaunchConfigurationListener.java:66)
	at org.eclipse.m2e.jdt.internal.launch.MavenLaunchConfigurationListener.launchConfigurationChanged(MavenLaunchConfigurationListener.java:52)
	at org.eclipse.debug.internal.core.LaunchManager$ConfigurationNotifier.run(LaunchManager.java:220)
	at org.eclipse.core.runtime.SafeRunner.run(SafeRunner.java:47)
	at org.eclipse.debug.internal.core.LaunchManager$ConfigurationNotifier.notify(LaunchManager.java:204)
	at org.eclipse.debug.internal.core.LaunchConfigurationWorkingCopy.setDirty(LaunchConfigurationWorkingCopy.java:527)
	at org.eclipse.debug.internal.core.LaunchConfigurationWorkingCopy.setAttribute(LaunchConfigurationWorkingCopy.java:415)
	at org.eclipse.jdt.debug.ui.launchConfigurations.JavaMainTab.performApply(JavaMainTab.java:246)
	at org.eclipse.debug.internal.ui.launchConfigurations.LaunchConfigurationTabGroupViewer.refresh(LaunchConfigurationTabGroupViewer.java:528)
	at org.eclipse.debug.internal.ui.launchConfigurations.LaunchConfigurationsDialog.updateButtons(LaunchConfigurationsDialog.java:1639)
	at org.eclipse.debug.ui.AbstractLaunchConfigurationTab.updateLaunchConfigurationDialog(AbstractLaunchConfigurationTab.java:155)
	at org.eclipse.debug.ui.AbstractLaunchConfigurationTab$1.runInUIThread(AbstractLaunchConfigurationTab.java:513)
	at org.eclipse.ui.progress.UIJob.lambda$0(UIJob.java:148)
	at org.eclipse.swt.widgets.RunnableLock.run(RunnableLock.java:40)
	at org.eclipse.swt.widgets.Synchronizer.runAsyncMessages(Synchronizer.java:132)
	at org.eclipse.swt.widgets.Display.runAsyncMessages(Display.java:4135)
	at org.eclipse.swt.widgets.Display.readAndDispatch(Display.java:3751)
	at org.eclipse.jface.window.Window.runEventLoop(Window.java:823)
	at org.eclipse.jface.window.Window.open(Window.java:799)
	at org.eclipse.debug.internal.ui.launchConfigurations.LaunchConfigurationsDialog.open(LaunchConfigurationsDialog.java:1229)
	at org.eclipse.debug.ui.DebugUITools.lambda$1(DebugUITools.java:628)
	at org.eclipse.swt.custom.BusyIndicator.showWhile(BusyIndicator.java:67)
	at org.eclipse.debug.ui.DebugUITools.openLaunchConfigurationDialogOnGroup(DebugUITools.java:634)
	at org.eclipse.debug.ui.DebugUITools.openLaunchConfigurationDialogOnGroup(DebugUITools.java:572)
	at org.eclipse.debug.ui.actions.OpenLaunchDialogAction.run(OpenLaunchDialogAction.java:85)
	at org.eclipse.debug.ui.actions.OpenLaunchDialogAction.runWithEvent(OpenLaunchDialogAction.java:91)
	at org.eclipse.ui.internal.PluginAction.runWithEvent(PluginAction.java:229)
	at org.eclipse.ui.internal.WWinPluginAction.runWithEvent(WWinPluginAction.java:218)
	at org.eclipse.jface.action.ActionContributionItem.handleWidgetSelection(ActionContributionItem.java:581)
	at org.eclipse.jface.action.ActionContributionItem.lambda$4(ActionContributionItem.java:415)
	at org.eclipse.swt.widgets.EventTable.sendEvent(EventTable.java:91)
	at org.eclipse.swt.widgets.Display.sendEvent(Display.java:4362)
	at org.eclipse.swt.widgets.Widget.sendEvent(Widget.java:1214)
	at org.eclipse.swt.widgets.Display.runDeferredEvents(Display.java:4160)
	at org.eclipse.swt.widgets.Display.readAndDispatch(Display.java:3748)
	at org.eclipse.e4.ui.internal.workbench.swt.PartRenderingEngine$5.run(PartRenderingEngine.java:1151)
	at org.eclipse.core.databinding.observable.Realm.runWithDefault(Realm.java:339)
	at org.eclipse.e4.ui.internal.workbench.swt.PartRenderingEngine.run(PartRenderingEngine.java:1042)
	at org.eclipse.e4.ui.internal.workbench.E4Workbench.createAndRunUI(E4Workbench.java:153)
	at org.eclipse.ui.internal.Workbench.lambda$3(Workbench.java:678)
	at org.eclipse.core.databinding.observable.Realm.runWithDefault(Realm.java:339)
	at org.eclipse.ui.internal.Workbench.createAndRunWorkbench(Workbench.java:583)
	at org.eclipse.ui.PlatformUI.createAndRunWorkbench(PlatformUI.java:173)
	at org.eclipse.ui.internal.ide.application.IDEApplication.start(IDEApplication.java:185)
	at org.eclipse.equinox.internal.app.EclipseAppHandle.run(EclipseAppHandle.java:219)
	at org.eclipse.equinox.internal.app.MainApplicationLauncher.run(MainApplicationLauncher.java:37)
	at org.eclipse.core.runtime.internal.adaptor.EclipseAppLauncher.runApplication(EclipseAppLauncher.java:149)
	at org.eclipse.core.runtime.internal.adaptor.EclipseAppLauncher.start(EclipseAppLauncher.java:115)
	at org.eclipse.core.runtime.adaptor.EclipseStarter.run(EclipseStarter.java:467)
	at org.eclipse.core.runtime.adaptor.EclipseStarter.run(EclipseStarter.java:298)
	at java.base/jdk.internal.reflect.DirectMethodHandleAccessor.invoke(DirectMethodHandleAccessor.java:103)
	at java.base/java.lang.reflect.Method.invoke(Method.java:580)
	at org.eclipse.equinox.launcher.Main.invokeFramework(Main.java:627)
	at org.eclipse.equinox.launcher.Main.basicRun(Main.java:575)
	at org.eclipse.equinox.launcher.Main.run(Main.java:1431)
2026-04-16 20:27:58,863 [main] ERROR o.e.m.j.i.l.MavenLaunchConfigurationListener - Launch configuration AdminLogin (1) references non-existing project Library.
org.eclipse.core.runtime.CoreException: Launch configuration AdminLogin (1) references non-existing project Library.
	at org.eclipse.jdt.launching.JavaRuntime.abort(JavaRuntime.java:1871)
	at org.eclipse.jdt.launching.JavaRuntime.getJavaProject(JavaRuntime.java:1748)
	at org.eclipse.m2e.jdt.internal.launch.MavenLaunchConfigurationListener.updateLaunchConfiguration(MavenLaunchConfigurationListener.java:66)
	at org.eclipse.m2e.jdt.internal.launch.MavenLaunchConfigurationListener.launchConfigurationChanged(MavenLaunchConfigurationListener.java:52)
	at org.eclipse.debug.internal.core.LaunchManager$ConfigurationNotifier.run(LaunchManager.java:220)
	at org.eclipse.core.runtime.SafeRunner.run(SafeRunner.java:47)
	at org.eclipse.debug.internal.core.LaunchManager$ConfigurationNotifier.notify(LaunchManager.java:204)
	at org.eclipse.debug.internal.core.LaunchConfigurationWorkingCopy.setDirty(LaunchConfigurationWorkingCopy.java:527)
	at org.eclipse.debug.internal.core.LaunchConfigurationWorkingCopy.setAttribute(LaunchConfigurationWorkingCopy.java:415)
	at org.eclipse.jdt.debug.ui.launchConfigurations.JavaMainTab.performApply(JavaMainTab.java:254)
	at org.eclipse.debug.internal.ui.launchConfigurations.LaunchConfigurationTabGroupViewer.refresh(LaunchConfigurationTabGroupViewer.java:528)
	at org.eclipse.debug.internal.ui.launchConfigurations.LaunchConfigurationsDialog.updateButtons(LaunchConfigurationsDialog.java:1639)
	at org.eclipse.debug.ui.AbstractLaunchConfigurationTab.updateLaunchConfigurationDialog(AbstractLaunchConfigurationTab.java:155)
	at org.eclipse.debug.ui.AbstractLaunchConfigurationTab$1.runInUIThread(AbstractLaunchConfigurationTab.java:513)
	at org.eclipse.ui.progress.UIJob.lambda$0(UIJob.java:148)
	at org.eclipse.swt.widgets.RunnableLock.run(RunnableLock.java:40)
	at org.eclipse.swt.widgets.Synchronizer.runAsyncMessages(Synchronizer.java:132)
	at org.eclipse.swt.widgets.Display.runAsyncMessages(Display.java:4135)
	at org.eclipse.swt.widgets.Display.readAndDispatch(Display.java:3751)
	at org.eclipse.jface.window.Window.runEventLoop(Window.java:823)
	at org.eclipse.jface.window.Window.open(Window.java:799)
	at org.eclipse.debug.internal.ui.launchConfigurations.LaunchConfigurationsDialog.open(LaunchConfigurationsDialog.java:1229)
	at org.eclipse.debug.ui.DebugUITools.lambda$1(DebugUITools.java:628)
	at org.eclipse.swt.custom.BusyIndicator.showWhile(BusyIndicator.java:67)
	at org.eclipse.debug.ui.DebugUITools.openLaunchConfigurationDialogOnGroup(DebugUITools.java:634)
	at org.eclipse.debug.ui.DebugUITools.openLaunchConfigurationDialogOnGroup(DebugUITools.java:572)
	at org.eclipse.debug.ui.actions.OpenLaunchDialogAction.run(OpenLaunchDialogAction.java:85)
	at org.eclipse.debug.ui.actions.OpenLaunchDialogAction.runWithEvent(OpenLaunchDialogAction.java:91)
	at org.eclipse.ui.internal.PluginAction.runWithEvent(PluginAction.java:229)
	at org.eclipse.ui.internal.WWinPluginAction.runWithEvent(WWinPluginAction.java:218)
	at org.eclipse.jface.action.ActionContributionItem.handleWidgetSelection(ActionContributionItem.java:581)
	at org.eclipse.jface.action.ActionContributionItem.lambda$4(ActionContributionItem.java:415)
	at org.eclipse.swt.widgets.EventTable.sendEvent(EventTable.java:91)
	at org.eclipse.swt.widgets.Display.sendEvent(Display.java:4362)
	at org.eclipse.swt.widgets.Widget.sendEvent(Widget.java:1214)
	at org.eclipse.swt.widgets.Display.runDeferredEvents(Display.java:4160)
	at org.eclipse.swt.widgets.Display.readAndDispatch(Display.java:3748)
	at org.eclipse.e4.ui.internal.workbench.swt.PartRenderingEngine$5.run(PartRenderingEngine.java:1151)
	at org.eclipse.core.databinding.observable.Realm.runWithDefault(Realm.java:339)
	at org.eclipse.e4.ui.internal.workbench.swt.PartRenderingEngine.run(PartRenderingEngine.java:1042)
	at org.eclipse.e4.ui.internal.workbench.E4Workbench.createAndRunUI(E4Workbench.java:153)
	at org.eclipse.ui.internal.Workbench.lambda$3(Workbench.java:678)
	at org.eclipse.core.databinding.observable.Realm.runWithDefault(Realm.java:339)
	at org.eclipse.ui.internal.Workbench.createAndRunWorkbench(Workbench.java:583)
	at org.eclipse.ui.PlatformUI.createAndRunWorkbench(PlatformUI.java:173)
	at org.eclipse.ui.internal.ide.application.IDEApplication.start(IDEApplication.java:185)
	at org.eclipse.equinox.internal.app.EclipseAppHandle.run(EclipseAppHandle.java:219)
	at org.eclipse.equinox.internal.app.MainApplicationLauncher.run(MainApplicationLauncher.java:37)
	at org.eclipse.core.runtime.internal.adaptor.EclipseAppLauncher.runApplication(EclipseAppLauncher.java:149)
	at org.eclipse.core.runtime.internal.adaptor.EclipseAppLauncher.start(EclipseAppLauncher.java:115)
	at org.eclipse.core.runtime.adaptor.EclipseStarter.run(EclipseStarter.java:467)
	at org.eclipse.core.runtime.adaptor.EclipseStarter.run(EclipseStarter.java:298)
	at java.base/jdk.internal.reflect.DirectMethodHandleAccessor.invoke(DirectMethodHandleAccessor.java:103)
	at java.base/java.lang.reflect.Method.invoke(Method.java:580)
	at org.eclipse.equinox.launcher.Main.invokeFramework(Main.java:627)
	at org.eclipse.equinox.launcher.Main.basicRun(Main.java:575)
	at org.eclipse.equinox.launcher.Main.run(Main.java:1431)
2026-04-16 20:27:58,875 [main] ERROR o.e.m.j.i.l.MavenLaunchConfigurationListener - Launch configuration AdminLogin (1) references non-existing project Library.
org.eclipse.core.runtime.CoreException: Launch configuration AdminLogin (1) references non-existing project Library.
	at org.eclipse.jdt.launching.JavaRuntime.abort(JavaRuntime.java:1871)
	at org.eclipse.jdt.launching.JavaRuntime.getJavaProject(JavaRuntime.java:1748)
	at org.eclipse.m2e.jdt.internal.launch.MavenLaunchConfigurationListener.updateLaunchConfiguration(MavenLaunchConfigurationListener.java:66)
	at org.eclipse.m2e.jdt.internal.launch.MavenLaunchConfigurationListener.launchConfigurationChanged(MavenLaunchConfigurationListener.java:52)
	at org.eclipse.debug.internal.core.LaunchManager$ConfigurationNotifier.run(LaunchManager.java:220)
	at org.eclipse.core.runtime.SafeRunner.run(SafeRunner.java:47)
	at org.eclipse.debug.internal.core.LaunchManager$ConfigurationNotifier.notify(LaunchManager.java:204)
	at org.eclipse.debug.internal.core.LaunchConfigurationWorkingCopy.setDirty(LaunchConfigurationWorkingCopy.java:527)
	at org.eclipse.debug.internal.core.LaunchConfigurationWorkingCopy.setAttribute(LaunchConfigurationWorkingCopy.java:415)
	at org.eclipse.jdt.debug.ui.launchConfigurations.JavaMainTab.performApply(JavaMainTab.java:228)
	at org.eclipse.debug.internal.ui.launchConfigurations.LaunchConfigurationTabGroupViewer.refresh(LaunchConfigurationTabGroupViewer.java:528)
	at org.eclipse.debug.internal.ui.launchConfigurations.LaunchConfigurationsDialog.updateButtons(LaunchConfigurationsDialog.java:1639)
	at org.eclipse.debug.ui.AbstractLaunchConfigurationTab.updateLaunchConfigurationDialog(AbstractLaunchConfigurationTab.java:155)
	at org.eclipse.debug.ui.AbstractLaunchConfigurationTab$1.runInUIThread(AbstractLaunchConfigurationTab.java:513)
	at org.eclipse.ui.progress.UIJob.lambda$0(UIJob.java:148)
	at org.eclipse.swt.widgets.RunnableLock.run(RunnableLock.java:40)
	at org.eclipse.swt.widgets.Synchronizer.runAsyncMessages(Synchronizer.java:132)
	at org.eclipse.swt.widgets.Display.runAsyncMessages(Display.java:4135)
	at org.eclipse.swt.widgets.Display.readAndDispatch(Display.java:3751)
	at org.eclipse.jface.window.Window.runEventLoop(Window.java:823)
	at org.eclipse.jface.window.Window.open(Window.java:799)
	at org.eclipse.debug.internal.ui.launchConfigurations.LaunchConfigurationsDialog.open(LaunchConfigurationsDialog.java:1229)
	at org.eclipse.debug.ui.DebugUITools.lambda$1(DebugUITools.java:628)
	at org.eclipse.swt.custom.BusyIndicator.showWhile(BusyIndicator.java:67)
	at org.eclipse.debug.ui.DebugUITools.openLaunchConfigurationDialogOnGroup(DebugUITools.java:634)
	at org.eclipse.debug.ui.DebugUITools.openLaunchConfigurationDialogOnGroup(DebugUITools.java:572)
	at org.eclipse.debug.ui.actions.OpenLaunchDialogAction.run(OpenLaunchDialogAction.java:85)
	at org.eclipse.debug.ui.actions.OpenLaunchDialogAction.runWithEvent(OpenLaunchDialogAction.java:91)
	at org.eclipse.ui.internal.PluginAction.runWithEvent(PluginAction.java:229)
	at org.eclipse.ui.internal.WWinPluginAction.runWithEvent(WWinPluginAction.java:218)
	at org.eclipse.jface.action.ActionContributionItem.handleWidgetSelection(ActionContributionItem.java:581)
	at org.eclipse.jface.action.ActionContributionItem.lambda$4(ActionContributionItem.java:415)
	at org.eclipse.swt.widgets.EventTable.sendEvent(EventTable.java:91)
	at org.eclipse.swt.widgets.Display.sendEvent(Display.java:4362)
	at org.eclipse.swt.widgets.Widget.sendEvent(Widget.java:1214)
	at org.eclipse.swt.widgets.Display.runDeferredEvents(Display.java:4160)
	at org.eclipse.swt.widgets.Display.readAndDispatch(Display.java:3748)
	at org.eclipse.e4.ui.internal.workbench.swt.PartRenderingEngine$5.run(PartRenderingEngine.java:1151)
	at org.eclipse.core.databinding.observable.Realm.runWithDefault(Realm.java:339)
	at org.eclipse.e4.ui.internal.workbench.swt.PartRenderingEngine.run(PartRenderingEngine.java:1042)
	at org.eclipse.e4.ui.internal.workbench.E4Workbench.createAndRunUI(E4Workbench.java:153)
	at org.eclipse.ui.internal.Workbench.lambda$3(Workbench.java:678)
	at org.eclipse.core.databinding.observable.Realm.runWithDefault(Realm.java:339)
	at org.eclipse.ui.internal.Workbench.createAndRunWorkbench(Workbench.java:583)
	at org.eclipse.ui.PlatformUI.createAndRunWorkbench(PlatformUI.java:173)
	at org.eclipse.ui.internal.ide.application.IDEApplication.start(IDEApplication.java:185)
	at org.eclipse.equinox.internal.app.EclipseAppHandle.run(EclipseAppHandle.java:219)
	at org.eclipse.equinox.internal.app.MainApplicationLauncher.run(MainApplicationLauncher.java:37)
	at org.eclipse.core.runtime.internal.adaptor.EclipseAppLauncher.runApplication(EclipseAppLauncher.java:149)
	at org.eclipse.core.runtime.internal.adaptor.EclipseAppLauncher.start(EclipseAppLauncher.java:115)
	at org.eclipse.core.runtime.adaptor.EclipseStarter.run(EclipseStarter.java:467)
	at org.eclipse.core.runtime.adaptor.EclipseStarter.run(EclipseStarter.java:298)
	at java.base/jdk.internal.reflect.DirectMethodHandleAccessor.invoke(DirectMethodHandleAccessor.java:103)
	at java.base/java.lang.reflect.Method.invoke(Method.java:580)
	at org.eclipse.equinox.launcher.Main.invokeFramework(Main.java:627)
	at org.eclipse.equinox.launcher.Main.basicRun(Main.java:575)
	at org.eclipse.equinox.launcher.Main.run(Main.java:1431)
2026-04-16 20:27:58,878 [main] ERROR o.e.m.j.i.l.MavenLaunchConfigurationListener - Launch configuration AdminLogin (1) references non-existing project Library.
org.eclipse.core.runtime.CoreException: Launch configuration AdminLogin (1) references non-existing project Library.
	at org.eclipse.jdt.launching.JavaRuntime.abort(JavaRuntime.java:1871)
	at org.eclipse.jdt.launching.JavaRuntime.getJavaProject(JavaRuntime.java:1748)
	at org.eclipse.m2e.jdt.internal.launch.MavenLaunchConfigurationListener.updateLaunchConfiguration(MavenLaunchConfigurationListener.java:66)
	at org.eclipse.m2e.jdt.internal.launch.MavenLaunchConfigurationListener.launchConfigurationChanged(MavenLaunchConfigurationListener.java:52)
	at org.eclipse.debug.internal.core.LaunchManager$ConfigurationNotifier.run(LaunchManager.java:220)
	at org.eclipse.core.runtime.SafeRunner.run(SafeRunner.java:47)
	at org.eclipse.debug.internal.core.LaunchManager$ConfigurationNotifier.notify(LaunchManager.java:204)
	at org.eclipse.debug.internal.core.LaunchConfigurationWorkingCopy.setDirty(LaunchConfigurationWorkingCopy.java:527)
	at org.eclipse.debug.internal.core.LaunchConfigurationWorkingCopy.setAttribute(LaunchConfigurationWorkingCopy.java:415)
	at org.eclipse.jdt.debug.ui.launchConfigurations.JavaMainTab.performApply(JavaMainTab.java:229)
	at org.eclipse.debug.internal.ui.launchConfigurations.LaunchConfigurationTabGroupViewer.refresh(LaunchConfigurationTabGroupViewer.java:528)
	at org.eclipse.debug.internal.ui.launchConfigurations.LaunchConfigurationsDialog.updateButtons(LaunchConfigurationsDialog.java:1639)
	at org.eclipse.debug.ui.AbstractLaunchConfigurationTab.updateLaunchConfigurationDialog(AbstractLaunchConfigurationTab.java:155)
	at org.eclipse.debug.ui.AbstractLaunchConfigurationTab$1.runInUIThread(AbstractLaunchConfigurationTab.java:513)
	at org.eclipse.ui.progress.UIJob.lambda$0(UIJob.java:148)
	at org.eclipse.swt.widgets.RunnableLock.run(RunnableLock.java:40)
	at org.eclipse.swt.widgets.Synchronizer.runAsyncMessages(Synchronizer.java:132)
	at org.eclipse.swt.widgets.Display.runAsyncMessages(Display.java:4135)
	at org.eclipse.swt.widgets.Display.readAndDispatch(Display.java:3751)
	at org.eclipse.jface.window.Window.runEventLoop(Window.java:823)
	at org.eclipse.jface.window.Window.open(Window.java:799)
	at org.eclipse.debug.internal.ui.launchConfigurations.LaunchConfigurationsDialog.open(LaunchConfigurationsDialog.java:1229)
	at org.eclipse.debug.ui.DebugUITools.lambda$1(DebugUITools.java:628)
	at org.eclipse.swt.custom.BusyIndicator.showWhile(BusyIndicator.java:67)
	at org.eclipse.debug.ui.DebugUITools.openLaunchConfigurationDialogOnGroup(DebugUITools.java:634)
	at org.eclipse.debug.ui.DebugUITools.openLaunchConfigurationDialogOnGroup(DebugUITools.java:572)
	at org.eclipse.debug.ui.actions.OpenLaunchDialogAction.run(OpenLaunchDialogAction.java:85)
	at org.eclipse.debug.ui.actions.OpenLaunchDialogAction.runWithEvent(OpenLaunchDialogAction.java:91)
	at org.eclipse.ui.internal.PluginAction.runWithEvent(PluginAction.java:229)
	at org.eclipse.ui.internal.WWinPluginAction.runWithEvent(WWinPluginAction.java:218)
	at org.eclipse.jface.action.ActionContributionItem.handleWidgetSelection(ActionContributionItem.java:581)
	at org.eclipse.jface.action.ActionContributionItem.lambda$4(ActionContributionItem.java:415)
	at org.eclipse.swt.widgets.EventTable.sendEvent(EventTable.java:91)
	at org.eclipse.swt.widgets.Display.sendEvent(Display.java:4362)
	at org.eclipse.swt.widgets.Widget.sendEvent(Widget.java:1214)
	at org.eclipse.swt.widgets.Display.runDeferredEvents(Display.java:4160)
	at org.eclipse.swt.widgets.Display.readAndDispatch(Display.java:3748)
	at org.eclipse.e4.ui.internal.workbench.swt.PartRenderingEngine$5.run(PartRenderingEngine.java:1151)
	at org.eclipse.core.databinding.observable.Realm.runWithDefault(Realm.java:339)
	at org.eclipse.e4.ui.internal.workbench.swt.PartRenderingEngine.run(PartRenderingEngine.java:1042)
	at org.eclipse.e4.ui.internal.workbench.E4Workbench.createAndRunUI(E4Workbench.java:153)
	at org.eclipse.ui.internal.Workbench.lambda$3(Workbench.java:678)
	at org.eclipse.core.databinding.observable.Realm.runWithDefault(Realm.java:339)
	at org.eclipse.ui.internal.Workbench.createAndRunWorkbench(Workbench.java:583)
	at org.eclipse.ui.PlatformUI.createAndRunWorkbench(PlatformUI.java:173)
	at org.eclipse.ui.internal.ide.application.IDEApplication.start(IDEApplication.java:185)
	at org.eclipse.equinox.internal.app.EclipseAppHandle.run(EclipseAppHandle.java:219)
	at org.eclipse.equinox.internal.app.MainApplicationLauncher.run(MainApplicationLauncher.java:37)
	at org.eclipse.core.runtime.internal.adaptor.EclipseAppLauncher.runApplication(EclipseAppLauncher.java:149)
	at org.eclipse.core.runtime.internal.adaptor.EclipseAppLauncher.start(EclipseAppLauncher.java:115)
	at org.eclipse.core.runtime.adaptor.EclipseStarter.run(EclipseStarter.java:467)
	at org.eclipse.core.runtime.adaptor.EclipseStarter.run(EclipseStarter.java:298)
	at java.base/jdk.internal.reflect.DirectMethodHandleAccessor.invoke(DirectMethodHandleAccessor.java:103)
	at java.base/java.lang.reflect.Method.invoke(Method.java:580)
	at org.eclipse.equinox.launcher.Main.invokeFramework(Main.java:627)
	at org.eclipse.equinox.launcher.Main.basicRun(Main.java:575)
	at org.eclipse.equinox.launcher.Main.run(Main.java:1431)
2026-04-16 20:27:58,881 [main] ERROR o.e.m.j.i.l.MavenLaunchConfigurationListener - Launch configuration AdminLogin (1) references non-existing project Library.
org.eclipse.core.runtime.CoreException: Launch configuration AdminLogin (1) references non-existing project Library.
	at org.eclipse.jdt.launching.JavaRuntime.abort(JavaRuntime.java:1871)
	at org.eclipse.jdt.launching.JavaRuntime.getJavaProject(JavaRuntime.java:1748)
	at org.eclipse.m2e.jdt.internal.launch.MavenLaunchConfigurationListener.updateLaunchConfiguration(MavenLaunchConfigurationListener.java:66)
	at org.eclipse.m2e.jdt.internal.launch.MavenLaunchConfigurationListener.launchConfigurationChanged(MavenLaunchConfigurationListener.java:52)
	at org.eclipse.debug.internal.core.LaunchManager$ConfigurationNotifier.run(LaunchManager.java:220)
	at org.eclipse.core.runtime.SafeRunner.run(SafeRunner.java:47)
	at org.eclipse.debug.internal.core.LaunchManager$ConfigurationNotifier.notify(LaunchManager.java:204)
	at org.eclipse.debug.internal.core.LaunchConfigurationWorkingCopy.setDirty(LaunchConfigurationWorkingCopy.java:527)
	at org.eclipse.debug.internal.core.LaunchConfigurationWorkingCopy.setAttribute(LaunchConfigurationWorkingCopy.java:415)
	at org.eclipse.jdt.debug.ui.launchConfigurations.JavaMainTab.performApply(JavaMainTab.java:230)
	at org.eclipse.debug.internal.ui.launchConfigurations.LaunchConfigurationTabGroupViewer.refresh(LaunchConfigurationTabGroupViewer.java:528)
	at org.eclipse.debug.internal.ui.launchConfigurations.LaunchConfigurationsDialog.updateButtons(LaunchConfigurationsDialog.java:1639)
	at org.eclipse.debug.ui.AbstractLaunchConfigurationTab.updateLaunchConfigurationDialog(AbstractLaunchConfigurationTab.java:155)
	at org.eclipse.debug.ui.AbstractLaunchConfigurationTab$1.runInUIThread(AbstractLaunchConfigurationTab.java:513)
	at org.eclipse.ui.progress.UIJob.lambda$0(UIJob.java:148)
	at org.eclipse.swt.widgets.RunnableLock.run(RunnableLock.java:40)
	at org.eclipse.swt.widgets.Synchronizer.runAsyncMessages(Synchronizer.java:132)
	at org.eclipse.swt.widgets.Display.runAsyncMessages(Display.java:4135)
	at org.eclipse.swt.widgets.Display.readAndDispatch(Display.java:3751)
	at org.eclipse.jface.window.Window.runEventLoop(Window.java:823)
	at org.eclipse.jface.window.Window.open(Window.java:799)
	at org.eclipse.debug.internal.ui.launchConfigurations.LaunchConfigurationsDialog.open(LaunchConfigurationsDialog.java:1229)
	at org.eclipse.debug.ui.DebugUITools.lambda$1(DebugUITools.java:628)
	at org.eclipse.swt.custom.BusyIndicator.showWhile(BusyIndicator.java:67)
	at org.eclipse.debug.ui.DebugUITools.openLaunchConfigurationDialogOnGroup(DebugUITools.java:634)
	at org.eclipse.debug.ui.DebugUITools.openLaunchConfigurationDialogOnGroup(DebugUITools.java:572)
	at org.eclipse.debug.ui.actions.OpenLaunchDialogAction.run(OpenLaunchDialogAction.java:85)
	at org.eclipse.debug.ui.actions.OpenLaunchDialogAction.runWithEvent(OpenLaunchDialogAction.java:91)
	at org.eclipse.ui.internal.PluginAction.runWithEvent(PluginAction.java:229)
	at org.eclipse.ui.internal.WWinPluginAction.runWithEvent(WWinPluginAction.java:218)
	at org.eclipse.jface.action.ActionContributionItem.handleWidgetSelection(ActionContributionItem.java:581)
	at org.eclipse.jface.action.ActionContributionItem.lambda$4(ActionContributionItem.java:415)
	at org.eclipse.swt.widgets.EventTable.sendEvent(EventTable.java:91)
	at org.eclipse.swt.widgets.Display.sendEvent(Display.java:4362)
	at org.eclipse.swt.widgets.Widget.sendEvent(Widget.java:1214)
	at org.eclipse.swt.widgets.Display.runDeferredEvents(Display.java:4160)
	at org.eclipse.swt.widgets.Display.readAndDispatch(Display.java:3748)
	at org.eclipse.e4.ui.internal.workbench.swt.PartRenderingEngine$5.run(PartRenderingEngine.java:1151)
	at org.eclipse.core.databinding.observable.Realm.runWithDefault(Realm.java:339)
	at org.eclipse.e4.ui.internal.workbench.swt.PartRenderingEngine.run(PartRenderingEngine.java:1042)
	at org.eclipse.e4.ui.internal.workbench.E4Workbench.createAndRunUI(E4Workbench.java:153)
	at org.eclipse.ui.internal.Workbench.lambda$3(Workbench.java:678)
	at org.eclipse.core.databinding.observable.Realm.runWithDefault(Realm.java:339)
	at org.eclipse.ui.internal.Workbench.createAndRunWorkbench(Workbench.java:583)
	at org.eclipse.ui.PlatformUI.createAndRunWorkbench(PlatformUI.java:173)
	at org.eclipse.ui.internal.ide.application.IDEApplication.start(IDEApplication.java:185)
	at org.eclipse.equinox.internal.app.EclipseAppHandle.run(EclipseAppHandle.java:219)
	at org.eclipse.equinox.internal.app.MainApplicationLauncher.run(MainApplicationLauncher.java:37)
	at org.eclipse.core.runtime.internal.adaptor.EclipseAppLauncher.runApplication(EclipseAppLauncher.java:149)
	at org.eclipse.core.runtime.internal.adaptor.EclipseAppLauncher.start(EclipseAppLauncher.java:115)
	at org.eclipse.core.runtime.adaptor.EclipseStarter.run(EclipseStarter.java:467)
	at org.eclipse.core.runtime.adaptor.EclipseStarter.run(EclipseStarter.java:298)
	at java.base/jdk.internal.reflect.DirectMethodHandleAccessor.invoke(DirectMethodHandleAccessor.java:103)
	at java.base/java.lang.reflect.Method.invoke(Method.java:580)
	at org.eclipse.equinox.launcher.Main.invokeFramework(Main.java:627)
	at org.eclipse.equinox.launcher.Main.basicRun(Main.java:575)
	at org.eclipse.equinox.launcher.Main.run(Main.java:1431)
2026-04-16 20:27:58,884 [main] ERROR o.e.m.j.i.l.MavenLaunchConfigurationListener - Launch configuration AdminLogin (1) references non-existing project Library.
org.eclipse.core.runtime.CoreException: Launch configuration AdminLogin (1) references non-existing project Library.
	at org.eclipse.jdt.launching.JavaRuntime.abort(JavaRuntime.java:1871)
	at org.eclipse.jdt.launching.JavaRuntime.getJavaProject(JavaRuntime.java:1748)
	at org.eclipse.m2e.jdt.internal.launch.MavenLaunchConfigurationListener.updateLaunchConfiguration(MavenLaunchConfigurationListener.java:66)
	at org.eclipse.m2e.jdt.internal.launch.MavenLaunchConfigurationListener.launchConfigurationChanged(MavenLaunchConfigurationListener.java:52)
	at org.eclipse.debug.internal.core.LaunchManager$ConfigurationNotifier.run(LaunchManager.java:220)
	at org.eclipse.core.runtime.SafeRunner.run(SafeRunner.java:47)
	at org.eclipse.debug.internal.core.LaunchManager$ConfigurationNotifier.notify(LaunchManager.java:204)
	at org.eclipse.debug.internal.core.LaunchConfigurationWorkingCopy.setDirty(LaunchConfigurationWorkingCopy.java:527)
	at org.eclipse.debug.internal.core.LaunchConfigurationWorkingCopy.setAttribute(LaunchConfigurationWorkingCopy.java:415)
	at org.eclipse.jdt.debug.ui.launchConfigurations.JavaMainTab.performApply(JavaMainTab.java:238)
	at org.eclipse.debug.internal.ui.launchConfigurations.LaunchConfigurationTabGroupViewer.refresh(LaunchConfigurationTabGroupViewer.java:528)
	at org.eclipse.debug.internal.ui.launchConfigurations.LaunchConfigurationsDialog.updateButtons(LaunchConfigurationsDialog.java:1639)
	at org.eclipse.debug.ui.AbstractLaunchConfigurationTab.updateLaunchConfigurationDialog(AbstractLaunchConfigurationTab.java:155)
	at org.eclipse.debug.ui.AbstractLaunchConfigurationTab$1.runInUIThread(AbstractLaunchConfigurationTab.java:513)
	at org.eclipse.ui.progress.UIJob.lambda$0(UIJob.java:148)
	at org.eclipse.swt.widgets.RunnableLock.run(RunnableLock.java:40)
	at org.eclipse.swt.widgets.Synchronizer.runAsyncMessages(Synchronizer.java:132)
	at org.eclipse.swt.widgets.Display.runAsyncMessages(Display.java:4135)
	at org.eclipse.swt.widgets.Display.readAndDispatch(Display.java:3751)
	at org.eclipse.jface.window.Window.runEventLoop(Window.java:823)
	at org.eclipse.jface.window.Window.open(Window.java:799)
	at org.eclipse.debug.internal.ui.launchConfigurations.LaunchConfigurationsDialog.open(LaunchConfigurationsDialog.java:1229)
	at org.eclipse.debug.ui.DebugUITools.lambda$1(DebugUITools.java:628)
	at org.eclipse.swt.custom.BusyIndicator.showWhile(BusyIndicator.java:67)
	at org.eclipse.debug.ui.DebugUITools.openLaunchConfigurationDialogOnGroup(DebugUITools.java:634)
	at org.eclipse.debug.ui.DebugUITools.openLaunchConfigurationDialogOnGroup(DebugUITools.java:572)
	at org.eclipse.debug.ui.actions.OpenLaunchDialogAction.run(OpenLaunchDialogAction.java:85)
	at org.eclipse.debug.ui.actions.OpenLaunchDialogAction.runWithEvent(OpenLaunchDialogAction.java:91)
	at org.eclipse.ui.internal.PluginAction.runWithEvent(PluginAction.java:229)
	at org.eclipse.ui.internal.WWinPluginAction.runWithEvent(WWinPluginAction.java:218)
	at org.eclipse.jface.action.ActionContributionItem.handleWidgetSelection(ActionContributionItem.java:581)
	at org.eclipse.jface.action.ActionContributionItem.lambda$4(ActionContributionItem.java:415)
	at org.eclipse.swt.widgets.EventTable.sendEvent(EventTable.java:91)
	at org.eclipse.swt.widgets.Display.sendEvent(Display.java:4362)
	at org.eclipse.swt.widgets.Widget.sendEvent(Widget.java:1214)
	at org.eclipse.swt.widgets.Display.runDeferredEvents(Display.java:4160)
	at org.eclipse.swt.widgets.Display.readAndDispatch(Display.java:3748)
	at org.eclipse.e4.ui.internal.workbench.swt.PartRenderingEngine$5.run(PartRenderingEngine.java:1151)
	at org.eclipse.core.databinding.observable.Realm.runWithDefault(Realm.java:339)
	at org.eclipse.e4.ui.internal.workbench.swt.PartRenderingEngine.run(PartRenderingEngine.java:1042)
	at org.eclipse.e4.ui.internal.workbench.E4Workbench.createAndRunUI(E4Workbench.java:153)
	at org.eclipse.ui.internal.Workbench.lambda$3(Workbench.java:678)
	at org.eclipse.core.databinding.observable.Realm.runWithDefault(Realm.java:339)
	at org.eclipse.ui.internal.Workbench.createAndRunWorkbench(Workbench.java:583)
	at org.eclipse.ui.PlatformUI.createAndRunWorkbench(PlatformUI.java:173)
	at org.eclipse.ui.internal.ide.application.IDEApplication.start(IDEApplication.java:185)
	at org.eclipse.equinox.internal.app.EclipseAppHandle.run(EclipseAppHandle.java:219)
	at org.eclipse.equinox.internal.app.MainApplicationLauncher.run(MainApplicationLauncher.java:37)
	at org.eclipse.core.runtime.internal.adaptor.EclipseAppLauncher.runApplication(EclipseAppLauncher.java:149)
	at org.eclipse.core.runtime.internal.adaptor.EclipseAppLauncher.start(EclipseAppLauncher.java:115)
	at org.eclipse.core.runtime.adaptor.EclipseStarter.run(EclipseStarter.java:467)
	at org.eclipse.core.runtime.adaptor.EclipseStarter.run(EclipseStarter.java:298)
	at java.base/jdk.internal.reflect.DirectMethodHandleAccessor.invoke(DirectMethodHandleAccessor.java:103)
	at java.base/java.lang.reflect.Method.invoke(Method.java:580)
	at org.eclipse.equinox.launcher.Main.invokeFramework(Main.java:627)
	at org.eclipse.equinox.launcher.Main.basicRun(Main.java:575)
	at org.eclipse.equinox.launcher.Main.run(Main.java:1431)
2026-04-16 20:27:58,887 [main] ERROR o.e.m.j.i.l.MavenLaunchConfigurationListener - Launch configuration AdminLogin (1) references non-existing project Library.
org.eclipse.core.runtime.CoreException: Launch configuration AdminLogin (1) references non-existing project Library.
	at org.eclipse.jdt.launching.JavaRuntime.abort(JavaRuntime.java:1871)
	at org.eclipse.jdt.launching.JavaRuntime.getJavaProject(JavaRuntime.java:1748)
	at org.eclipse.m2e.jdt.internal.launch.MavenLaunchConfigurationListener.updateLaunchConfiguration(MavenLaunchConfigurationListener.java:66)
	at org.eclipse.m2e.jdt.internal.launch.MavenLaunchConfigurationListener.launchConfigurationChanged(MavenLaunchConfigurationListener.java:52)
	at org.eclipse.debug.internal.core.LaunchManager$ConfigurationNotifier.run(LaunchManager.java:220)
	at org.eclipse.core.runtime.SafeRunner.run(SafeRunner.java:47)
	at org.eclipse.debug.internal.core.LaunchManager$ConfigurationNotifier.notify(LaunchManager.java:204)
	at org.eclipse.debug.internal.core.LaunchConfigurationWorkingCopy.setDirty(LaunchConfigurationWorkingCopy.java:527)
	at org.eclipse.debug.internal.core.LaunchConfigurationWorkingCopy.setAttribute(LaunchConfigurationWorkingCopy.java:415)
	at org.eclipse.jdt.debug.ui.launchConfigurations.JavaMainTab.performApply(JavaMainTab.java:246)
	at org.eclipse.debug.internal.ui.launchConfigurations.LaunchConfigurationTabGroupViewer.refresh(LaunchConfigurationTabGroupViewer.java:528)
	at org.eclipse.debug.internal.ui.launchConfigurations.LaunchConfigurationsDialog.updateButtons(LaunchConfigurationsDialog.java:1639)
	at org.eclipse.debug.ui.AbstractLaunchConfigurationTab.updateLaunchConfigurationDialog(AbstractLaunchConfigurationTab.java:155)
	at org.eclipse.debug.ui.AbstractLaunchConfigurationTab$1.runInUIThread(AbstractLaunchConfigurationTab.java:513)
	at org.eclipse.ui.progress.UIJob.lambda$0(UIJob.java:148)
	at org.eclipse.swt.widgets.RunnableLock.run(RunnableLock.java:40)
	at org.eclipse.swt.widgets.Synchronizer.runAsyncMessages(Synchronizer.java:132)
	at org.eclipse.swt.widgets.Display.runAsyncMessages(Display.java:4135)
	at org.eclipse.swt.widgets.Display.readAndDispatch(Display.java:3751)
	at org.eclipse.jface.window.Window.runEventLoop(Window.java:823)
	at org.eclipse.jface.window.Window.open(Window.java:799)
	at org.eclipse.debug.internal.ui.launchConfigurations.LaunchConfigurationsDialog.open(LaunchConfigurationsDialog.java:1229)
	at org.eclipse.debug.ui.DebugUITools.lambda$1(DebugUITools.java:628)
	at org.eclipse.swt.custom.BusyIndicator.showWhile(BusyIndicator.java:67)
	at org.eclipse.debug.ui.DebugUITools.openLaunchConfigurationDialogOnGroup(DebugUITools.java:634)
	at org.eclipse.debug.ui.DebugUITools.openLaunchConfigurationDialogOnGroup(DebugUITools.java:572)
	at org.eclipse.debug.ui.actions.OpenLaunchDialogAction.run(OpenLaunchDialogAction.java:85)
	at org.eclipse.debug.ui.actions.OpenLaunchDialogAction.runWithEvent(OpenLaunchDialogAction.java:91)
	at org.eclipse.ui.internal.PluginAction.runWithEvent(PluginAction.java:229)
	at org.eclipse.ui.internal.WWinPluginAction.runWithEvent(WWinPluginAction.java:218)
	at org.eclipse.jface.action.ActionContributionItem.handleWidgetSelection(ActionContributionItem.java:581)
	at org.eclipse.jface.action.ActionContributionItem.lambda$4(ActionContributionItem.java:415)
	at org.eclipse.swt.widgets.EventTable.sendEvent(EventTable.java:91)
	at org.eclipse.swt.widgets.Display.sendEvent(Display.java:4362)
	at org.eclipse.swt.widgets.Widget.sendEvent(Widget.java:1214)
	at org.eclipse.swt.widgets.Display.runDeferredEvents(Display.java:4160)
	at org.eclipse.swt.widgets.Display.readAndDispatch(Display.java:3748)
	at org.eclipse.e4.ui.internal.workbench.swt.PartRenderingEngine$5.run(PartRenderingEngine.java:1151)
	at org.eclipse.core.databinding.observable.Realm.runWithDefault(Realm.java:339)
	at org.eclipse.e4.ui.internal.workbench.swt.PartRenderingEngine.run(PartRenderingEngine.java:1042)
	at org.eclipse.e4.ui.internal.workbench.E4Workbench.createAndRunUI(E4Workbench.java:153)
	at org.eclipse.ui.internal.Workbench.lambda$3(Workbench.java:678)
	at org.eclipse.core.databinding.observable.Realm.runWithDefault(Realm.java:339)
	at org.eclipse.ui.internal.Workbench.createAndRunWorkbench(Workbench.java:583)
	at org.eclipse.ui.PlatformUI.createAndRunWorkbench(PlatformUI.java:173)
	at org.eclipse.ui.internal.ide.application.IDEApplication.start(IDEApplication.java:185)
	at org.eclipse.equinox.internal.app.EclipseAppHandle.run(EclipseAppHandle.java:219)
	at org.eclipse.equinox.internal.app.MainApplicationLauncher.run(MainApplicationLauncher.java:37)
	at org.eclipse.core.runtime.internal.adaptor.EclipseAppLauncher.runApplication(EclipseAppLauncher.java:149)
	at org.eclipse.core.runtime.internal.adaptor.EclipseAppLauncher.start(EclipseAppLauncher.java:115)
	at org.eclipse.core.runtime.adaptor.EclipseStarter.run(EclipseStarter.java:467)
	at org.eclipse.core.runtime.adaptor.EclipseStarter.run(EclipseStarter.java:298)
	at java.base/jdk.internal.reflect.DirectMethodHandleAccessor.invoke(DirectMethodHandleAccessor.java:103)
	at java.base/java.lang.reflect.Method.invoke(Method.java:580)
	at org.eclipse.equinox.launcher.Main.invokeFramework(Main.java:627)
	at org.eclipse.equinox.launcher.Main.basicRun(Main.java:575)
	at org.eclipse.equinox.launcher.Main.run(Main.java:1431)
2026-04-16 20:27:58,890 [main] ERROR o.e.m.j.i.l.MavenLaunchConfigurationListener - Launch configuration AdminLogin (1) references non-existing project Library.
org.eclipse.core.runtime.CoreException: Launch configuration AdminLogin (1) references non-existing project Library.
	at org.eclipse.jdt.launching.JavaRuntime.abort(JavaRuntime.java:1871)
	at org.eclipse.jdt.launching.JavaRuntime.getJavaProject(JavaRuntime.java:1748)
	at org.eclipse.m2e.jdt.internal.launch.MavenLaunchConfigurationListener.updateLaunchConfiguration(MavenLaunchConfigurationListener.java:66)
	at org.eclipse.m2e.jdt.internal.launch.MavenLaunchConfigurationListener.launchConfigurationChanged(MavenLaunchConfigurationListener.java:52)
	at org.eclipse.debug.internal.core.LaunchManager$ConfigurationNotifier.run(LaunchManager.java:220)
	at org.eclipse.core.runtime.SafeRunner.run(SafeRunner.java:47)
	at org.eclipse.debug.internal.core.LaunchManager$ConfigurationNotifier.notify(LaunchManager.java:204)
	at org.eclipse.debug.internal.core.LaunchConfigurationWorkingCopy.setDirty(LaunchConfigurationWorkingCopy.java:527)
	at org.eclipse.debug.internal.core.LaunchConfigurationWorkingCopy.setAttribute(LaunchConfigurationWorkingCopy.java:415)
	at org.eclipse.jdt.debug.ui.launchConfigurations.JavaMainTab.performApply(JavaMainTab.java:254)
	at org.eclipse.debug.internal.ui.launchConfigurations.LaunchConfigurationTabGroupViewer.refresh(LaunchConfigurationTabGroupViewer.java:528)
	at org.eclipse.debug.internal.ui.launchConfigurations.LaunchConfigurationsDialog.updateButtons(LaunchConfigurationsDialog.java:1639)
	at org.eclipse.debug.ui.AbstractLaunchConfigurationTab.updateLaunchConfigurationDialog(AbstractLaunchConfigurationTab.java:155)
	at org.eclipse.debug.ui.AbstractLaunchConfigurationTab$1.runInUIThread(AbstractLaunchConfigurationTab.java:513)
	at org.eclipse.ui.progress.UIJob.lambda$0(UIJob.java:148)
	at org.eclipse.swt.widgets.RunnableLock.run(RunnableLock.java:40)
	at org.eclipse.swt.widgets.Synchronizer.runAsyncMessages(Synchronizer.java:132)
	at org.eclipse.swt.widgets.Display.runAsyncMessages(Display.java:4135)
	at org.eclipse.swt.widgets.Display.readAndDispatch(Display.java:3751)
	at org.eclipse.jface.window.Window.runEventLoop(Window.java:823)
	at org.eclipse.jface.window.Window.open(Window.java:799)
	at org.eclipse.debug.internal.ui.launchConfigurations.LaunchConfigurationsDialog.open(LaunchConfigurationsDialog.java:1229)
	at org.eclipse.debug.ui.DebugUITools.lambda$1(DebugUITools.java:628)
	at org.eclipse.swt.custom.BusyIndicator.showWhile(BusyIndicator.java:67)
	at org.eclipse.debug.ui.DebugUITools.openLaunchConfigurationDialogOnGroup(DebugUITools.java:634)
	at org.eclipse.debug.ui.DebugUITools.openLaunchConfigurationDialogOnGroup(DebugUITools.java:572)
	at org.eclipse.debug.ui.actions.OpenLaunchDialogAction.run(OpenLaunchDialogAction.java:85)
	at org.eclipse.debug.ui.actions.OpenLaunchDialogAction.runWithEvent(OpenLaunchDialogAction.java:91)
	at org.eclipse.ui.internal.PluginAction.runWithEvent(PluginAction.java:229)
	at org.eclipse.ui.internal.WWinPluginAction.runWithEvent(WWinPluginAction.java:218)
	at org.eclipse.jface.action.ActionContributionItem.handleWidgetSelection(ActionContributionItem.java:581)
	at org.eclipse.jface.action.ActionContributionItem.lambda$4(ActionContributionItem.java:415)
	at org.eclipse.swt.widgets.EventTable.sendEvent(EventTable.java:91)
	at org.eclipse.swt.widgets.Display.sendEvent(Display.java:4362)
	at org.eclipse.swt.widgets.Widget.sendEvent(Widget.java:1214)
	at org.eclipse.swt.widgets.Display.runDeferredEvents(Display.java:4160)
	at org.eclipse.swt.widgets.Display.readAndDispatch(Display.java:3748)
	at org.eclipse.e4.ui.internal.workbench.swt.PartRenderingEngine$5.run(PartRenderingEngine.java:1151)
	at org.eclipse.core.databinding.observable.Realm.runWithDefault(Realm.java:339)
	at org.eclipse.e4.ui.internal.workbench.swt.PartRenderingEngine.run(PartRenderingEngine.java:1042)
	at org.eclipse.e4.ui.internal.workbench.E4Workbench.createAndRunUI(E4Workbench.java:153)
	at org.eclipse.ui.internal.Workbench.lambda$3(Workbench.java:678)
	at org.eclipse.core.databinding.observable.Realm.runWithDefault(Realm.java:339)
	at org.eclipse.ui.internal.Workbench.createAndRunWorkbench(Workbench.java:583)
	at org.eclipse.ui.PlatformUI.createAndRunWorkbench(PlatformUI.java:173)
	at org.eclipse.ui.internal.ide.application.IDEApplication.start(IDEApplication.java:185)
	at org.eclipse.equinox.internal.app.EclipseAppHandle.run(EclipseAppHandle.java:219)
	at org.eclipse.equinox.internal.app.MainApplicationLauncher.run(MainApplicationLauncher.java:37)
	at org.eclipse.core.runtime.internal.adaptor.EclipseAppLauncher.runApplication(EclipseAppLauncher.java:149)
	at org.eclipse.core.runtime.internal.adaptor.EclipseAppLauncher.start(EclipseAppLauncher.java:115)
	at org.eclipse.core.runtime.adaptor.EclipseStarter.run(EclipseStarter.java:467)
	at org.eclipse.core.runtime.adaptor.EclipseStarter.run(EclipseStarter.java:298)
	at java.base/jdk.internal.reflect.DirectMethodHandleAccessor.invoke(DirectMethodHandleAccessor.java:103)
	at java.base/java.lang.reflect.Method.invoke(Method.java:580)
	at org.eclipse.equinox.launcher.Main.invokeFramework(Main.java:627)
	at org.eclipse.equinox.launcher.Main.basicRun(Main.java:575)
	at org.eclipse.equinox.launcher.Main.run(Main.java:1431)
2026-04-16 20:27:58,904 [main] ERROR o.e.m.j.i.l.MavenLaunchConfigurationListener - Launch configuration AdminLogin (1) references non-existing project Library.
org.eclipse.core.runtime.CoreException: Launch configuration AdminLogin (1) references non-existing project Library.
	at org.eclipse.jdt.launching.JavaRuntime.abort(JavaRuntime.java:1871)
	at org.eclipse.jdt.launching.JavaRuntime.getJavaProject(JavaRuntime.java:1748)
	at org.eclipse.m2e.jdt.internal.launch.MavenLaunchConfigurationListener.updateLaunchConfiguration(MavenLaunchConfigurationListener.java:66)
	at org.eclipse.m2e.jdt.internal.launch.MavenLaunchConfigurationListener.launchConfigurationChanged(MavenLaunchConfigurationListener.java:52)
	at org.eclipse.debug.internal.core.LaunchManager$ConfigurationNotifier.run(LaunchManager.java:220)
	at org.eclipse.core.runtime.SafeRunner.run(SafeRunner.java:47)
	at org.eclipse.debug.internal.core.LaunchManager$ConfigurationNotifier.notify(LaunchManager.java:204)
	at org.eclipse.debug.internal.core.LaunchConfigurationWorkingCopy.setDirty(LaunchConfigurationWorkingCopy.java:527)
	at org.eclipse.debug.internal.core.LaunchConfigurationWorkingCopy.setAttribute(LaunchConfigurationWorkingCopy.java:415)
	at org.eclipse.jdt.debug.ui.launchConfigurations.JavaMainTab.performApply(JavaMainTab.java:228)
	at org.eclipse.debug.internal.ui.launchConfigurations.LaunchConfigurationTabGroupViewer.refresh(LaunchConfigurationTabGroupViewer.java:528)
	at org.eclipse.debug.internal.ui.launchConfigurations.LaunchConfigurationsDialog.updateButtons(LaunchConfigurationsDialog.java:1639)
	at org.eclipse.debug.ui.AbstractLaunchConfigurationTab.updateLaunchConfigurationDialog(AbstractLaunchConfigurationTab.java:155)
	at org.eclipse.debug.ui.AbstractLaunchConfigurationTab$1.runInUIThread(AbstractLaunchConfigurationTab.java:513)
	at org.eclipse.ui.progress.UIJob.lambda$0(UIJob.java:148)
	at org.eclipse.swt.widgets.RunnableLock.run(RunnableLock.java:40)
	at org.eclipse.swt.widgets.Synchronizer.runAsyncMessages(Synchronizer.java:132)
	at org.eclipse.swt.widgets.Display.runAsyncMessages(Display.java:4135)
	at org.eclipse.swt.widgets.Display.readAndDispatch(Display.java:3751)
	at org.eclipse.jface.window.Window.runEventLoop(Window.java:823)
	at org.eclipse.jface.window.Window.open(Window.java:799)
	at org.eclipse.debug.internal.ui.launchConfigurations.LaunchConfigurationsDialog.open(LaunchConfigurationsDialog.java:1229)
	at org.eclipse.debug.ui.DebugUITools.lambda$1(DebugUITools.java:628)
	at org.eclipse.swt.custom.BusyIndicator.showWhile(BusyIndicator.java:67)
	at org.eclipse.debug.ui.DebugUITools.openLaunchConfigurationDialogOnGroup(DebugUITools.java:634)
	at org.eclipse.debug.ui.DebugUITools.openLaunchConfigurationDialogOnGroup(DebugUITools.java:572)
	at org.eclipse.debug.ui.actions.OpenLaunchDialogAction.run(OpenLaunchDialogAction.java:85)
	at org.eclipse.debug.ui.actions.OpenLaunchDialogAction.runWithEvent(OpenLaunchDialogAction.java:91)
	at org.eclipse.ui.internal.PluginAction.runWithEvent(PluginAction.java:229)
	at org.eclipse.ui.internal.WWinPluginAction.runWithEvent(WWinPluginAction.java:218)
	at org.eclipse.jface.action.ActionContributionItem.handleWidgetSelection(ActionContributionItem.java:581)
	at org.eclipse.jface.action.ActionContributionItem.lambda$4(ActionContributionItem.java:415)
	at org.eclipse.swt.widgets.EventTable.sendEvent(EventTable.java:91)
	at org.eclipse.swt.widgets.Display.sendEvent(Display.java:4362)
	at org.eclipse.swt.widgets.Widget.sendEvent(Widget.java:1214)
	at org.eclipse.swt.widgets.Display.runDeferredEvents(Display.java:4160)
	at org.eclipse.swt.widgets.Display.readAndDispatch(Display.java:3748)
	at org.eclipse.e4.ui.internal.workbench.swt.PartRenderingEngine$5.run(PartRenderingEngine.java:1151)
	at org.eclipse.core.databinding.observable.Realm.runWithDefault(Realm.java:339)
	at org.eclipse.e4.ui.internal.workbench.swt.PartRenderingEngine.run(PartRenderingEngine.java:1042)
	at org.eclipse.e4.ui.internal.workbench.E4Workbench.createAndRunUI(E4Workbench.java:153)
	at org.eclipse.ui.internal.Workbench.lambda$3(Workbench.java:678)
	at org.eclipse.core.databinding.observable.Realm.runWithDefault(Realm.java:339)
	at org.eclipse.ui.internal.Workbench.createAndRunWorkbench(Workbench.java:583)
	at org.eclipse.ui.PlatformUI.createAndRunWorkbench(PlatformUI.java:173)
	at org.eclipse.ui.internal.ide.application.IDEApplication.start(IDEApplication.java:185)
	at org.eclipse.equinox.internal.app.EclipseAppHandle.run(EclipseAppHandle.java:219)
	at org.eclipse.equinox.internal.app.MainApplicationLauncher.run(MainApplicationLauncher.java:37)
	at org.eclipse.core.runtime.internal.adaptor.EclipseAppLauncher.runApplication(EclipseAppLauncher.java:149)
	at org.eclipse.core.runtime.internal.adaptor.EclipseAppLauncher.start(EclipseAppLauncher.java:115)
	at org.eclipse.core.runtime.adaptor.EclipseStarter.run(EclipseStarter.java:467)
	at org.eclipse.core.runtime.adaptor.EclipseStarter.run(EclipseStarter.java:298)
	at java.base/jdk.internal.reflect.DirectMethodHandleAccessor.invoke(DirectMethodHandleAccessor.java:103)
	at java.base/java.lang.reflect.Method.invoke(Method.java:580)
	at org.eclipse.equinox.launcher.Main.invokeFramework(Main.java:627)
	at org.eclipse.equinox.launcher.Main.basicRun(Main.java:575)
	at org.eclipse.equinox.launcher.Main.run(Main.java:1431)
2026-04-16 20:27:58,907 [main] ERROR o.e.m.j.i.l.MavenLaunchConfigurationListener - Launch configuration AdminLogin (1) references non-existing project Library.
org.eclipse.core.runtime.CoreException: Launch configuration AdminLogin (1) references non-existing project Library.
	at org.eclipse.jdt.launching.JavaRuntime.abort(JavaRuntime.java:1871)
	at org.eclipse.jdt.launching.JavaRuntime.getJavaProject(JavaRuntime.java:1748)
	at org.eclipse.m2e.jdt.internal.launch.MavenLaunchConfigurationListener.updateLaunchConfiguration(MavenLaunchConfigurationListener.java:66)
	at org.eclipse.m2e.jdt.internal.launch.MavenLaunchConfigurationListener.launchConfigurationChanged(MavenLaunchConfigurationListener.java:52)
	at org.eclipse.debug.internal.core.LaunchManager$ConfigurationNotifier.run(LaunchManager.java:220)
	at org.eclipse.core.runtime.SafeRunner.run(SafeRunner.java:47)
	at org.eclipse.debug.internal.core.LaunchManager$ConfigurationNotifier.notify(LaunchManager.java:204)
	at org.eclipse.debug.internal.core.LaunchConfigurationWorkingCopy.setDirty(LaunchConfigurationWorkingCopy.java:527)
	at org.eclipse.debug.internal.core.LaunchConfigurationWorkingCopy.setAttribute(LaunchConfigurationWorkingCopy.java:415)
	at org.eclipse.jdt.debug.ui.launchConfigurations.JavaMainTab.performApply(JavaMainTab.java:229)
	at org.eclipse.debug.internal.ui.launchConfigurations.LaunchConfigurationTabGroupViewer.refresh(LaunchConfigurationTabGroupViewer.java:528)
	at org.eclipse.debug.internal.ui.launchConfigurations.LaunchConfigurationsDialog.updateButtons(LaunchConfigurationsDialog.java:1639)
	at org.eclipse.debug.ui.AbstractLaunchConfigurationTab.updateLaunchConfigurationDialog(AbstractLaunchConfigurationTab.java:155)
	at org.eclipse.debug.ui.AbstractLaunchConfigurationTab$1.runInUIThread(AbstractLaunchConfigurationTab.java:513)
	at org.eclipse.ui.progress.UIJob.lambda$0(UIJob.java:148)
	at org.eclipse.swt.widgets.RunnableLock.run(RunnableLock.java:40)
	at org.eclipse.swt.widgets.Synchronizer.runAsyncMessages(Synchronizer.java:132)
	at org.eclipse.swt.widgets.Display.runAsyncMessages(Display.java:4135)
	at org.eclipse.swt.widgets.Display.readAndDispatch(Display.java:3751)
	at org.eclipse.jface.window.Window.runEventLoop(Window.java:823)
	at org.eclipse.jface.window.Window.open(Window.java:799)
	at org.eclipse.debug.internal.ui.launchConfigurations.LaunchConfigurationsDialog.open(LaunchConfigurationsDialog.java:1229)
	at org.eclipse.debug.ui.DebugUITools.lambda$1(DebugUITools.java:628)
	at org.eclipse.swt.custom.BusyIndicator.showWhile(BusyIndicator.java:67)
	at org.eclipse.debug.ui.DebugUITools.openLaunchConfigurationDialogOnGroup(DebugUITools.java:634)
	at org.eclipse.debug.ui.DebugUITools.openLaunchConfigurationDialogOnGroup(DebugUITools.java:572)
	at org.eclipse.debug.ui.actions.OpenLaunchDialogAction.run(OpenLaunchDialogAction.java:85)
	at org.eclipse.debug.ui.actions.OpenLaunchDialogAction.runWithEvent(OpenLaunchDialogAction.java:91)
	at org.eclipse.ui.internal.PluginAction.runWithEvent(PluginAction.java:229)
	at org.eclipse.ui.internal.WWinPluginAction.runWithEvent(WWinPluginAction.java:218)
	at org.eclipse.jface.action.ActionContributionItem.handleWidgetSelection(ActionContributionItem.java:581)
	at org.eclipse.jface.action.ActionContributionItem.lambda$4(ActionContributionItem.java:415)
	at org.eclipse.swt.widgets.EventTable.sendEvent(EventTable.java:91)
	at org.eclipse.swt.widgets.Display.sendEvent(Display.java:4362)
	at org.eclipse.swt.widgets.Widget.sendEvent(Widget.java:1214)
	at org.eclipse.swt.widgets.Display.runDeferredEvents(Display.java:4160)
	at org.eclipse.swt.widgets.Display.readAndDispatch(Display.java:3748)
	at org.eclipse.e4.ui.internal.workbench.swt.PartRenderingEngine$5.run(PartRenderingEngine.java:1151)
	at org.eclipse.core.databinding.observable.Realm.runWithDefault(Realm.java:339)
	at org.eclipse.e4.ui.internal.workbench.swt.PartRenderingEngine.run(PartRenderingEngine.java:1042)
	at org.eclipse.e4.ui.internal.workbench.E4Workbench.createAndRunUI(E4Workbench.java:153)
	at org.eclipse.ui.internal.Workbench.lambda$3(Workbench.java:678)
	at org.eclipse.core.databinding.observable.Realm.runWithDefault(Realm.java:339)
	at org.eclipse.ui.internal.Workbench.createAndRunWorkbench(Workbench.java:583)
	at org.eclipse.ui.PlatformUI.createAndRunWorkbench(PlatformUI.java:173)
	at org.eclipse.ui.internal.ide.application.IDEApplication.start(IDEApplication.java:185)
	at org.eclipse.equinox.internal.app.EclipseAppHandle.run(EclipseAppHandle.java:219)
	at org.eclipse.equinox.internal.app.MainApplicationLauncher.run(MainApplicationLauncher.java:37)
	at org.eclipse.core.runtime.internal.adaptor.EclipseAppLauncher.runApplication(EclipseAppLauncher.java:149)
	at org.eclipse.core.runtime.internal.adaptor.EclipseAppLauncher.start(EclipseAppLauncher.java:115)
	at org.eclipse.core.runtime.adaptor.EclipseStarter.run(EclipseStarter.java:467)
	at org.eclipse.core.runtime.adaptor.EclipseStarter.run(EclipseStarter.java:298)
	at java.base/jdk.internal.reflect.DirectMethodHandleAccessor.invoke(DirectMethodHandleAccessor.java:103)
	at java.base/java.lang.reflect.Method.invoke(Method.java:580)
	at org.eclipse.equinox.launcher.Main.invokeFramework(Main.java:627)
	at org.eclipse.equinox.launcher.Main.basicRun(Main.java:575)
	at org.eclipse.equinox.launcher.Main.run(Main.java:1431)
2026-04-16 20:27:58,909 [main] ERROR o.e.m.j.i.l.MavenLaunchConfigurationListener - Launch configuration AdminLogin (1) references non-existing project Library.
org.eclipse.core.runtime.CoreException: Launch configuration AdminLogin (1) references non-existing project Library.
	at org.eclipse.jdt.launching.JavaRuntime.abort(JavaRuntime.java:1871)
	at org.eclipse.jdt.launching.JavaRuntime.getJavaProject(JavaRuntime.java:1748)
	at org.eclipse.m2e.jdt.internal.launch.MavenLaunchConfigurationListener.updateLaunchConfiguration(MavenLaunchConfigurationListener.java:66)
	at org.eclipse.m2e.jdt.internal.launch.MavenLaunchConfigurationListener.launchConfigurationChanged(MavenLaunchConfigurationListener.java:52)
	at org.eclipse.debug.internal.core.LaunchManager$ConfigurationNotifier.run(LaunchManager.java:220)
	at org.eclipse.core.runtime.SafeRunner.run(SafeRunner.java:47)
	at org.eclipse.debug.internal.core.LaunchManager$ConfigurationNotifier.notify(LaunchManager.java:204)
	at org.eclipse.debug.internal.core.LaunchConfigurationWorkingCopy.setDirty(LaunchConfigurationWorkingCopy.java:527)
	at org.eclipse.debug.internal.core.LaunchConfigurationWorkingCopy.setAttribute(LaunchConfigurationWorkingCopy.java:415)
	at org.eclipse.jdt.debug.ui.launchConfigurations.JavaMainTab.performApply(JavaMainTab.java:230)
	at org.eclipse.debug.internal.ui.launchConfigurations.LaunchConfigurationTabGroupViewer.refresh(LaunchConfigurationTabGroupViewer.java:528)
	at org.eclipse.debug.internal.ui.launchConfigurations.LaunchConfigurationsDialog.updateButtons(LaunchConfigurationsDialog.java:1639)
	at org.eclipse.debug.ui.AbstractLaunchConfigurationTab.updateLaunchConfigurationDialog(AbstractLaunchConfigurationTab.java:155)
	at org.eclipse.debug.ui.AbstractLaunchConfigurationTab$1.runInUIThread(AbstractLaunchConfigurationTab.java:513)
	at org.eclipse.ui.progress.UIJob.lambda$0(UIJob.java:148)
	at org.eclipse.swt.widgets.RunnableLock.run(RunnableLock.java:40)
	at org.eclipse.swt.widgets.Synchronizer.runAsyncMessages(Synchronizer.java:132)
	at org.eclipse.swt.widgets.Display.runAsyncMessages(Display.java:4135)
	at org.eclipse.swt.widgets.Display.readAndDispatch(Display.java:3751)
	at org.eclipse.jface.window.Window.runEventLoop(Window.java:823)
	at org.eclipse.jface.window.Window.open(Window.java:799)
	at org.eclipse.debug.internal.ui.launchConfigurations.LaunchConfigurationsDialog.open(LaunchConfigurationsDialog.java:1229)
	at org.eclipse.debug.ui.DebugUITools.lambda$1(DebugUITools.java:628)
	at org.eclipse.swt.custom.BusyIndicator.showWhile(BusyIndicator.java:67)
	at org.eclipse.debug.ui.DebugUITools.openLaunchConfigurationDialogOnGroup(DebugUITools.java:634)
	at org.eclipse.debug.ui.DebugUITools.openLaunchConfigurationDialogOnGroup(DebugUITools.java:572)
	at org.eclipse.debug.ui.actions.OpenLaunchDialogAction.run(OpenLaunchDialogAction.java:85)
	at org.eclipse.debug.ui.actions.OpenLaunchDialogAction.runWithEvent(OpenLaunchDialogAction.java:91)
	at org.eclipse.ui.internal.PluginAction.runWithEvent(PluginAction.java:229)
	at org.eclipse.ui.internal.WWinPluginAction.runWithEvent(WWinPluginAction.java:218)
	at org.eclipse.jface.action.ActionContributionItem.handleWidgetSelection(ActionContributionItem.java:581)
	at org.eclipse.jface.action.ActionContributionItem.lambda$4(ActionContributionItem.java:415)
	at org.eclipse.swt.widgets.EventTable.sendEvent(EventTable.java:91)
	at org.eclipse.swt.widgets.Display.sendEvent(Display.java:4362)
	at org.eclipse.swt.widgets.Widget.sendEvent(Widget.java:1214)
	at org.eclipse.swt.widgets.Display.runDeferredEvents(Display.java:4160)
	at org.eclipse.swt.widgets.Display.readAndDispatch(Display.java:3748)
	at org.eclipse.e4.ui.internal.workbench.swt.PartRenderingEngine$5.run(PartRenderingEngine.java:1151)
	at org.eclipse.core.databinding.observable.Realm.runWithDefault(Realm.java:339)
	at org.eclipse.e4.ui.internal.workbench.swt.PartRenderingEngine.run(PartRenderingEngine.java:1042)
	at org.eclipse.e4.ui.internal.workbench.E4Workbench.createAndRunUI(E4Workbench.java:153)
	at org.eclipse.ui.internal.Workbench.lambda$3(Workbench.java:678)
	at org.eclipse.core.databinding.observable.Realm.runWithDefault(Realm.java:339)
	at org.eclipse.ui.internal.Workbench.createAndRunWorkbench(Workbench.java:583)
	at org.eclipse.ui.PlatformUI.createAndRunWorkbench(PlatformUI.java:173)
	at org.eclipse.ui.internal.ide.application.IDEApplication.start(IDEApplication.java:185)
	at org.eclipse.equinox.internal.app.EclipseAppHandle.run(EclipseAppHandle.java:219)
	at org.eclipse.equinox.internal.app.MainApplicationLauncher.run(MainApplicationLauncher.java:37)
	at org.eclipse.core.runtime.internal.adaptor.EclipseAppLauncher.runApplication(EclipseAppLauncher.java:149)
	at org.eclipse.core.runtime.internal.adaptor.EclipseAppLauncher.start(EclipseAppLauncher.java:115)
	at org.eclipse.core.runtime.adaptor.EclipseStarter.run(EclipseStarter.java:467)
	at org.eclipse.core.runtime.adaptor.EclipseStarter.run(EclipseStarter.java:298)
	at java.base/jdk.internal.reflect.DirectMethodHandleAccessor.invoke(DirectMethodHandleAccessor.java:103)
	at java.base/java.lang.reflect.Method.invoke(Method.java:580)
	at org.eclipse.equinox.launcher.Main.invokeFramework(Main.java:627)
	at org.eclipse.equinox.launcher.Main.basicRun(Main.java:575)
	at org.eclipse.equinox.launcher.Main.run(Main.java:1431)
2026-04-16 20:27:58,912 [main] ERROR o.e.m.j.i.l.MavenLaunchConfigurationListener - Launch configuration AdminLogin (1) references non-existing project Library.
org.eclipse.core.runtime.CoreException: Launch configuration AdminLogin (1) references non-existing project Library.
	at org.eclipse.jdt.launching.JavaRuntime.abort(JavaRuntime.java:1871)
	at org.eclipse.jdt.launching.JavaRuntime.getJavaProject(JavaRuntime.java:1748)
	at org.eclipse.m2e.jdt.internal.launch.MavenLaunchConfigurationListener.updateLaunchConfiguration(MavenLaunchConfigurationListener.java:66)
	at org.eclipse.m2e.jdt.internal.launch.MavenLaunchConfigurationListener.launchConfigurationChanged(MavenLaunchConfigurationListener.java:52)
	at org.eclipse.debug.internal.core.LaunchManager$ConfigurationNotifier.run(LaunchManager.java:220)
	at org.eclipse.core.runtime.SafeRunner.run(SafeRunner.java:47)
	at org.eclipse.debug.internal.core.LaunchManager$ConfigurationNotifier.notify(LaunchManager.java:204)
	at org.eclipse.debug.internal.core.LaunchConfigurationWorkingCopy.setDirty(LaunchConfigurationWorkingCopy.java:527)
	at org.eclipse.debug.internal.core.LaunchConfigurationWorkingCopy.setAttribute(LaunchConfigurationWorkingCopy.java:415)
	at org.eclipse.jdt.debug.ui.launchConfigurations.JavaMainTab.performApply(JavaMainTab.java:238)
	at org.eclipse.debug.internal.ui.launchConfigurations.LaunchConfigurationTabGroupViewer.refresh(LaunchConfigurationTabGroupViewer.java:528)
	at org.eclipse.debug.internal.ui.launchConfigurations.LaunchConfigurationsDialog.updateButtons(LaunchConfigurationsDialog.java:1639)
	at org.eclipse.debug.ui.AbstractLaunchConfigurationTab.updateLaunchConfigurationDialog(AbstractLaunchConfigurationTab.java:155)
	at org.eclipse.debug.ui.AbstractLaunchConfigurationTab$1.runInUIThread(AbstractLaunchConfigurationTab.java:513)
	at org.eclipse.ui.progress.UIJob.lambda$0(UIJob.java:148)
	at org.eclipse.swt.widgets.RunnableLock.run(RunnableLock.java:40)
	at org.eclipse.swt.widgets.Synchronizer.runAsyncMessages(Synchronizer.java:132)
	at org.eclipse.swt.widgets.Display.runAsyncMessages(Display.java:4135)
	at org.eclipse.swt.widgets.Display.readAndDispatch(Display.java:3751)
	at org.eclipse.jface.window.Window.runEventLoop(Window.java:823)
	at org.eclipse.jface.window.Window.open(Window.java:799)
	at org.eclipse.debug.internal.ui.launchConfigurations.LaunchConfigurationsDialog.open(LaunchConfigurationsDialog.java:1229)
	at org.eclipse.debug.ui.DebugUITools.lambda$1(DebugUITools.java:628)
	at org.eclipse.swt.custom.BusyIndicator.showWhile(BusyIndicator.java:67)
	at org.eclipse.debug.ui.DebugUITools.openLaunchConfigurationDialogOnGroup(DebugUITools.java:634)
	at org.eclipse.debug.ui.DebugUITools.openLaunchConfigurationDialogOnGroup(DebugUITools.java:572)
	at org.eclipse.debug.ui.actions.OpenLaunchDialogAction.run(OpenLaunchDialogAction.java:85)
	at org.eclipse.debug.ui.actions.OpenLaunchDialogAction.runWithEvent(OpenLaunchDialogAction.java:91)
	at org.eclipse.ui.internal.PluginAction.runWithEvent(PluginAction.java:229)
	at org.eclipse.ui.internal.WWinPluginAction.runWithEvent(WWinPluginAction.java:218)
	at org.eclipse.jface.action.ActionContributionItem.handleWidgetSelection(ActionContributionItem.java:581)
	at org.eclipse.jface.action.ActionContributionItem.lambda$4(ActionContributionItem.java:415)
	at org.eclipse.swt.widgets.EventTable.sendEvent(EventTable.java:91)
	at org.eclipse.swt.widgets.Display.sendEvent(Display.java:4362)
	at org.eclipse.swt.widgets.Widget.sendEvent(Widget.java:1214)
	at org.eclipse.swt.widgets.Display.runDeferredEvents(Display.java:4160)
	at org.eclipse.swt.widgets.Display.readAndDispatch(Display.java:3748)
	at org.eclipse.e4.ui.internal.workbench.swt.PartRenderingEngine$5.run(PartRenderingEngine.java:1151)
	at org.eclipse.core.databinding.observable.Realm.runWithDefault(Realm.java:339)
	at org.eclipse.e4.ui.internal.workbench.swt.PartRenderingEngine.run(PartRenderingEngine.java:1042)
	at org.eclipse.e4.ui.internal.workbench.E4Workbench.createAndRunUI(E4Workbench.java:153)
	at org.eclipse.ui.internal.Workbench.lambda$3(Workbench.java:678)
	at org.eclipse.core.databinding.observable.Realm.runWithDefault(Realm.java:339)
	at org.eclipse.ui.internal.Workbench.createAndRunWorkbench(Workbench.java:583)
	at org.eclipse.ui.PlatformUI.createAndRunWorkbench(PlatformUI.java:173)
	at org.eclipse.ui.internal.ide.application.IDEApplication.start(IDEApplication.java:185)
	at org.eclipse.equinox.internal.app.EclipseAppHandle.run(EclipseAppHandle.java:219)
	at org.eclipse.equinox.internal.app.MainApplicationLauncher.run(MainApplicationLauncher.java:37)
	at org.eclipse.core.runtime.internal.adaptor.EclipseAppLauncher.runApplication(EclipseAppLauncher.java:149)
	at org.eclipse.core.runtime.internal.adaptor.EclipseAppLauncher.start(EclipseAppLauncher.java:115)
	at org.eclipse.core.runtime.adaptor.EclipseStarter.run(EclipseStarter.java:467)
	at org.eclipse.core.runtime.adaptor.EclipseStarter.run(EclipseStarter.java:298)
	at java.base/jdk.internal.reflect.DirectMethodHandleAccessor.invoke(DirectMethodHandleAccessor.java:103)
	at java.base/java.lang.reflect.Method.invoke(Method.java:580)
	at org.eclipse.equinox.launcher.Main.invokeFramework(Main.java:627)
	at org.eclipse.equinox.launcher.Main.basicRun(Main.java:575)
	at org.eclipse.equinox.launcher.Main.run(Main.java:1431)
2026-04-16 20:27:58,914 [main] ERROR o.e.m.j.i.l.MavenLaunchConfigurationListener - Launch configuration AdminLogin (1) references non-existing project Library.
org.eclipse.core.runtime.CoreException: Launch configuration AdminLogin (1) references non-existing project Library.
	at org.eclipse.jdt.launching.JavaRuntime.abort(JavaRuntime.java:1871)
	at org.eclipse.jdt.launching.JavaRuntime.getJavaProject(JavaRuntime.java:1748)
	at org.eclipse.m2e.jdt.internal.launch.MavenLaunchConfigurationListener.updateLaunchConfiguration(MavenLaunchConfigurationListener.java:66)
	at org.eclipse.m2e.jdt.internal.launch.MavenLaunchConfigurationListener.launchConfigurationChanged(MavenLaunchConfigurationListener.java:52)
	at org.eclipse.debug.internal.core.LaunchManager$ConfigurationNotifier.run(LaunchManager.java:220)
	at org.eclipse.core.runtime.SafeRunner.run(SafeRunner.java:47)
	at org.eclipse.debug.internal.core.LaunchManager$ConfigurationNotifier.notify(LaunchManager.java:204)
	at org.eclipse.debug.internal.core.LaunchConfigurationWorkingCopy.setDirty(LaunchConfigurationWorkingCopy.java:527)
	at org.eclipse.debug.internal.core.LaunchConfigurationWorkingCopy.setAttribute(LaunchConfigurationWorkingCopy.java:415)
	at org.eclipse.jdt.debug.ui.launchConfigurations.JavaMainTab.performApply(JavaMainTab.java:246)
	at org.eclipse.debug.internal.ui.launchConfigurations.LaunchConfigurationTabGroupViewer.refresh(LaunchConfigurationTabGroupViewer.java:528)
	at org.eclipse.debug.internal.ui.launchConfigurations.LaunchConfigurationsDialog.updateButtons(LaunchConfigurationsDialog.java:1639)
	at org.eclipse.debug.ui.AbstractLaunchConfigurationTab.updateLaunchConfigurationDialog(AbstractLaunchConfigurationTab.java:155)
	at org.eclipse.debug.ui.AbstractLaunchConfigurationTab$1.runInUIThread(AbstractLaunchConfigurationTab.java:513)
	at org.eclipse.ui.progress.UIJob.lambda$0(UIJob.java:148)
	at org.eclipse.swt.widgets.RunnableLock.run(RunnableLock.java:40)
	at org.eclipse.swt.widgets.Synchronizer.runAsyncMessages(Synchronizer.java:132)
	at org.eclipse.swt.widgets.Display.runAsyncMessages(Display.java:4135)
	at org.eclipse.swt.widgets.Display.readAndDispatch(Display.java:3751)
	at org.eclipse.jface.window.Window.runEventLoop(Window.java:823)
	at org.eclipse.jface.window.Window.open(Window.java:799)
	at org.eclipse.debug.internal.ui.launchConfigurations.LaunchConfigurationsDialog.open(LaunchConfigurationsDialog.java:1229)
	at org.eclipse.debug.ui.DebugUITools.lambda$1(DebugUITools.java:628)
	at org.eclipse.swt.custom.BusyIndicator.showWhile(BusyIndicator.java:67)
	at org.eclipse.debug.ui.DebugUITools.openLaunchConfigurationDialogOnGroup(DebugUITools.java:634)
	at org.eclipse.debug.ui.DebugUITools.openLaunchConfigurationDialogOnGroup(DebugUITools.java:572)
	at org.eclipse.debug.ui.actions.OpenLaunchDialogAction.run(OpenLaunchDialogAction.java:85)
	at org.eclipse.debug.ui.actions.OpenLaunchDialogAction.runWithEvent(OpenLaunchDialogAction.java:91)
	at org.eclipse.ui.internal.PluginAction.runWithEvent(PluginAction.java:229)
	at org.eclipse.ui.internal.WWinPluginAction.runWithEvent(WWinPluginAction.java:218)
	at org.eclipse.jface.action.ActionContributionItem.handleWidgetSelection(ActionContributionItem.java:581)
	at org.eclipse.jface.action.ActionContributionItem.lambda$4(ActionContributionItem.java:415)
	at org.eclipse.swt.widgets.EventTable.sendEvent(EventTable.java:91)
	at org.eclipse.swt.widgets.Display.sendEvent(Display.java:4362)
	at org.eclipse.swt.widgets.Widget.sendEvent(Widget.java:1214)
	at org.eclipse.swt.widgets.Display.runDeferredEvents(Display.java:4160)
	at org.eclipse.swt.widgets.Display.readAndDispatch(Display.java:3748)
	at org.eclipse.e4.ui.internal.workbench.swt.PartRenderingEngine$5.run(PartRenderingEngine.java:1151)
	at org.eclipse.core.databinding.observable.Realm.runWithDefault(Realm.java:339)
	at org.eclipse.e4.ui.internal.workbench.swt.PartRenderingEngine.run(PartRenderingEngine.java:1042)
	at org.eclipse.e4.ui.internal.workbench.E4Workbench.createAndRunUI(E4Workbench.java:153)
	at org.eclipse.ui.internal.Workbench.lambda$3(Workbench.java:678)
	at org.eclipse.core.databinding.observable.Realm.runWithDefault(Realm.java:339)
	at org.eclipse.ui.internal.Workbench.createAndRunWorkbench(Workbench.java:583)
	at org.eclipse.ui.PlatformUI.createAndRunWorkbench(PlatformUI.java:173)
	at org.eclipse.ui.internal.ide.application.IDEApplication.start(IDEApplication.java:185)
	at org.eclipse.equinox.internal.app.EclipseAppHandle.run(EclipseAppHandle.java:219)
	at org.eclipse.equinox.internal.app.MainApplicationLauncher.run(MainApplicationLauncher.java:37)
	at org.eclipse.core.runtime.internal.adaptor.EclipseAppLauncher.runApplication(EclipseAppLauncher.java:149)
	at org.eclipse.core.runtime.internal.adaptor.EclipseAppLauncher.start(EclipseAppLauncher.java:115)
	at org.eclipse.core.runtime.adaptor.EclipseStarter.run(EclipseStarter.java:467)
	at org.eclipse.core.runtime.adaptor.EclipseStarter.run(EclipseStarter.java:298)
	at java.base/jdk.internal.reflect.DirectMethodHandleAccessor.invoke(DirectMethodHandleAccessor.java:103)
	at java.base/java.lang.reflect.Method.invoke(Method.java:580)
	at org.eclipse.equinox.launcher.Main.invokeFramework(Main.java:627)
	at org.eclipse.equinox.launcher.Main.basicRun(Main.java:575)
	at org.eclipse.equinox.launcher.Main.run(Main.java:1431)
2026-04-16 20:27:58,916 [main] ERROR o.e.m.j.i.l.MavenLaunchConfigurationListener - Launch configuration AdminLogin (1) references non-existing project Library.
org.eclipse.core.runtime.CoreException: Launch configuration AdminLogin (1) references non-existing project Library.
	at org.eclipse.jdt.launching.JavaRuntime.abort(JavaRuntime.java:1871)
	at org.eclipse.jdt.launching.JavaRuntime.getJavaProject(JavaRuntime.java:1748)
	at org.eclipse.m2e.jdt.internal.launch.MavenLaunchConfigurationListener.updateLaunchConfiguration(MavenLaunchConfigurationListener.java:66)
	at org.eclipse.m2e.jdt.internal.launch.MavenLaunchConfigurationListener.launchConfigurationChanged(MavenLaunchConfigurationListener.java:52)
	at org.eclipse.debug.internal.core.LaunchManager$ConfigurationNotifier.run(LaunchManager.java:220)
	at org.eclipse.core.runtime.SafeRunner.run(SafeRunner.java:47)
	at org.eclipse.debug.internal.core.LaunchManager$ConfigurationNotifier.notify(LaunchManager.java:204)
	at org.eclipse.debug.internal.core.LaunchConfigurationWorkingCopy.setDirty(LaunchConfigurationWorkingCopy.java:527)
	at org.eclipse.debug.internal.core.LaunchConfigurationWorkingCopy.setAttribute(LaunchConfigurationWorkingCopy.java:415)
	at org.eclipse.jdt.debug.ui.launchConfigurations.JavaMainTab.performApply(JavaMainTab.java:254)
	at org.eclipse.debug.internal.ui.launchConfigurations.LaunchConfigurationTabGroupViewer.refresh(LaunchConfigurationTabGroupViewer.java:528)
	at org.eclipse.debug.internal.ui.launchConfigurations.LaunchConfigurationsDialog.updateButtons(LaunchConfigurationsDialog.java:1639)
	at org.eclipse.debug.ui.AbstractLaunchConfigurationTab.updateLaunchConfigurationDialog(AbstractLaunchConfigurationTab.java:155)
	at org.eclipse.debug.ui.AbstractLaunchConfigurationTab$1.runInUIThread(AbstractLaunchConfigurationTab.java:513)
	at org.eclipse.ui.progress.UIJob.lambda$0(UIJob.java:148)
	at org.eclipse.swt.widgets.RunnableLock.run(RunnableLock.java:40)
	at org.eclipse.swt.widgets.Synchronizer.runAsyncMessages(Synchronizer.java:132)
	at org.eclipse.swt.widgets.Display.runAsyncMessages(Display.java:4135)
	at org.eclipse.swt.widgets.Display.readAndDispatch(Display.java:3751)
	at org.eclipse.jface.window.Window.runEventLoop(Window.java:823)
	at org.eclipse.jface.window.Window.open(Window.java:799)
	at org.eclipse.debug.internal.ui.launchConfigurations.LaunchConfigurationsDialog.open(LaunchConfigurationsDialog.java:1229)
	at org.eclipse.debug.ui.DebugUITools.lambda$1(DebugUITools.java:628)
	at org.eclipse.swt.custom.BusyIndicator.showWhile(BusyIndicator.java:67)
	at org.eclipse.debug.ui.DebugUITools.openLaunchConfigurationDialogOnGroup(DebugUITools.java:634)
	at org.eclipse.debug.ui.DebugUITools.openLaunchConfigurationDialogOnGroup(DebugUITools.java:572)
	at org.eclipse.debug.ui.actions.OpenLaunchDialogAction.run(OpenLaunchDialogAction.java:85)
	at org.eclipse.debug.ui.actions.OpenLaunchDialogAction.runWithEvent(OpenLaunchDialogAction.java:91)
	at org.eclipse.ui.internal.PluginAction.runWithEvent(PluginAction.java:229)
	at org.eclipse.ui.internal.WWinPluginAction.runWithEvent(WWinPluginAction.java:218)
	at org.eclipse.jface.action.ActionContributionItem.handleWidgetSelection(ActionContributionItem.java:581)
	at org.eclipse.jface.action.ActionContributionItem.lambda$4(ActionContributionItem.java:415)
	at org.eclipse.swt.widgets.EventTable.sendEvent(EventTable.java:91)
	at org.eclipse.swt.widgets.Display.sendEvent(Display.java:4362)
	at org.eclipse.swt.widgets.Widget.sendEvent(Widget.java:1214)
	at org.eclipse.swt.widgets.Display.runDeferredEvents(Display.java:4160)
	at org.eclipse.swt.widgets.Display.readAndDispatch(Display.java:3748)
	at org.eclipse.e4.ui.internal.workbench.swt.PartRenderingEngine$5.run(PartRenderingEngine.java:1151)
	at org.eclipse.core.databinding.observable.Realm.runWithDefault(Realm.java:339)
	at org.eclipse.e4.ui.internal.workbench.swt.PartRenderingEngine.run(PartRenderingEngine.java:1042)
	at org.eclipse.e4.ui.internal.workbench.E4Workbench.createAndRunUI(E4Workbench.java:153)
	at org.eclipse.ui.internal.Workbench.lambda$3(Workbench.java:678)
	at org.eclipse.core.databinding.observable.Realm.runWithDefault(Realm.java:339)
	at org.eclipse.ui.internal.Workbench.createAndRunWorkbench(Workbench.java:583)
	at org.eclipse.ui.PlatformUI.createAndRunWorkbench(PlatformUI.java:173)
	at org.eclipse.ui.internal.ide.application.IDEApplication.start(IDEApplication.java:185)
	at org.eclipse.equinox.internal.app.EclipseAppHandle.run(EclipseAppHandle.java:219)
	at org.eclipse.equinox.internal.app.MainApplicationLauncher.run(MainApplicationLauncher.java:37)
	at org.eclipse.core.runtime.internal.adaptor.EclipseAppLauncher.runApplication(EclipseAppLauncher.java:149)
	at org.eclipse.core.runtime.internal.adaptor.EclipseAppLauncher.start(EclipseAppLauncher.java:115)
	at org.eclipse.core.runtime.adaptor.EclipseStarter.run(EclipseStarter.java:467)
	at org.eclipse.core.runtime.adaptor.EclipseStarter.run(EclipseStarter.java:298)
	at java.base/jdk.internal.reflect.DirectMethodHandleAccessor.invoke(DirectMethodHandleAccessor.java:103)
	at java.base/java.lang.reflect.Method.invoke(Method.java:580)
	at org.eclipse.equinox.launcher.Main.invokeFramework(Main.java:627)
	at org.eclipse.equinox.launcher.Main.basicRun(Main.java:575)
	at org.eclipse.equinox.launcher.Main.run(Main.java:1431)
2026-04-17 11:14:53,576 [Worker-7: Loading available Gradle versions] INFO  o.e.b.c.i.u.g.PublishedGradleVersions - Gradle version information cache is up-to-date. Trying to read.
2026-04-17 15:55:09,093 [Worker-3: Loading available Gradle versions] INFO  o.e.b.c.i.u.g.PublishedGradleVersions - Gradle version information cache is up-to-date. Trying to read.
2026-04-17 16:01:31,757 [Worker-3: Loading available Gradle versions] INFO  o.e.b.c.i.u.g.PublishedGradleVersions - Gradle version information cache is up-to-date. Trying to read.
2026-04-20 16:07:25,325 [Worker-6: Loading available Gradle versions] INFO  o.e.b.c.i.u.g.PublishedGradleVersions - Gradle version information cache is out-of-date. Trying to update.
2026-04-22 19:18:28,984 [Worker-6: Loading available Gradle versions] INFO  o.e.b.c.i.u.g.PublishedGradleVersions - Gradle version information cache is out-of-date. Trying to update.
2026-04-23 16:56:24,375 [Worker-6: Loading available Gradle versions] INFO  o.e.b.c.i.u.g.PublishedGradleVersions - Gradle version information cache is up-to-date. Trying to read.
2026-04-24 15:48:18,236 [Worker-2: Loading available Gradle versions] INFO  o.e.b.c.i.u.g.PublishedGradleVersions - Gradle version information cache is out-of-date. Trying to update.
2026-04-27 16:49:43,317 [Worker-1: Loading available Gradle versions] INFO  o.e.b.c.i.u.g.PublishedGradleVersions - Gradle version information cache is out-of-date. Trying to update.
2026-04-29 19:02:59,517 [Worker-1: Loading available Gradle versions] INFO  o.e.b.c.i.u.g.PublishedGradleVersions - Gradle version information cache is out-of-date. Trying to update.
2026-04-30 16:51:31,156 [Worker-8: Loading available Gradle versions] INFO  o.e.b.c.i.u.g.PublishedGradleVersions - Gradle version information cache is up-to-date. Trying to read.
2026-05-06 19:31:21,545 [Worker-6: Loading available Gradle versions] INFO  o.e.b.c.i.u.g.PublishedGradleVersions - Gradle version information cache is out-of-date. Trying to update.
2026-05-06 20:03:38,215 [Worker-7: Loading available Gradle versions] INFO  o.e.b.c.i.u.g.PublishedGradleVersions - Gradle version information cache is up-to-date. Trying to read.
2026-05-07 16:35:09,649 [Worker-2: Loading available Gradle versions] INFO  o.e.b.c.i.u.g.PublishedGradleVersions - Gradle version information cache is up-to-date. Trying to read.
2026-05-08 15:52:11,043 [Worker-3: Loading available Gradle versions] INFO  o.e.b.c.i.u.g.PublishedGradleVersions - Gradle version information cache is out-of-date. Trying to update.
2026-05-11 16:50:03,743 [Worker-7: Loading available Gradle versions] INFO  o.e.b.c.i.u.g.PublishedGradleVersions - Gradle version information cache is out-of-date. Trying to update.
2026-05-11 18:13:02,076 [Worker-3: Loading available Gradle versions] INFO  o.e.b.c.i.u.g.PublishedGradleVersions - Gradle version information cache is up-to-date. Trying to read.
2026-05-13 19:07:14,624 [Worker-3: Loading available Gradle versions] INFO  o.e.b.c.i.u.g.PublishedGradleVersions - Gradle version information cache is out-of-date. Trying to update.
2026-05-13 19:59:48,357 [Worker-3: Loading available Gradle versions] INFO  o.e.b.c.i.u.g.PublishedGradleVersions - Gradle version information cache is up-to-date. Trying to read.
2026-05-14 16:52:57,935 [Worker-6: Loading available Gradle versions] INFO  o.e.b.c.i.u.g.PublishedGradleVersions - Gradle version information cache is up-to-date. Trying to read.
2026-05-15 15:54:37,318 [Worker-1: Loading available Gradle versions] INFO  o.e.b.c.i.u.g.PublishedGradleVersions - Gradle version information cache is out-of-date. Trying to update.
2026-05-15 16:11:35,872 [Worker-3: Loading available Gradle versions] INFO  o.e.b.c.i.u.g.PublishedGradleVersions - Gradle version information cache is up-to-date. Trying to read.
2026-05-15 16:31:13,339 [Worker-2: Loading available Gradle versions] INFO  o.e.b.c.i.u.g.PublishedGradleVersions - Gradle version information cache is up-to-date. Trying to read.
2026-05-18 16:31:43,251 [Worker-1: Loading available Gradle versions] INFO  o.e.b.c.i.u.g.PublishedGradleVersions - Gradle version information cache is out-of-date. Trying to update.
2026-05-20 19:08:15,693 [Worker-6: Loading available Gradle versions] INFO  o.e.b.c.i.u.g.PublishedGradleVersions - Gradle version information cache is out-of-date. Trying to update.
2026-05-21 16:54:02,614 [Worker-6: Loading available Gradle versions] INFO  o.e.b.c.i.u.g.PublishedGradleVersions - Gradle version information cache is up-to-date. Trying to read.
2026-05-22 15:57:09,657 [Worker-3: Loading available Gradle versions] INFO  o.e.b.c.i.u.g.PublishedGradleVersions - Gradle version information cache is out-of-date. Trying to update.
2026-05-25 16:53:34,842 [Worker-7: Loading available Gradle versions] INFO  o.e.b.c.i.u.g.PublishedGradleVersions - Gradle version information cache is out-of-date. Trying to update.
2026-05-27 19:13:19,278 [Worker-1: Loading available Gradle versions] INFO  o.e.b.c.i.u.g.PublishedGradleVersions - Gradle version information cache is out-of-date. Trying to update.
2026-05-28 16:48:21,939 [Worker-1: Loading available Gradle versions] INFO  o.e.b.c.i.u.g.PublishedGradleVersions - Gradle version information cache is up-to-date. Trying to read.
2026-05-29 15:51:01,898 [Worker-3: Loading available Gradle versions] INFO  o.e.b.c.i.u.g.PublishedGradleVersions - Gradle version information cache is out-of-date. Trying to update.
2026-06-01 15:10:03,329 [Worker-6: Loading available Gradle versions] INFO  o.e.b.c.i.u.g.PublishedGradleVersions - Gradle version information cache is out-of-date. Trying to update.
2026-06-01 16:50:57,650 [Worker-3: Loading available Gradle versions] INFO  o.e.b.c.i.u.g.PublishedGradleVersions - Gradle version information cache is up-to-date. Trying to read.
2026-06-02 19:58:10,498 [Worker-6: Loading available Gradle versions] INFO  o.e.b.c.i.u.g.PublishedGradleVersions - Gradle version information cache is out-of-date. Trying to update.
2026-06-03 10:49:51,647 [Worker-4: Loading available Gradle versions] INFO  o.e.b.c.i.u.g.PublishedGradleVersions - Gradle version information cache is up-to-date. Trying to read.
2026-06-03 19:13:58,919 [Worker-1: Loading available Gradle versions] INFO  o.e.b.c.i.u.g.PublishedGradleVersions - Gradle version information cache is up-to-date. Trying to read.
2026-06-25 11:55:14,619 [Worker-6: Loading available Gradle versions] INFO  o.e.b.c.i.u.g.PublishedGradleVersions - Gradle version information cache is out-of-date. Trying to update.
2026-06-25 12:18:03,363 [main] ERROR o.e.m.j.u.i.DownloadSourcesActionDelegate - Could not schedule source download
Java Model Exception: Error in Java Model (code 1006): ProyectoConstruccion [in Practica_5] is not on its project's build path
	at org.eclipse.jdt.internal.core.JavaElement.newJavaModelException(JavaElement.java:558)
	at org.eclipse.jdt.internal.core.Openable.generateInfos(Openable.java:238)
	at org.eclipse.jdt.internal.core.JavaElement.openWhenClosed(JavaElement.java:571)
	at org.eclipse.jdt.internal.core.JavaElement.getElementInfo(JavaElement.java:294)
	at org.eclipse.jdt.internal.core.JavaElement.getElementInfo(JavaElement.java:280)
	at org.eclipse.jdt.internal.core.PackageFragmentRoot.getKind(PackageFragmentRoot.java:539)
	at org.eclipse.jdt.internal.core.PackageFragmentRoot.getSourceAttachmentPath(PackageFragmentRoot.java:662)
	at org.eclipse.m2e.jdt.ui.internal.DownloadSourcesActionDelegate.setActiveEditor(DownloadSourcesActionDelegate.java:50)
	at org.eclipse.ui.internal.EditorPluginAction.editorChanged(EditorPluginAction.java:69)
	at org.eclipse.ui.internal.EditorActionBuilder$EditorContribution.editorChanged(EditorActionBuilder.java:77)
	at org.eclipse.ui.internal.EditorActionBuilder$ExternalContributor.setActiveEditor(EditorActionBuilder.java:123)
	at org.eclipse.ui.internal.EditorActionBars.partChanged(EditorActionBars.java:338)
	at org.eclipse.ui.internal.WorkbenchPage.updateActivations(WorkbenchPage.java:325)
	at org.eclipse.ui.internal.WorkbenchPage$E4PartListener.partActivated(WorkbenchPage.java:214)
	at org.eclipse.e4.ui.internal.workbench.PartServiceImpl$2.run(PartServiceImpl.java:250)
	at org.eclipse.core.runtime.SafeRunner.run(SafeRunner.java:47)
	at org.eclipse.e4.ui.internal.workbench.PartServiceImpl.firePartActivated(PartServiceImpl.java:247)
	at org.eclipse.e4.ui.internal.workbench.PartServiceImpl.activate(PartServiceImpl.java:780)
	at org.eclipse.e4.ui.internal.workbench.PartServiceImpl.activate(PartServiceImpl.java:686)
	at org.eclipse.e4.ui.internal.workbench.PartServiceImpl.activate(PartServiceImpl.java:681)
	at org.eclipse.ui.internal.WorkbenchPage.busyOpenEditor(WorkbenchPage.java:3236)
	at org.eclipse.ui.internal.WorkbenchPage.lambda$11(WorkbenchPage.java:3118)
	at org.eclipse.swt.custom.BusyIndicator.showWhile(BusyIndicator.java:67)
	at org.eclipse.ui.internal.WorkbenchPage.openEditor(WorkbenchPage.java:3116)
	at org.eclipse.ui.internal.WorkbenchPage.openEditor(WorkbenchPage.java:3086)
	at org.eclipse.ui.internal.WorkbenchPage.openEditor(WorkbenchPage.java:3077)
	at org.eclipse.jdt.internal.ui.javaeditor.EditorUtility.openInEditor(EditorUtility.java:390)
	at org.eclipse.jdt.internal.ui.javaeditor.EditorUtility.openInSpecificEditor(EditorUtility.java:191)
	at org.eclipse.jdt.internal.ui.javaeditor.EditorUtility.openInEditor(EditorUtility.java:169)
	at org.eclipse.jdt.ui.actions.OpenAction.run(OpenAction.java:288)
	at org.eclipse.jdt.ui.actions.OpenAction.run(OpenAction.java:254)
	at org.eclipse.jdt.ui.actions.SelectionDispatchAction.dispatchRun(SelectionDispatchAction.java:274)
	at org.eclipse.jdt.ui.actions.SelectionDispatchAction.run(SelectionDispatchAction.java:252)
	at org.eclipse.jdt.internal.ui.packageview.PackageExplorerActionGroup.handleOpen(PackageExplorerActionGroup.java:366)
	at org.eclipse.jdt.internal.ui.packageview.PackageExplorerPart$3.open(PackageExplorerPart.java:545)
	at org.eclipse.ui.OpenAndLinkWithEditorHelper$InternalListener.open(OpenAndLinkWithEditorHelper.java:48)
	at org.eclipse.jface.viewers.StructuredViewer$2.run(StructuredViewer.java:798)
	at org.eclipse.core.runtime.SafeRunner.run(SafeRunner.java:47)
	at org.eclipse.jface.util.SafeRunnable.run(SafeRunnable.java:167)
	at org.eclipse.jface.viewers.StructuredViewer.fireOpen(StructuredViewer.java:795)
	at org.eclipse.jface.viewers.StructuredViewer.handleOpen(StructuredViewer.java:1109)
	at org.eclipse.jface.util.OpenStrategy.fireOpenEvent(OpenStrategy.java:295)
	at org.eclipse.jface.util.OpenStrategy$1.handleEvent(OpenStrategy.java:330)
	at org.eclipse.swt.widgets.EventTable.sendEvent(EventTable.java:91)
	at org.eclipse.swt.widgets.Display.sendEvent(Display.java:4362)
	at org.eclipse.swt.widgets.Widget.sendEvent(Widget.java:1214)
	at org.eclipse.swt.widgets.Display.runDeferredEvents(Display.java:4160)
	at org.eclipse.swt.widgets.Display.readAndDispatch(Display.java:3748)
	at org.eclipse.e4.ui.internal.workbench.swt.PartRenderingEngine$5.run(PartRenderingEngine.java:1151)
	at org.eclipse.core.databinding.observable.Realm.runWithDefault(Realm.java:339)
	at org.eclipse.e4.ui.internal.workbench.swt.PartRenderingEngine.run(PartRenderingEngine.java:1042)
	at org.eclipse.e4.ui.internal.workbench.E4Workbench.createAndRunUI(E4Workbench.java:153)
	at org.eclipse.ui.internal.Workbench.lambda$3(Workbench.java:678)
	at org.eclipse.core.databinding.observable.Realm.runWithDefault(Realm.java:339)
	at org.eclipse.ui.internal.Workbench.createAndRunWorkbench(Workbench.java:583)
	at org.eclipse.ui.PlatformUI.createAndRunWorkbench(PlatformUI.java:173)
	at org.eclipse.ui.internal.ide.application.IDEApplication.start(IDEApplication.java:185)
	at org.eclipse.equinox.internal.app.EclipseAppHandle.run(EclipseAppHandle.java:219)
	at org.eclipse.equinox.internal.app.MainApplicationLauncher.run(MainApplicationLauncher.java:37)
	at org.eclipse.core.runtime.internal.adaptor.EclipseAppLauncher.runApplication(EclipseAppLauncher.java:149)
	at org.eclipse.core.runtime.internal.adaptor.EclipseAppLauncher.start(EclipseAppLauncher.java:115)
	at org.eclipse.core.runtime.adaptor.EclipseStarter.run(EclipseStarter.java:467)
	at org.eclipse.core.runtime.adaptor.EclipseStarter.run(EclipseStarter.java:298)
	at java.base/jdk.internal.reflect.DirectMethodHandleAccessor.invoke(DirectMethodHandleAccessor.java:103)
	at java.base/java.lang.reflect.Method.invoke(Method.java:580)
	at org.eclipse.equinox.launcher.Main.invokeFramework(Main.java:627)
	at org.eclipse.equinox.launcher.Main.basicRun(Main.java:575)
	at org.eclipse.equinox.launcher.Main.run(Main.java:1431)
2026-07-01 15:23:43,214 [Worker-6: Loading available Gradle versions] INFO  o.e.b.c.i.u.g.PublishedGradleVersions - Gradle version information cache is out-of-date. Trying to update.
2026-07-16 17:22:29,775 [Worker-7: Loading available Gradle versions] INFO  o.e.b.c.i.u.g.PublishedGradleVersions - Gradle version information cache is out-of-date. Trying to update.
2026-09-09 15:53:53,099 [Worker-5: Loading available Gradle versions] INFO  o.e.b.c.i.u.g.PublishedGradleVersions - Gradle version information cache is out-of-date. Trying to update.
2026-09-19 14:23:35,540 [Worker-2: Loading available Gradle versions] INFO  o.e.b.c.i.u.g.PublishedGradleVersions - Gradle version information cache is out-of-date. Trying to update.
